"dataset","algorithm","accepted_move","pass","cache_id","move_type","added_video_id","removed_video_id","saved_latency_gain","cumulative_saved_latency","score_equivalent","elapsed_ms"
"me_at_the_zoo.in","greedy-ls","0","0","-1","initial","-1","-1","0","27077027","507906","0.000"
"me_at_the_zoo.in","ocag-ls","0","0","-1","initial","-1","-1","0","27077027","507906","0.000"
"me_at_the_zoo.in","baseline-ls","0","0","-1","initial","-1","-1","0","17624228","330592","0.000"
"me_at_the_zoo.in","baseline-ls","1","1","0","replacement","65","8","707842","18332070","343870","2.819"
"me_at_the_zoo.in","baseline-ls","2","1","1","replacement","13","8","1269105","19601175","367675","2.895"
"me_at_the_zoo.in","baseline-ls","3","1","2","replacement","82","0","180720","19781895","371065","2.957"
"me_at_the_zoo.in","baseline-ls","4","1","3","replacement","54","8","190026","19971921","374630","3.010"
"me_at_the_zoo.in","baseline-ls","5","1","4","replacement","7","8","737115","20709036","388457","3.096"
"me_at_the_zoo.in","baseline-ls","6","1","5","replacement","32","0","496111","21205147","397763","3.163"
"me_at_the_zoo.in","baseline-ls","7","1","6","replacement","21","8","264988","21470135","402733","3.219"
"me_at_the_zoo.in","baseline-ls","8","1","7","replacement","3","8","132157","21602292","405212","3.270"
"me_at_the_zoo.in","baseline-ls","9","1","8","replacement","3","8","399523","22001815","412706","3.339"
"me_at_the_zoo.in","baseline-ls","10","1","9","replacement","23","8","294370","22296185","418228","3.389"
"me_at_the_zoo.in","baseline-ls","11","2","0","replacement","15","0","539978","22836163","428357","3.436"
"me_at_the_zoo.in","baseline-ls","12","2","1","replacement","46","4","281010","23117173","433628","3.504"
"me_at_the_zoo.in","baseline-ls","13","2","3","replacement","27","0","98372","23215545","435473","3.611"
"me_at_the_zoo.in","baseline-ls","14","2","4","replacement","3","0","49710","23265255","436406","3.655"
"me_at_the_zoo.in","baseline-ls","15","2","5","replacement","27","1","20740","23285995","436795","3.716"
"me_at_the_zoo.in","baseline-ls","16","2","6","replacement","27","6","5440","23291435","436897","3.764"
"me_at_the_zoo.in","baseline-ls","17","2","7","insertion","74","-1","123900","23415335","439221","3.812"
"me_at_the_zoo.in","baseline-ls","18","2","8","replacement","34","0","330128","23745463","445413","3.865"
"me_at_the_zoo.in","baseline-ls","19","2","9","replacement","19","1","161412","23906875","448441","3.908"
"me_at_the_zoo.in","baseline-ls","20","3","0","replacement","82","1","10129","23917004","448631","3.960"
"me_at_the_zoo.in","baseline-ls","21","3","3","replacement","30","54","90855","24007859","450335","4.073"
"me_at_the_zoo.in","baseline-ls","22","3","7","replacement","24","0","87606","24095465","451979","4.232"
"me_at_the_zoo.in","greedy-ls-insertion","0","0","-1","initial","-1","-1","0","27077027","507906","0.000"
"me_at_the_zoo.in","greedy-ls-replacement","0","0","-1","initial","-1","-1","0","27077027","507906","0.000"
"videos_worth_spreading.in","greedy-ls","0","0","-1","initial","-1","-1","0","303960837763","608302","0.000"
"videos_worth_spreading.in","greedy-ls","1","1","1","replacement","355","176","494914","303961332677","608303","49.008"
"videos_worth_spreading.in","greedy-ls","2","1","2","replacement","5707","35","236167","303961568844","608304","51.969"
"videos_worth_spreading.in","greedy-ls","3","1","5","replacement","797","1173","52546","303961621390","608304","57.571"
"videos_worth_spreading.in","greedy-ls","4","1","6","replacement","954","18","13440608","303975061998","608331","58.916"
"videos_worth_spreading.in","greedy-ls","5","1","7","replacement","68","1","15742797","303990804795","608362","60.199"
"videos_worth_spreading.in","greedy-ls","6","1","8","replacement","301","268","116353","303990921148","608363","61.112"
"videos_worth_spreading.in","greedy-ls","7","1","11","replacement","5","41","13657979","304004579127","608390","65.612"
"videos_worth_spreading.in","greedy-ls","8","1","12","replacement","2757","1591","1215396","304005794523","608392","67.159"
"videos_worth_spreading.in","greedy-ls","9","1","15","replacement","182","68","17102966","304022897489","608427","70.419"
"videos_worth_spreading.in","greedy-ls","10","1","20","replacement","797","859","28098","304022925587","608427","79.108"
"videos_worth_spreading.in","greedy-ls","11","1","25","replacement","6534","8","1067844","304023993431","608429","88.909"
"videos_worth_spreading.in","greedy-ls","12","1","27","replacement","7","14","2987136","304026980567","608435","93.229"
"videos_worth_spreading.in","greedy-ls","13","1","28","replacement","524","19","2829548","304029810115","608440","94.271"
"videos_worth_spreading.in","greedy-ls","14","1","31","replacement","30","56","9556307","304039366422","608460","97.324"
"videos_worth_spreading.in","greedy-ls","15","1","32","replacement","6","13","15943691","304055310113","608491","98.525"
"videos_worth_spreading.in","greedy-ls","16","1","33","replacement","708","138","1592","304055311705","608491","100.075"
"videos_worth_spreading.in","greedy-ls","17","1","36","insertion","859","-1","92907","304055404612","608492","102.143"
"videos_worth_spreading.in","greedy-ls","18","1","37","replacement","4347","120","195712","304055600324","608492","103.202"
"videos_worth_spreading.in","greedy-ls","19","1","38","replacement","56","3359","2560860","304058161184","608497","103.636"
"videos_worth_spreading.in","greedy-ls","20","1","40","replacement","3915","308","511417","304058672601","608498","105.365"
"videos_worth_spreading.in","greedy-ls","21","1","41","replacement","109","1","17517018","304076189619","608533","106.354"
"videos_worth_spreading.in","greedy-ls","22","1","42","replacement","1387","4288","26565","304076216184","608533","107.471"
"videos_worth_spreading.in","greedy-ls","23","1","45","replacement","551","0","6198998","304082415182","608546","110.872"
"videos_worth_spreading.in","greedy-ls","24","1","46","replacement","2088","14","922291","304083337473","608548","112.701"
"videos_worth_spreading.in","greedy-ls","25","1","47","replacement","659","480","221047","304083558520","608548","114.900"
"videos_worth_spreading.in","greedy-ls","26","1","48","replacement","68","1","13603964","304097162484","608575","117.323"
"videos_worth_spreading.in","greedy-ls","27","1","50","replacement","155","2513","8762","304097171246","608575","121.118"
"videos_worth_spreading.in","greedy-ls","28","1","51","replacement","1224","198","17272","304097188518","608575","122.153"
"videos_worth_spreading.in","greedy-ls","29","1","54","replacement","306","1","22614849","304119803367","608621","124.469"
"videos_worth_spreading.in","greedy-ls","30","1","55","replacement","330","342","1696480","304121499847","608624","126.083"
"videos_worth_spreading.in","greedy-ls","31","1","56","replacement","485","1502","39778","304121539625","608624","127.133"
"videos_worth_spreading.in","greedy-ls","32","1","58","replacement","342","1768","335367","304121874992","608625","129.185"
"videos_worth_spreading.in","greedy-ls","33","1","61","replacement","410","121","870721","304122745713","608626","131.039"
"videos_worth_spreading.in","greedy-ls","34","1","63","replacement","709","2371","43080","304122788793","608627","132.827"
"videos_worth_spreading.in","greedy-ls","35","1","64","replacement","356","69","111890","304122900683","608627","133.718"
"videos_worth_spreading.in","greedy-ls","36","1","67","replacement","264","36","6517704","304129418387","608640","136.806"
"videos_worth_spreading.in","greedy-ls","37","1","68","replacement","725","155","100722","304129519109","608640","137.713"
"videos_worth_spreading.in","greedy-ls","38","1","69","replacement","762","44","16994","304129536103","608640","138.417"
"videos_worth_spreading.in","greedy-ls","39","1","73","replacement","2148","69","629997","304130166100","608641","141.626"
"videos_worth_spreading.in","greedy-ls","40","1","74","replacement","23","11","2392185","304132558285","608646","142.966"
"videos_worth_spreading.in","greedy-ls","41","1","75","replacement","5773","14","1314726","304133873011","608649","143.937"
"videos_worth_spreading.in","greedy-ls","42","1","77","replacement","1393","271","68590","304133941601","608649","145.742"
"videos_worth_spreading.in","greedy-ls","43","1","81","replacement","194","46","1140240","304135081841","608651","151.492"
"videos_worth_spreading.in","greedy-ls","44","1","82","replacement","355","126","18796","304135100637","608651","152.384"
"videos_worth_spreading.in","greedy-ls","45","1","83","replacement","725","155","59284","304135159921","608651","153.434"
"videos_worth_spreading.in","greedy-ls","46","1","84","replacement","53","1","25205908","304160365829","608702","154.293"
"videos_worth_spreading.in","greedy-ls","47","1","85","replacement","35","6135","2618889","304162984718","608707","154.998"
"videos_worth_spreading.in","greedy-ls","48","1","90","replacement","554","138","14756","304162999474","608707","160.678"
"videos_worth_spreading.in","greedy-ls","49","1","92","replacement","583","1583","171825","304163171299","608707","162.394"
"videos_worth_spreading.in","greedy-ls","50","1","93","replacement","2889","1951","104624","304163275923","608708","163.117"
"videos_worth_spreading.in","greedy-ls","51","1","96","replacement","256","2","11739331","304175015254","608731","166.584"
"videos_worth_spreading.in","greedy-ls","52","1","98","replacement","35","56","7317296","304182332550","608746","169.802"
"videos_worth_spreading.in","greedy-ls","53","1","99","replacement","1","39","9310600","304191643150","608764","172.250"
"videos_worth_spreading.in","greedy-ls","54","2","2","replacement","282","22","6547033","304198190183","608777","176.595"
"videos_worth_spreading.in","greedy-ls","55","2","3","replacement","2371","725","41236","304198231419","608778","177.590"
"videos_worth_spreading.in","greedy-ls","56","2","6","replacement","89","12","29837233","304228068652","608837","181.039"
"videos_worth_spreading.in","greedy-ls","57","2","7","replacement","459","2","2969373","304231038025","608843","182.993"
"videos_worth_spreading.in","greedy-ls","58","2","11","insertion","69","-1","1995240","304233033265","608847","192.788"
"videos_worth_spreading.in","greedy-ls","59","2","14","replacement","1768","4801","350886","304233384151","608848","195.913"
"videos_worth_spreading.in","greedy-ls","60","2","15","replacement","142","22","6420288","304239804439","608861","198.772"
"videos_worth_spreading.in","greedy-ls","61","2","22","replacement","117","30","1520313","304241324752","608864","212.403"
"videos_worth_spreading.in","greedy-ls","62","2","27","replacement","9","28","4360064","304245684816","608872","225.024"
"videos_worth_spreading.in","greedy-ls","63","2","28","replacement","197","621","800100","304246484916","608874","226.619"
"videos_worth_spreading.in","greedy-ls","64","2","31","replacement","1911","9","6104887","304252589803","608886","231.999"
"videos_worth_spreading.in","greedy-ls","65","2","32","replacement","4850","60","9179491","304261769294","608905","234.231"
"videos_worth_spreading.in","greedy-ls","66","2","37","replacement","2513","859","548974","304262318268","608906","243.072"
"videos_worth_spreading.in","greedy-ls","67","2","41","replacement","22","9678","6354919","304268673187","608918","248.122"
"videos_worth_spreading.in","greedy-ls","68","2","43","replacement","30","2171","689270","304269362457","608920","250.930"
"videos_worth_spreading.in","greedy-ls","69","2","45","replacement","119","5","9655385","304279017842","608939","255.219"
"videos_worth_spreading.in","greedy-ls","70","2","46","replacement","22","489","5811119","304284828961","608951","257.742"
"videos_worth_spreading.in","greedy-ls","71","2","48","replacement","703","990","359271","304285188232","608952","262.353"
"videos_worth_spreading.in","greedy-ls","72","2","50","replacement","199","69","605490","304285793722","608953","266.185"
"videos_worth_spreading.in","greedy-ls","73","2","54","replacement","76","0","19771977","304305565699","608992","272.609"
"videos_worth_spreading.in","greedy-ls","74","2","55","replacement","72","747","199212","304305764911","608993","275.336"
"videos_worth_spreading.in","greedy-ls","75","2","58","replacement","990","513","2159850","304307924761","608997","280.130"
"videos_worth_spreading.in","greedy-ls","76","2","61","replacement","9678","984","722534","304308647295","608998","282.380"
"videos_worth_spreading.in","greedy-ls","77","2","67","replacement","62","9","1706324","304310353619","609002","291.829"
"videos_worth_spreading.in","greedy-ls","78","2","69","replacement","14","599","581000","304310934619","609003","294.552"
"videos_worth_spreading.in","greedy-ls","79","2","73","replacement","6327","57","74795","304311009414","609003","298.460"
"videos_worth_spreading.in","greedy-ls","80","2","75","replacement","131","28","2781560","304313790974","609009","301.403"
"videos_worth_spreading.in","greedy-ls","81","2","81","replacement","224","63","532665","304314323639","609010","307.105"
"videos_worth_spreading.in","greedy-ls","82","2","84","replacement","321","145","13132805","304327456444","609036","310.139"
"videos_worth_spreading.in","greedy-ls","83","2","92","replacement","2433","356","104354","304327560798","609036","317.595"
"videos_worth_spreading.in","greedy-ls","84","2","96","replacement","3315","28","3656937","304331217735","609044","320.692"
"videos_worth_spreading.in","greedy-ls","85","2","98","replacement","193","355","420376","304331638111","609044","322.818"
"videos_worth_spreading.in","greedy-ls","86","2","99","replacement","23","454","5603989","304337242100","609056","324.084"
"videos_worth_spreading.in","greedy-ls","87","3","2","insertion","1502","-1","3878","304337245978","609056","327.310"
"videos_worth_spreading.in","greedy-ls","88","3","6","replacement","71","0","11359889","304348605867","609078","330.213"
"videos_worth_spreading.in","greedy-ls","89","3","7","replacement","9425","197","9869870","304358475737","609098","331.038"
"videos_worth_spreading.in","greedy-ls","90","3","11","insertion","303","-1","1132296","304359608033","609100","335.278"
"videos_worth_spreading.in","greedy-ls","91","3","14","replacement","28","482","1123638","304360731671","609103","337.877"
"videos_worth_spreading.in","greedy-ls","92","3","15","replacement","3198","1263","295581","304361027252","609103","339.385"
"videos_worth_spreading.in","greedy-ls","93","3","22","replacement","7508","1437","3394959","304364422211","609110","347.144"
"videos_worth_spreading.in","greedy-ls","94","3","24","replacement","1437","27","1673817","304366096028","609113","349.940"
"videos_worth_spreading.in","greedy-ls","95","3","27","replacement","377","5","1693187","304367789215","609117","353.347"
"videos_worth_spreading.in","greedy-ls","96","3","28","replacement","482","1583","619087","304368408302","609118","354.255"
"videos_worth_spreading.in","greedy-ls","97","3","30","replacement","489","756","5443","304368413745","609118","355.881"
"videos_worth_spreading.in","greedy-ls","98","3","31","replacement","21","273","3306228","304371719973","609125","357.198"
"videos_worth_spreading.in","greedy-ls","99","3","32","replacement","5","11","8624137","304380344110","609142","358.404"
"videos_worth_spreading.in","greedy-ls","100","3","34","replacement","621","2513","96102","304380440212","609142","361.086"
"videos_worth_spreading.in","greedy-ls","101","3","41","replacement","553","0","4746928","304385187140","609152","367.114"
"videos_worth_spreading.in","greedy-ls","102","3","45","replacement","63","355","1428348","304386615488","609155","371.608"
"videos_worth_spreading.in","greedy-ls","103","3","46","replacement","873","583","282258","304386897746","609155","372.665"
"videos_worth_spreading.in","greedy-ls","104","3","54","replacement","283","3","16252176","304403149922","609188","380.999"
"videos_worth_spreading.in","greedy-ls","105","3","55","replacement","8094","7293","438555","304403588477","609188","382.761"
"videos_worth_spreading.in","greedy-ls","106","3","58","insertion","665","-1","1382119","304404970596","609191","386.659"
"videos_worth_spreading.in","greedy-ls","107","3","61","replacement","184","468","437330","304405407926","609192","389.068"
"videos_worth_spreading.in","greedy-ls","108","3","67","replacement","404","554","462950","304405870876","609193","395.356"
"videos_worth_spreading.in","greedy-ls","109","3","69","replacement","148","850","28594","304405899470","609193","397.126"
"videos_worth_spreading.in","greedy-ls","110","3","75","replacement","355","120","240534","304406140004","609194","402.894"
"videos_worth_spreading.in","greedy-ls","111","3","77","replacement","273","8332","1366385","304407506389","609196","404.652"
"videos_worth_spreading.in","greedy-ls","112","3","81","insertion","155","-1","41735","304407548124","609196","408.886"
"videos_worth_spreading.in","greedy-ls","113","3","83","replacement","1679","404","116899","304407665023","609197","411.076"
"videos_worth_spreading.in","greedy-ls","114","3","84","replacement","5091","155","533787","304408198810","609198","412.346"
"videos_worth_spreading.in","greedy-ls","115","3","85","replacement","583","138","70620","304408269430","609198","413.176"
"videos_worth_spreading.in","greedy-ls","116","3","91","replacement","0","338","10339351","304418608781","609219","420.771"
"videos_worth_spreading.in","greedy-ls","117","3","99","replacement","184","485","1004220","304419613001","609221","429.375"
"videos_worth_spreading.in","ocag-ls","0","0","-1","initial","-1","-1","0","303974128336","608329","0.000"
"videos_worth_spreading.in","ocag-ls","1","1","0","replacement","4266","120","806600","303974934936","608331","42.638"
"videos_worth_spreading.in","ocag-ls","2","1","1","replacement","4291","176","60030","303974994966","608331","47.084"
"videos_worth_spreading.in","ocag-ls","3","1","2","replacement","716","35","1006537","303976001503","608333","50.621"
"videos_worth_spreading.in","ocag-ls","4","1","4","replacement","482","404","27483","303976028986","608333","52.070"
"videos_worth_spreading.in","ocag-ls","5","1","6","replacement","954","18","13440608","303989469594","608360","54.733"
"videos_worth_spreading.in","ocag-ls","6","1","7","replacement","68","1","15742797","304005212391","608391","56.022"
"videos_worth_spreading.in","ocag-ls","7","1","9","replacement","2721","574","214920","304005427311","608392","58.681"
"videos_worth_spreading.in","ocag-ls","8","1","11","replacement","5","41","13657979","304019085290","608419","61.981"
"videos_worth_spreading.in","ocag-ls","9","1","14","replacement","177","3070","455824","304019541114","608420","65.054"
"videos_worth_spreading.in","ocag-ls","10","1","15","replacement","182","68","17102966","304036644080","608454","66.899"
"videos_worth_spreading.in","ocag-ls","11","1","17","replacement","3274","547","478176","304037122256","608455","68.565"
"videos_worth_spreading.in","ocag-ls","12","1","21","replacement","4247","138","1260","304037123516","608455","78.766"
"videos_worth_spreading.in","ocag-ls","13","1","25","replacement","6534","8","1067844","304038191360","608457","109.430"
"videos_worth_spreading.in","ocag-ls","14","1","27","replacement","7","14","2987136","304041178496","608463","121.042"
"videos_worth_spreading.in","ocag-ls","15","1","28","replacement","524","19","2829548","304044008044","608469","124.883"
"videos_worth_spreading.in","ocag-ls","16","1","29","replacement","4088","3148","1382871","304045390915","608472","127.849"
"videos_worth_spreading.in","ocag-ls","17","1","30","replacement","1583","2076","348816","304045739731","608472","130.793"
"videos_worth_spreading.in","ocag-ls","18","1","31","replacement","30","56","9556307","304055296038","608491","137.162"
"videos_worth_spreading.in","ocag-ls","19","1","32","replacement","6","60","10868450","304066164488","608513","142.838"
"videos_worth_spreading.in","ocag-ls","20","1","33","replacement","178","55","520222","304066684710","608514","150.876"
"videos_worth_spreading.in","ocag-ls","21","1","36","replacement","797","859","24066","304066708776","608514","159.614"
"videos_worth_spreading.in","ocag-ls","22","1","37","replacement","919","252","590607","304067299383","608515","165.567"
"videos_worth_spreading.in","ocag-ls","23","1","38","replacement","56","3359","2560860","304069860243","608521","166.854"
"videos_worth_spreading.in","ocag-ls","24","1","40","replacement","3915","308","511417","304070371660","608522","174.318"
"videos_worth_spreading.in","ocag-ls","25","1","41","replacement","109","1","17517018","304087888678","608557","178.789"
"videos_worth_spreading.in","ocag-ls","26","1","42","replacement","356","4288","250516","304088139194","608557","185.010"
"videos_worth_spreading.in","ocag-ls","27","1","43","replacement","1931","7112","635941","304088775135","608558","187.150"
"videos_worth_spreading.in","ocag-ls","28","1","45","replacement","85","0","23814880","304112590015","608606","198.791"
"videos_worth_spreading.in","ocag-ls","29","1","46","replacement","1423","14","78723","304112668738","608606","203.696"
"videos_worth_spreading.in","ocag-ls","30","1","47","replacement","3887","1689","224568","304112893306","608607","209.670"
"videos_worth_spreading.in","ocag-ls","31","1","48","replacement","68","1","13603964","304126497270","608634","217.081"
"videos_worth_spreading.in","ocag-ls","32","1","49","replacement","478","839","932332","304127429602","608636","221.708"
"videos_worth_spreading.in","ocag-ls","33","1","50","replacement","120","919","428815","304127858417","608637","226.420"
"videos_worth_spreading.in","ocag-ls","34","1","51","replacement","1224","7694","76708","304127935125","608637","228.721"
"videos_worth_spreading.in","ocag-ls","35","1","54","replacement","306","1","22614849","304150549974","608682","238.967"
"videos_worth_spreading.in","ocag-ls","36","1","55","replacement","72","747","199212","304150749186","608682","248.338"
"videos_worth_spreading.in","ocag-ls","37","1","56","replacement","1936","1198","587718","304151336904","608684","253.621"
"videos_worth_spreading.in","ocag-ls","38","1","61","replacement","410","69","462006","304151798910","608685","256.560"
"videos_worth_spreading.in","ocag-ls","39","1","62","replacement","87","3429","497779","304152296689","608686","256.789"
"videos_worth_spreading.in","ocag-ls","40","1","66","replacement","3767","6656","53970","304152350659","608686","257.540"
"videos_worth_spreading.in","ocag-ls","41","1","67","replacement","63","9","779982","304153130641","608687","257.809"
"videos_worth_spreading.in","ocag-ls","42","1","70","replacement","404","176","12789","304153143430","608687","258.313"
"videos_worth_spreading.in","ocag-ls","43","1","72","replacement","1876","355","32191","304153175621","608687","258.741"
"videos_worth_spreading.in","ocag-ls","44","1","74","replacement","660","11","736939","304153912560","608689","259.211"
"videos_worth_spreading.in","ocag-ls","45","1","75","replacement","5773","14","1314726","304155227286","608691","259.426"
"videos_worth_spreading.in","ocag-ls","46","1","76","replacement","382","8635","2070370","304157297656","608696","259.729"
"videos_worth_spreading.in","ocag-ls","47","1","77","replacement","271","92","106856","304157404512","608696","259.856"
"videos_worth_spreading.in","ocag-ls","48","1","79","replacement","227","291","2505434","304159909946","608701","260.364"
"videos_worth_spreading.in","ocag-ls","49","1","81","replacement","316","63","426071","304160336017","608702","260.799"
"videos_worth_spreading.in","ocag-ls","50","1","82","replacement","134","1759","3406401","304163742418","608708","261.040"
"videos_worth_spreading.in","ocag-ls","51","1","84","replacement","53","1","25205908","304188948326","608759","261.488"
"videos_worth_spreading.in","ocag-ls","52","1","85","replacement","574","2017","1493316","304190441642","608762","261.645"
"videos_worth_spreading.in","ocag-ls","53","1","88","replacement","461","2674","1748678","304192190320","608765","262.230"
"videos_worth_spreading.in","ocag-ls","54","1","89","replacement","1020","1480","135486","304192325806","608766","262.437"
"videos_worth_spreading.in","ocag-ls","55","1","91","replacement","176","138","36504","304192362310","608766","262.833"
"videos_worth_spreading.in","ocag-ls","56","1","92","replacement","199","1583","420728","304192783038","608767","263.025"
"videos_worth_spreading.in","ocag-ls","57","1","93","replacement","725","1951","22508","304192805546","608767","263.213"
"videos_worth_spreading.in","ocag-ls","58","1","96","replacement","256","2","11739331","304204544877","608790","263.714"
"videos_worth_spreading.in","ocag-ls","59","1","97","replacement","102","5712","2438022","304206982899","608795","263.953"
"videos_worth_spreading.in","ocag-ls","60","1","98","replacement","35","56","7317296","304214300195","608810","264.154"
"videos_worth_spreading.in","ocag-ls","61","1","99","replacement","23","1648","3881930","304218182125","608817","264.406"
"videos_worth_spreading.in","ocag-ls","62","2","0","replacement","869","155","181602","304218363727","608818","264.575"
"videos_worth_spreading.in","ocag-ls","63","2","2","replacement","282","6","1536951","304219900678","608821","265.044"
"videos_worth_spreading.in","ocag-ls","64","2","6","replacement","89","0","22735720","304242636398","608866","268.680"
"videos_worth_spreading.in","ocag-ls","65","2","7","replacement","459","2","2969373","304245605771","608872","270.564"
"videos_worth_spreading.in","ocag-ls","66","2","11","replacement","425","13","4168005","304249773776","608881","274.848"
"videos_worth_spreading.in","ocag-ls","67","2","14","replacement","291","177","2478208","304252251984","608886","277.057"
"videos_worth_spreading.in","ocag-ls","68","2","15","insertion","131","-1","6121742","304258373726","608898","278.194"
"videos_worth_spreading.in","ocag-ls","69","2","17","replacement","3021","2072","467382","304258841108","608899","279.641"
"videos_worth_spreading.in","ocag-ls","70","2","19","replacement","1689","4317","915744","304259756852","608901","281.502"
"videos_worth_spreading.in","ocag-ls","71","2","22","replacement","277","30","3393012","304263149864","608907","285.539"
"videos_worth_spreading.in","ocag-ls","72","2","27","replacement","409","5","5358467","304268508331","608918","291.052"
"videos_worth_spreading.in","ocag-ls","73","2","28","replacement","197","621","800100","304269308431","608920","291.882"
"videos_worth_spreading.in","ocag-ls","74","2","29","insertion","1583","-1","91179","304269399610","608920","292.598"
"videos_worth_spreading.in","ocag-ls","75","2","31","replacement","776","316","6698133","304276097743","608933","294.453"
"videos_worth_spreading.in","ocag-ls","76","2","32","replacement","5","11","8462563","304284560306","608950","295.587"
"videos_worth_spreading.in","ocag-ls","77","2","33","replacement","316","8853","1308052","304285868358","608953","297.032"
"videos_worth_spreading.in","ocag-ls","78","2","36","replacement","181","89","2293972","304288162330","608957","299.221"
"videos_worth_spreading.in","ocag-ls","79","2","41","replacement","553","0","4746928","304292909258","608967","303.779"
"videos_worth_spreading.in","ocag-ls","80","2","43","replacement","30","631","166226","304293075484","608967","305.779"
"videos_worth_spreading.in","ocag-ls","81","2","45","replacement","119","5","2351935","304295427419","608972","308.468"
"videos_worth_spreading.in","ocag-ls","82","2","46","replacement","155","583","97605","304295525024","608972","309.520"
"videos_worth_spreading.in","ocag-ls","83","2","47","replacement","659","480","221047","304295746071","608973","310.743"
"videos_worth_spreading.in","ocag-ls","84","2","48","replacement","19","7","1258232","304297004303","608975","312.135"
"videos_worth_spreading.in","ocag-ls","85","2","49","insertion","6986","-1","331002","304297335305","608976","313.134"
"videos_worth_spreading.in","ocag-ls","86","2","50","replacement","184","69","544046","304297879351","608977","314.149"
"videos_worth_spreading.in","ocag-ls","87","2","51","replacement","155","138","71628","304297950979","608977","314.739"
"videos_worth_spreading.in","ocag-ls","88","2","54","replacement","76","0","19771977","304317722956","609017","318.908"
"videos_worth_spreading.in","ocag-ls","89","2","55","replacement","252","8147","784466","304318507422","609018","320.632"
"videos_worth_spreading.in","ocag-ls","90","2","56","replacement","485","1502","39778","304318547200","609018","323.067"
"videos_worth_spreading.in","ocag-ls","91","2","59","replacement","1480","2783","3469936","304322017136","609025","327.984"
"videos_worth_spreading.in","ocag-ls","92","2","61","replacement","797","468","97968","304322115104","609025","330.952"
"videos_worth_spreading.in","ocag-ls","93","2","62","replacement","7","2616","4162046","304326277150","609034","332.568"
"videos_worth_spreading.in","ocag-ls","94","2","67","insertion","404","-1","633170","304326910320","609035","340.722"
"videos_worth_spreading.in","ocag-ls","95","2","69","replacement","14","6543","540618","304327450938","609036","342.513"
"videos_worth_spreading.in","ocag-ls","96","2","70","replacement","8853","4676","333828","304327784766","609037","343.272"
"videos_worth_spreading.in","ocag-ls","97","2","74","replacement","280","9","695787","304328480553","609038","347.698"
"videos_worth_spreading.in","ocag-ls","98","2","75","replacement","9301","120","1694280","304330174833","609042","348.993"
"videos_worth_spreading.in","ocag-ls","99","2","76","replacement","957","3060","1601068","304331775901","609045","350.279"
"videos_worth_spreading.in","ocag-ls","100","2","81","replacement","914","2148","136931","304331912832","609045","356.120"
"videos_worth_spreading.in","ocag-ls","101","2","82","insertion","731","-1","363545","304332276377","609046","357.728"
"videos_worth_spreading.in","ocag-ls","102","2","83","replacement","69","199","77698","304332354075","609046","359.772"
"videos_worth_spreading.in","ocag-ls","103","2","84","replacement","321","145","13132805","304345486880","609072","361.513"
"videos_worth_spreading.in","ocag-ls","104","2","85","replacement","35","3180","2305896","304347792776","609077","362.930"
"videos_worth_spreading.in","ocag-ls","105","2","88","replacement","361","2739","1149536","304348942312","609079","368.036"
"videos_worth_spreading.in","ocag-ls","106","2","89","replacement","485","1495","47559","304348989871","609079","369.925"
"videos_worth_spreading.in","ocag-ls","107","2","91","replacement","0","338","10339351","304359329222","609100","372.801"
"videos_worth_spreading.in","ocag-ls","108","2","96","replacement","778","131","4629624","304363958846","609109","378.624"
"videos_worth_spreading.in","ocag-ls","109","2","97","replacement","140","1807","2430348","304366389194","609114","379.949"
"videos_worth_spreading.in","ocag-ls","110","2","98","replacement","175","2008","3148876","304369538070","609120","380.793"
"videos_worth_spreading.in","ocag-ls","111","2","99","replacement","10","68","8925580","304378463650","609138","382.010"
"videos_worth_spreading.in","ocag-ls","112","3","2","replacement","1260","716","4431684","304382895334","609147","385.001"
"videos_worth_spreading.in","ocag-ls","113","3","4","replacement","68","433","4873374","304387768708","609157","386.948"
"videos_worth_spreading.in","ocag-ls","114","3","6","replacement","71","12","18461402","304406230110","609194","388.982"
"videos_worth_spreading.in","ocag-ls","115","3","7","insertion","2768","-1","8902884","304415132994","609212","389.924"
"videos_worth_spreading.in","ocag-ls","116","3","11","replacement","69","709","745968","304415878962","609213","394.860"
"videos_worth_spreading.in","ocag-ls","117","3","14","insertion","1807","-1","6200436","304422079398","609225","397.212"
"videos_worth_spreading.in","ocag-ls","118","3","15","replacement","686","404","1404728","304423484126","609228","398.606"
"videos_worth_spreading.in","ocag-ls","119","3","17","replacement","2614","176","211788","304423695914","609229","400.162"
"videos_worth_spreading.in","ocag-ls","120","3","19","replacement","4090","3410","288372","304423984286","609229","402.035"
"videos_worth_spreading.in","ocag-ls","121","3","31","replacement","184","197","2087948","304426072234","609233","416.518"
"videos_worth_spreading.in","ocag-ls","122","3","32","replacement","15","21","2510413","304428582647","609238","417.704"
"videos_worth_spreading.in","ocag-ls","123","3","33","insertion","709","-1","762272","304429344919","609240","419.166"
"videos_worth_spreading.in","ocag-ls","124","3","36","replacement","2739","422","865492","304430210411","609242","421.390"
"videos_worth_spreading.in","ocag-ls","125","3","38","replacement","949","175","419401","304430629812","609243","423.075"
"videos_worth_spreading.in","ocag-ls","126","3","41","replacement","2258","121","3679807","304434309619","609250","425.931"
"videos_worth_spreading.in","ocag-ls","127","3","43","replacement","655","3199","807284","304435116903","609252","427.716"
"videos_worth_spreading.in","ocag-ls","128","3","45","replacement","199","355","307693","304435424596","609252","430.221"
"videos_worth_spreading.in","ocag-ls","129","3","47","replacement","1327","2768","2543043","304437967639","609257","432.652"
"videos_worth_spreading.in","ocag-ls","130","3","48","replacement","703","990","359271","304438326910","609258","434.296"
"videos_worth_spreading.in","ocag-ls","131","3","50","replacement","1173","2513","20538","304438347448","609258","436.405"
"videos_worth_spreading.in","ocag-ls","132","3","54","replacement","283","3","16252176","304454599624","609291","439.588"
"videos_worth_spreading.in","ocag-ls","133","3","55","replacement","731","6809","255549","304454855173","609291","441.744"
"videos_worth_spreading.in","ocag-ls","134","3","58","replacement","990","4885","4077150","304458932323","609299","445.076"
"videos_worth_spreading.in","ocag-ls","135","3","60","replacement","68","113","4477628","304463409951","609308","446.389"
"videos_worth_spreading.in","ocag-ls","136","3","62","insertion","176","-1","279500","304463689451","609309","448.079"
"videos_worth_spreading.in","ocag-ls","137","3","67","insertion","708","-1","99864","304463789315","609309","453.920"
"videos_worth_spreading.in","ocag-ls","138","3","69","replacement","850","6986","13978","304463803293","609309","456.167"
"videos_worth_spreading.in","ocag-ls","139","3","72","replacement","3410","1876","269430","304464072723","609310","457.706"
"videos_worth_spreading.in","ocag-ls","140","3","75","replacement","8761","69","430560","304464503283","609310","458.874"
"videos_worth_spreading.in","ocag-ls","141","3","76","replacement","511","15","852720","304465356003","609312","459.348"
"videos_worth_spreading.in","ocag-ls","142","3","83","replacement","859","1482","17564","304465373567","609312","461.838"
"videos_worth_spreading.in","ocag-ls","143","3","84","replacement","5091","155","533787","304465907354","609313","462.302"
"videos_worth_spreading.in","ocag-ls","144","3","85","replacement","3456","2144","475290","304466382644","609314","462.607"
"videos_worth_spreading.in","ocag-ls","145","3","88","replacement","120","4171","718704","304467101348","609316","466.440"
"videos_worth_spreading.in","ocag-ls","146","3","91","replacement","9","27","778918","304467880266","609317","467.679"
"videos_worth_spreading.in","ocag-ls","147","3","96","replacement","2614","155","18072","304467898338","609317","469.608"
"videos_worth_spreading.in","ocag-ls","148","3","97","replacement","404","2614","91692","304467990030","609317","470.090"
"videos_worth_spreading.in","ocag-ls","149","3","98","replacement","114","249","222434","304468212464","609318","470.395"
"videos_worth_spreading.in","ocag-ls","150","3","99","replacement","5","742","2620422","304470832886","609323","470.842"
"videos_worth_spreading.in","baseline-ls","0","0","-1","initial","-1","-1","0","232058293738","464407","0.000"
"videos_worth_spreading.in","baseline-ls","1","1","0","replacement","25","0","95095259","232153388997","464597","47.895"
"videos_worth_spreading.in","baseline-ls","2","1","1","replacement","25","10","136812160","232290201157","464871","54.652"
"videos_worth_spreading.in","baseline-ls","3","1","2","replacement","34","10","163765912","232453967069","465199","57.127"
"videos_worth_spreading.in","baseline-ls","4","1","3","replacement","31","0","90029989","232543997058","465379","57.958"
"videos_worth_spreading.in","baseline-ls","5","1","4","replacement","29","0","93558086","232637555144","465566","59.294"
"videos_worth_spreading.in","baseline-ls","6","1","5","replacement","29","10","182656113","232820211257","465932","61.199"
"videos_worth_spreading.in","baseline-ls","7","1","6","replacement","40","0","170219515","232990430772","466273","62.838"
"videos_worth_spreading.in","baseline-ls","8","1","7","replacement","47","10","159275166","233149705938","466591","65.105"
"videos_worth_spreading.in","baseline-ls","9","1","8","replacement","40","0","70724753","233220430691","466733","71.100"
"videos_worth_spreading.in","baseline-ls","10","1","9","replacement","25","10","85244913","233305675604","466903","73.135"
"videos_worth_spreading.in","baseline-ls","11","1","10","replacement","25","10","64720046","233370395650","467033","75.187"
"videos_worth_spreading.in","baseline-ls","12","1","11","replacement","55","26","158662717","233529058367","467351","77.405"
"videos_worth_spreading.in","baseline-ls","13","1","12","replacement","32","12","122777508","233651835875","467596","80.145"
"videos_worth_spreading.in","baseline-ls","14","1","13","replacement","49","1","49155738","233700991613","467695","80.852"
"videos_worth_spreading.in","baseline-ls","15","1","14","replacement","25","10","85540450","233786532063","467866","82.404"
"videos_worth_spreading.in","baseline-ls","16","1","15","replacement","25","10","157401721","233943933784","468181","84.992"
"videos_worth_spreading.in","baseline-ls","17","1","16","replacement","51","0","60355648","234004289432","468302","85.688"
"videos_worth_spreading.in","baseline-ls","18","1","17","replacement","36","26","62882390","234067171822","468427","86.931"
"videos_worth_spreading.in","baseline-ls","19","1","18","replacement","42","12","53670564","234120842386","468535","88.099"
"videos_worth_spreading.in","baseline-ls","20","1","19","replacement","32","0","49146464","234169988850","468633","88.910"
"videos_worth_spreading.in","baseline-ls","21","1","20","replacement","36","24","76871762","234246860612","468787","90.396"
"videos_worth_spreading.in","baseline-ls","22","1","21","replacement","34","10","104142078","234351002690","468995","92.582"
"videos_worth_spreading.in","baseline-ls","23","1","22","replacement","36","24","75152835","234426155525","469146","95.325"
"videos_worth_spreading.in","baseline-ls","24","1","23","replacement","42","0","112737835","234538893360","469371","96.337"
"videos_worth_spreading.in","baseline-ls","25","1","24","replacement","31","10","139145440","234678038800","469650","98.720"
"videos_worth_spreading.in","baseline-ls","26","1","25","replacement","50","0","23811465","234701850265","469698","99.414"
"videos_worth_spreading.in","baseline-ls","27","1","26","replacement","46","10","122315056","234824165321","469942","101.327"
"videos_worth_spreading.in","baseline-ls","28","1","27","replacement","34","10","113479604","234937644925","470169","103.153"
"videos_worth_spreading.in","baseline-ls","29","1","28","replacement","29","0","158893672","235096538597","470487","103.873"
"videos_worth_spreading.in","baseline-ls","30","1","29","replacement","36","0","95240411","235191779008","470678","104.558"
"videos_worth_spreading.in","baseline-ls","31","1","30","replacement","31","0","87911286","235279690294","470854","105.284"
"videos_worth_spreading.in","baseline-ls","32","1","31","replacement","36","26","113595354","235393285648","471081","107.263"
"videos_worth_spreading.in","baseline-ls","33","1","32","replacement","31","10","160040013","235553325661","471402","109.176"
"videos_worth_spreading.in","baseline-ls","34","1","33","replacement","34","10","60998172","235614323833","471524","110.739"
"videos_worth_spreading.in","baseline-ls","35","1","34","replacement","34","10","86566411","235700890244","471697","111.963"
"videos_worth_spreading.in","baseline-ls","36","1","35","replacement","25","0","32397708","235733287952","471762","112.381"
"videos_worth_spreading.in","baseline-ls","37","1","36","replacement","49","1","67009064","235800297016","471896","112.915"
"videos_worth_spreading.in","baseline-ls","38","1","37","replacement","41","22","107235714","235907532730","472110","115.035"
"videos_worth_spreading.in","baseline-ls","39","1","38","replacement","41","0","67055101","235974587831","472245","115.473"
"videos_worth_spreading.in","baseline-ls","40","1","39","replacement","34","10","63282191","236037870022","472371","116.490"
"videos_worth_spreading.in","baseline-ls","41","1","40","replacement","42","0","71039855","236108909877","472513","117.078"
"videos_worth_spreading.in","baseline-ls","42","1","41","replacement","52","26","94250567","236203160444","472702","118.577"
"videos_worth_spreading.in","baseline-ls","43","1","42","replacement","32","12","52263826","236255424270","472807","120.292"
"videos_worth_spreading.in","baseline-ls","44","1","43","replacement","54","0","95548576","236350972846","472998","120.833"
"videos_worth_spreading.in","baseline-ls","45","1","44","replacement","56","0","45483013","236396455859","473089","121.355"
"videos_worth_spreading.in","baseline-ls","46","1","45","replacement","32","10","157214895","236553670754","473404","123.322"
"videos_worth_spreading.in","baseline-ls","47","1","46","replacement","60","26","41290647","236594961401","473486","124.875"
"videos_worth_spreading.in","baseline-ls","48","1","47","replacement","25","10","112721814","236707683215","473712","126.459"
"videos_worth_spreading.in","baseline-ls","49","1","48","replacement","48","12","74135986","236781819201","473860","127.998"
"videos_worth_spreading.in","baseline-ls","50","1","49","replacement","29","10","65034126","236846853327","473990","129.284"
"videos_worth_spreading.in","baseline-ls","51","1","50","replacement","48","0","77110638","236923963965","474145","129.938"
"videos_worth_spreading.in","baseline-ls","52","1","51","replacement","117","44","1699768","236925663733","474148","130.584"
"videos_worth_spreading.in","baseline-ls","53","1","52","replacement","34","1","27712802","236953376535","474203","131.084"
"videos_worth_spreading.in","baseline-ls","54","1","53","replacement","70","45","100045868","237053422403","474404","132.641"
"videos_worth_spreading.in","baseline-ls","55","1","54","replacement","34","1","67559790","237120982193","474539","133.409"
"videos_worth_spreading.in","baseline-ls","56","1","55","replacement","55","45","78131940","237199114133","474695","135.228"
"videos_worth_spreading.in","baseline-ls","57","1","56","replacement","46","10","86064139","237285178272","474867","136.829"
"videos_worth_spreading.in","baseline-ls","58","1","57","replacement","53","12","115323688","237400501960","475098","138.543"
"videos_worth_spreading.in","baseline-ls","59","1","58","replacement","60","0","29902659","237430404619","475158","139.101"
"videos_worth_spreading.in","baseline-ls","60","1","59","replacement","52","0","25133472","237455538091","475208","139.452"
"videos_worth_spreading.in","baseline-ls","61","1","60","replacement","52","0","67113322","237522651413","475343","140.007"
"videos_worth_spreading.in","baseline-ls","62","1","61","replacement","54","0","83656590","237606308003","475510","140.570"
"videos_worth_spreading.in","baseline-ls","63","1","62","replacement","68","10","55259786","237661567789","475621","141.582"
"videos_worth_spreading.in","baseline-ls","64","1","63","replacement","50","10","60063384","237721631173","475741","142.874"
"videos_worth_spreading.in","baseline-ls","65","1","64","replacement","61","35","56620139","237778251312","475854","145.090"
"videos_worth_spreading.in","baseline-ls","66","1","65","replacement","36","0","89749880","237868001192","476034","146.200"
"videos_worth_spreading.in","baseline-ls","67","1","66","replacement","32","12","62326211","237930327403","476159","148.476"
"videos_worth_spreading.in","baseline-ls","68","1","67","replacement","31","3","106493055","238036820458","476372","152.541"
"videos_worth_spreading.in","baseline-ls","69","1","68","replacement","41","24","92666594","238129487052","476557","154.301"
"videos_worth_spreading.in","baseline-ls","70","1","69","replacement","25","0","3132740","238132619792","476563","154.759"
"videos_worth_spreading.in","baseline-ls","71","1","70","replacement","56","0","92293251","238224913043","476748","155.310"
"videos_worth_spreading.in","baseline-ls","72","1","71","replacement","29","10","67227266","238292140309","476883","156.433"
"videos_worth_spreading.in","baseline-ls","73","1","72","replacement","84","0","62503504","238354643813","477008","156.970"
"videos_worth_spreading.in","baseline-ls","74","1","73","replacement","29","0","35483904","238390127717","477079","157.485"
"videos_worth_spreading.in","baseline-ls","75","1","74","replacement","36","26","47615609","238437743326","477174","158.913"
"videos_worth_spreading.in","baseline-ls","76","1","75","replacement","49","10","72724310","238510467636","477320","160.405"
"videos_worth_spreading.in","baseline-ls","77","1","76","replacement","61","38","32323178","238542790814","477384","161.793"
"videos_worth_spreading.in","baseline-ls","78","1","77","replacement","76","0","9794291","238552585105","477404","162.305"
"videos_worth_spreading.in","baseline-ls","79","1","78","replacement","50","1","83397117","238635982222","477571","162.839"
"videos_worth_spreading.in","baseline-ls","80","1","79","replacement","50","0","86695641","238722677863","477744","163.408"
"videos_worth_spreading.in","baseline-ls","81","1","80","replacement","41","26","68925350","238791603213","477882","164.889"
"videos_worth_spreading.in","baseline-ls","82","1","81","replacement","83","18","104648482","238896251695","478092","166.450"
"videos_worth_spreading.in","baseline-ls","83","1","82","replacement","40","12","56761657","238953013352","478205","167.873"
"videos_worth_spreading.in","baseline-ls","84","1","83","replacement","50","10","92900066","239045913418","478391","169.423"
"videos_worth_spreading.in","baseline-ls","85","1","84","replacement","25","3","92596336","239138509754","478576","171.134"
"videos_worth_spreading.in","baseline-ls","86","1","85","replacement","29","0","43145523","239181655277","478663","171.592"
"videos_worth_spreading.in","baseline-ls","87","1","86","replacement","25","3","138485887","239320141164","478940","173.308"
"videos_worth_spreading.in","baseline-ls","88","1","87","replacement","34","1","74761047","239394902211","479090","173.833"
"videos_worth_spreading.in","baseline-ls","89","1","88","replacement","54","18","79494852","239474397063","479249","175.075"
"videos_worth_spreading.in","baseline-ls","90","1","89","replacement","71","0","74996937","239549394000","479399","175.734"
"videos_worth_spreading.in","baseline-ls","91","1","90","replacement","55","20","70431428","239619825428","479540","180.056"
"videos_worth_spreading.in","baseline-ls","92","1","91","replacement","41","24","39478330","239659303758","479619","180.850"
"videos_worth_spreading.in","baseline-ls","93","1","92","replacement","106","26","87340612","239746644370","479793","182.220"
"videos_worth_spreading.in","baseline-ls","94","1","93","replacement","71","0","51317571","239797961941","479896","182.792"
"videos_worth_spreading.in","baseline-ls","95","1","94","replacement","34","1","52863590","239850825531","480002","183.236"
"videos_worth_spreading.in","baseline-ls","96","1","95","replacement","129","0","52953844","239903779375","480108","183.793"
"videos_worth_spreading.in","baseline-ls","97","1","96","replacement","31","0","56714045","239960493420","480221","184.352"
"videos_worth_spreading.in","baseline-ls","98","1","97","replacement","92","45","50449713","240010943133","480322","186.027"
"videos_worth_spreading.in","baseline-ls","99","1","98","replacement","55","22","41594084","240052537217","480406","187.251"
"videos_worth_spreading.in","baseline-ls","100","1","99","replacement","32","12","89820302","240142357519","480585","188.896"
"videos_worth_spreading.in","baseline-ls","101","2","0","replacement","281","1","46141598","240188499117","480678","189.355"
"videos_worth_spreading.in","baseline-ls","102","2","1","replacement","41","20","79770718","240268269835","480837","190.445"
"videos_worth_spreading.in","baseline-ls","103","2","2","replacement","33","1","167313906","240435583741","481172","191.810"
"videos_worth_spreading.in","baseline-ls","104","2","3","replacement","25","1","69268695","240504852436","481311","192.192"
"videos_worth_spreading.in","baseline-ls","105","2","4","replacement","39","1","44435508","240549287944","481400","192.526"
"videos_worth_spreading.in","baseline-ls","106","2","5","replacement","97","45","105179621","240654467565","481610","193.443"
"videos_worth_spreading.in","baseline-ls","107","2","6","replacement","75","1","78556387","240733023952","481767","193.891"
"videos_worth_spreading.in","baseline-ls","108","2","7","replacement","39","1","109048896","240842072848","481986","195.316"
"videos_worth_spreading.in","baseline-ls","109","2","8","replacement","42","1","58153950","240900226798","482102","195.659"
"videos_worth_spreading.in","baseline-ls","110","2","9","replacement","33","3","75512678","240975739476","482253","197.092"
"videos_worth_spreading.in","baseline-ls","111","2","10","replacement","32","26","47156162","241022895638","482348","198.476"
"videos_worth_spreading.in","baseline-ls","112","2","11","replacement","51","22","120350736","241143246374","482588","199.644"
"videos_worth_spreading.in","baseline-ls","113","2","12","replacement","56","44","60378746","241203625120","482709","201.230"
"videos_worth_spreading.in","baseline-ls","114","2","13","replacement","33","10","53883969","241257509089","482817","201.594"
"videos_worth_spreading.in","baseline-ls","115","2","14","replacement","49","3","47478990","241304988079","482912","202.611"
"videos_worth_spreading.in","baseline-ls","116","2","15","replacement","51","24","89006752","241393994831","483090","204.198"
"videos_worth_spreading.in","baseline-ls","117","2","16","replacement","170","1","51633619","241445628450","483194","204.522"
"videos_worth_spreading.in","baseline-ls","118","2","17","replacement","60","24","47366398","241492994848","483288","205.464"
"videos_worth_spreading.in","baseline-ls","119","2","18","replacement","33","10","65865173","241558860021","483420","206.278"
"videos_worth_spreading.in","baseline-ls","120","2","19","replacement","82","1","28790928","241587650949","483478","206.630"
"videos_worth_spreading.in","baseline-ls","121","2","20","replacement","31","12","66793224","241654444173","483611","207.894"
"videos_worth_spreading.in","baseline-ls","122","2","21","replacement","55","45","65999201","241720443374","483744","209.545"
"videos_worth_spreading.in","baseline-ls","123","2","22","replacement","70","35","53119478","241773562852","483850","211.646"
"videos_worth_spreading.in","baseline-ls","124","2","23","replacement","46","3","96426143","241869988995","484043","212.050"
"videos_worth_spreading.in","baseline-ls","125","2","24","replacement","36","24","90321816","241960310811","484224","213.386"
"videos_worth_spreading.in","baseline-ls","126","2","25","replacement","40","1","22620582","241982931393","484269","213.738"
"videos_worth_spreading.in","baseline-ls","127","2","26","replacement","33","3","88701749","242071633142","484446","215.216"
"videos_worth_spreading.in","baseline-ls","128","2","27","replacement","53","26","78888791","242150521933","484604","216.751"
"videos_worth_spreading.in","baseline-ls","129","2","28","replacement","43","1","93724044","242244245977","484792","217.190"
"videos_worth_spreading.in","baseline-ls","130","2","29","replacement","40","1","71043679","242315289656","484934","217.869"
"videos_worth_spreading.in","baseline-ls","131","2","30","replacement","93","1","48617593","242363907249","485031","218.327"
"videos_worth_spreading.in","baseline-ls","132","2","31","replacement","105","10","97091271","242460998520","485226","220.034"
"videos_worth_spreading.in","baseline-ls","133","2","32","replacement","49","12","97446953","242558445473","485421","221.341"
"videos_worth_spreading.in","baseline-ls","134","2","33","replacement","73","45","41618519","242600063992","485504","222.703"
"videos_worth_spreading.in","baseline-ls","135","2","34","replacement","33","1","64719093","242664783085","485633","223.881"
"videos_worth_spreading.in","baseline-ls","136","2","35","replacement","97","1","27349952","242692133037","485688","224.245"
"videos_worth_spreading.in","baseline-ls","137","2","36","replacement","42","0","38878900","242731011937","485766","224.620"
"videos_worth_spreading.in","baseline-ls","138","2","37","replacement","32","26","94463058","242825474995","485955","226.133"
"videos_worth_spreading.in","baseline-ls","139","2","38","insertion","73","-1","58067144","242883542139","486071","226.454"
"videos_worth_spreading.in","baseline-ls","140","2","39","replacement","79","24","33195896","242916738035","486138","227.451"
"videos_worth_spreading.in","baseline-ls","141","2","40","replacement","33","1","57191596","242973929631","486252","227.816"
"videos_worth_spreading.in","baseline-ls","142","2","41","replacement","50","4","62905863","243036835494","486378","229.171"
"videos_worth_spreading.in","baseline-ls","143","2","42","replacement","331","107","34040963","243070876457","486446","230.433"
"videos_worth_spreading.in","baseline-ls","144","2","43","replacement","111","1","52370690","243123247147","486551","230.778"
"videos_worth_spreading.in","baseline-ls","145","2","44","insertion","41","-1","31698502","243154945649","486614","231.118"
"videos_worth_spreading.in","baseline-ls","146","2","45","replacement","67","24","114829246","243269774895","486844","232.562"
"videos_worth_spreading.in","baseline-ls","147","2","46","replacement","33","10","55599089","243325373984","486955","234.180"
"videos_worth_spreading.in","baseline-ls","148","2","47","replacement","54","38","61383113","243386757097","487078","235.629"
"videos_worth_spreading.in","baseline-ls","149","2","48","replacement","79","18","48579583","243435336680","487176","237.116"
"videos_worth_spreading.in","baseline-ls","150","2","49","replacement","49","26","59593781","243494930461","487295","238.058"
"videos_worth_spreading.in","baseline-ls","151","2","50","replacement","54","1","58092143","243553022604","487411","238.420"
"videos_worth_spreading.in","baseline-ls","152","2","51","replacement","41","38","1388618","243554411222","487414","239.010"
"videos_worth_spreading.in","baseline-ls","153","2","52","replacement","47","0","22983013","243577394235","487460","239.400"
"videos_worth_spreading.in","baseline-ls","154","2","53","replacement","48","26","82562578","243659956813","487625","240.889"
"videos_worth_spreading.in","baseline-ls","155","2","54","replacement","110","0","57716257","243717673070","487741","241.564"
"videos_worth_spreading.in","baseline-ls","156","2","55","replacement","80","22","63986066","243781659136","487869","243.373"
"videos_worth_spreading.in","baseline-ls","157","2","56","replacement","66","12","55458475","243837117611","487980","244.808"
"videos_worth_spreading.in","baseline-ls","158","2","57","replacement","43","10","92242705","243929360316","488164","246.391"
"videos_worth_spreading.in","baseline-ls","159","2","58","replacement","52","2","29331272","243958691588","488223","246.773"
"videos_worth_spreading.in","baseline-ls","160","2","59","replacement","39","1","32813144","243991504732","488289","247.085"
"videos_worth_spreading.in","baseline-ls","161","2","60","replacement","53","1","53062071","244044566803","488395","247.431"
"videos_worth_spreading.in","baseline-ls","162","2","61","replacement","60","1","56313260","244100880063","488507","247.792"
"videos_worth_spreading.in","baseline-ls","163","2","62","replacement","147","38","50370851","244151250914","488608","248.828"
"videos_worth_spreading.in","baseline-ls","164","2","63","replacement","42","17","48267955","244199518869","488705","249.843"
"videos_worth_spreading.in","baseline-ls","165","2","64","replacement","91","10","50473373","244249992242","488806","251.010"
"videos_worth_spreading.in","baseline-ls","166","2","65","replacement","47","1","69598280","244319590522","488945","251.370"
"videos_worth_spreading.in","baseline-ls","167","2","66","replacement","59","10","38069545","244357660067","489021","252.468"
"videos_worth_spreading.in","baseline-ls","168","2","67","replacement","71","12","79578614","244437238681","489181","254.359"
"videos_worth_spreading.in","baseline-ls","169","2","68","replacement","79","38","65438363","244502677044","489312","255.314"
"videos_worth_spreading.in","baseline-ls","170","2","69","replacement","68","1","2050752","244504727796","489316","255.732"
"videos_worth_spreading.in","baseline-ls","171","2","70","replacement","59","1","70015911","244574743707","489456","256.073"
"videos_worth_spreading.in","baseline-ls","172","2","71","replacement","68","12","64325738","244639069445","489584","256.940"
"videos_worth_spreading.in","baseline-ls","173","2","72","insertion","103","-1","52807796","244691877241","489690","257.280"
"videos_worth_spreading.in","baseline-ls","174","2","73","replacement","39","10","34936986","244726814227","489760","257.782"
"videos_worth_spreading.in","baseline-ls","175","2","74","replacement","76","12","37389670","244764203897","489835","259.166"
"videos_worth_spreading.in","baseline-ls","176","2","75","replacement","97","23","69891183","244834095080","489975","260.547"
"videos_worth_spreading.in","baseline-ls","177","2","76","replacement","112","58","26317252","244860412332","490027","261.702"
"videos_worth_spreading.in","baseline-ls","178","2","77","replacement","33","1","12048014","244872460346","490052","262.050"
"videos_worth_spreading.in","baseline-ls","179","2","78","replacement","83","2","57917534","244930377880","490167","262.599"
"videos_worth_spreading.in","baseline-ls","180","2","79","replacement","87","1","78274740","245008652620","490324","263.055"
"videos_worth_spreading.in","baseline-ls","181","2","80","replacement","42","45","52623551","245061276171","490429","264.162"
"videos_worth_spreading.in","baseline-ls","182","2","81","replacement","95","22","67145711","245128421882","490564","265.598"
"videos_worth_spreading.in","baseline-ls","183","2","82","replacement","67","10","50274235","245178696117","490664","266.874"
"videos_worth_spreading.in","baseline-ls","184","2","83","replacement","84","22","79483397","245258179514","490823","267.947"
"videos_worth_spreading.in","baseline-ls","185","2","84","replacement","29","12","77640920","245335820434","490979","269.467"
"videos_worth_spreading.in","baseline-ls","186","2","85","replacement","31","1","37146603","245372967037","491053","269.800"
"videos_worth_spreading.in","baseline-ls","187","2","86","replacement","100","10","115785630","245488752667","491285","271.406"
"videos_worth_spreading.in","baseline-ls","188","2","87","replacement","130","0","61162045","245549914712","491407","272.020"
"videos_worth_spreading.in","baseline-ls","189","2","88","replacement","90","20","52355406","245602270118","491512","273.116"
"videos_worth_spreading.in","baseline-ls","190","2","89","replacement","34","1","64407818","245666677936","491641","273.691"
"videos_worth_spreading.in","baseline-ls","191","2","90","replacement","34","10","51287497","245717965433","491744","275.391"
"videos_worth_spreading.in","baseline-ls","192","2","91","replacement","93","10","29073045","245747038478","491802","276.067"
"videos_worth_spreading.in","baseline-ls","193","2","92","replacement","71","3","65343504","245812381982","491933","277.371"
"videos_worth_spreading.in","baseline-ls","194","2","93","replacement","56","1","50479583","245862861565","492034","277.909"
"videos_worth_spreading.in","baseline-ls","195","2","94","replacement","33","10","54175532","245917037097","492142","278.502"
"videos_worth_spreading.in","baseline-ls","196","2","95","replacement","144","1","49052497","245966089594","492240","278.925"
"videos_worth_spreading.in","baseline-ls","197","2","96","replacement","108","1","46205369","246012294963","492333","279.467"
"videos_worth_spreading.in","baseline-ls","198","2","97","replacement","178","35","40233468","246052528431","492413","281.147"
"videos_worth_spreading.in","baseline-ls","199","2","98","replacement","52","13","34126488","246086654919","492481","282.399"
"videos_worth_spreading.in","baseline-ls","200","2","99","replacement","41","45","68221305","246154876224","492618","284.059"
"videos_worth_spreading.in","baseline-ls","201","3","0","replacement","32","3","42004362","246196880586","492702","284.549"
"videos_worth_spreading.in","baseline-ls","202","3","1","replacement","52","16","68631318","246265511904","492839","285.749"
"videos_worth_spreading.in","baseline-ls","203","3","2","replacement","48","12","74174509","246339686413","492988","287.217"
"videos_worth_spreading.in","baseline-ls","204","3","3","replacement","46","3","53005376","246392691789","493094","287.629"
"videos_worth_spreading.in","baseline-ls","205","3","4","replacement","257","3","38066130","246430757919","493170","288.094"
"videos_worth_spreading.in","baseline-ls","206","3","5","replacement","61","57","73288942","246504046861","493317","289.245"
"videos_worth_spreading.in","baseline-ls","207","3","6","replacement","43","3","76569219","246580616080","493470","289.893"
"videos_worth_spreading.in","baseline-ls","208","3","7","replacement","52","26","75705992","246656322072","493622","291.589"
"videos_worth_spreading.in","baseline-ls","209","3","8","replacement","50","2","37162946","246693485018","493696","291.993"
"videos_worth_spreading.in","baseline-ls","210","3","9","replacement","232","24","36288867","246729773885","493769","293.724"
"videos_worth_spreading.in","baseline-ls","211","3","10","replacement","86","45","34385657","246764159542","493837","295.247"
"videos_worth_spreading.in","baseline-ls","212","3","11","replacement","136","12","93746980","246857906522","494025","297.051"
"videos_worth_spreading.in","baseline-ls","213","3","12","replacement","88","38","48049902","246905956424","494121","298.863"
"videos_worth_spreading.in","baseline-ls","214","3","13","replacement","82","0","29634227","246935590651","494180","299.350"
"videos_worth_spreading.in","baseline-ls","215","3","14","replacement","56","13","44233300","246979823951","494269","300.483"
"videos_worth_spreading.in","baseline-ls","216","3","15","replacement","87","26","74821644","247054645595","494419","302.375"
"videos_worth_spreading.in","baseline-ls","217","3","16","insertion","110","-1","37310363","247091955958","494493","302.783"
"videos_worth_spreading.in","baseline-ls","218","3","17","replacement","87","45","35733276","247127689234","494565","303.694"
"videos_worth_spreading.in","baseline-ls","219","3","18","replacement","50","4","48268364","247175957598","494661","304.611"
"videos_worth_spreading.in","baseline-ls","220","3","19","replacement","91","2","28059531","247204017129","494718","305.067"
"videos_worth_spreading.in","baseline-ls","221","3","20","replacement","25","3","46380317","247250397446","494810","306.453"
"videos_worth_spreading.in","baseline-ls","222","3","21","replacement","29","26","67087841","247317485287","494945","308.224"
"videos_worth_spreading.in","baseline-ls","223","3","22","replacement","97","20","41400579","247358885866","495028","310.466"
"videos_worth_spreading.in","baseline-ls","224","3","23","replacement","67","4","52818481","247411704347","495133","310.947"
"videos_worth_spreading.in","baseline-ls","225","3","24","replacement","40","18","62515825","247474220172","495258","312.485"
"videos_worth_spreading.in","baseline-ls","226","3","25","replacement","64","3","19052841","247493273013","495296","312.877"
"videos_worth_spreading.in","baseline-ls","227","3","26","replacement","82","35","62310779","247555583792","495421","314.594"
"videos_worth_spreading.in","baseline-ls","228","3","27","replacement","112","38","64178633","247619762425","495550","316.322"
"videos_worth_spreading.in","baseline-ls","229","3","28","replacement","42","3","75203067","247694965492","495700","316.939"
"videos_worth_spreading.in","baseline-ls","230","3","29","replacement","31","2","66246411","247761211903","495833","317.361"
"videos_worth_spreading.in","baseline-ls","231","3","30","replacement","64","10","37433095","247798644998","495908","317.947"
"videos_worth_spreading.in","baseline-ls","232","3","31","replacement","60","22","82553489","247881198487","496073","319.653"
"videos_worth_spreading.in","baseline-ls","233","3","32","replacement","91","3","64308285","247945506772","496201","321.296"
"videos_worth_spreading.in","baseline-ls","234","3","33","replacement","46","3","37897272","247983404044","496277","322.744"
"videos_worth_spreading.in","baseline-ls","235","3","34","replacement","178","23","42338331","248025742375","496362","324.086"
"videos_worth_spreading.in","baseline-ls","236","3","35","insertion","61","-1","26416628","248052159003","496415","324.458"
"videos_worth_spreading.in","baseline-ls","237","3","36","replacement","48","2","37969068","248090128071","496491","324.883"
"videos_worth_spreading.in","baseline-ls","238","3","37","replacement","60","13","61992012","248152120083","496615","326.488"
"videos_worth_spreading.in","baseline-ls","239","3","38","replacement","125","1","41205405","248193325488","496697","326.964"
"videos_worth_spreading.in","baseline-ls","240","3","39","replacement","25","26","41568463","248234893951","496781","327.914"
"videos_worth_spreading.in","baseline-ls","241","3","40","replacement","53","3","43281317","248278175268","496867","328.378"
"videos_worth_spreading.in","baseline-ls","242","3","41","replacement","83","22","54177063","248332352331","496976","329.983"
"videos_worth_spreading.in","baseline-ls","243","3","42","replacement","29","10","33354230","248365706561","497042","331.359"
"videos_worth_spreading.in","baseline-ls","244","3","43","replacement","180","2","43244286","248408950847","497129","331.756"
"videos_worth_spreading.in","baseline-ls","245","3","44","replacement","46","1","24868585","248433819432","497179","332.263"
"videos_worth_spreading.in","baseline-ls","246","3","45","replacement","51","12","80907932","248514727364","497341","334.392"
"videos_worth_spreading.in","baseline-ls","247","3","46","replacement","88","35","34660533","248549387897","497410","335.634"
"videos_worth_spreading.in","baseline-ls","248","3","47","replacement","85","12","45185899","248594573796","497500","337.286"
"videos_worth_spreading.in","baseline-ls","249","3","48","replacement","71","4","43086370","248637660166","497587","338.733"
"videos_worth_spreading.in","baseline-ls","250","3","49","replacement","128","3","39444003","248677104169","497666","340.057"
"videos_worth_spreading.in","baseline-ls","251","3","50","replacement","76","2","43762357","248720866526","497753","340.475"
"videos_worth_spreading.in","baseline-ls","252","3","51","replacement","910","57","1321943","248722188469","497756","341.218"
"videos_worth_spreading.in","baseline-ls","253","3","52","replacement","60","3","22887439","248745075908","497802","341.723"
"videos_worth_spreading.in","baseline-ls","254","3","53","replacement","246","10","68890153","248813966061","497940","343.658"
"videos_worth_spreading.in","baseline-ls","255","3","54","replacement","39","2","63563112","248877529173","498067","344.496"
"videos_worth_spreading.in","baseline-ls","256","3","55","replacement","161","44","57888714","248935417887","498183","346.704"
"videos_worth_spreading.in","baseline-ls","257","3","56","replacement","112","20","48399631","248983817518","498279","348.429"
"videos_worth_spreading.in","baseline-ls","258","3","57","replacement","106","24","52903084","249036720602","498385","350.342"
"videos_worth_spreading.in","baseline-ls","259","3","58","replacement","89","4","28537192","249065257794","498442","351.066"
"videos_worth_spreading.in","baseline-ls","260","3","59","replacement","56","2","23329456","249088587250","498489","351.513"
"videos_worth_spreading.in","baseline-ls","261","3","60","replacement","39","3","41986515","249130573765","498573","351.948"
"videos_worth_spreading.in","baseline-ls","262","3","61","insertion","52","-1","49607173","249180180938","498672","352.583"
"videos_worth_spreading.in","baseline-ls","263","3","62","replacement","29","26","35347447","249215528385","498743","353.732"
"videos_worth_spreading.in","baseline-ls","264","3","63","replacement","98","26","33227760","249248756145","498810","355.011"
"videos_worth_spreading.in","baseline-ls","265","3","64","replacement","187","121","40893549","249289649694","498891","356.168"
"videos_worth_spreading.in","baseline-ls","266","3","65","replacement","59","3","59842643","249349492337","499011","356.614"
"videos_worth_spreading.in","baseline-ls","267","3","66","replacement","36","26","32253707","249381746044","499076","357.982"
"videos_worth_spreading.in","baseline-ls","268","3","67","replacement","118","13","62414704","249444160748","499201","360.170"
"videos_worth_spreading.in","baseline-ls","269","3","68","replacement","117","72","53117574","249497278322","499307","361.424"
"videos_worth_spreading.in","baseline-ls","270","3","69","replacement","32","3","2049319","249499327641","499311","361.953"
"videos_worth_spreading.in","baseline-ls","271","3","70","insertion","55","-1","54715059","249554042700","499421","362.368"
"videos_worth_spreading.in","baseline-ls","272","3","71","replacement","54","24","45758607","249599801307","499512","363.547"
"videos_worth_spreading.in","baseline-ls","273","3","72","replacement","110","1","49993989","249649795296","499612","363.975"
"videos_worth_spreading.in","baseline-ls","274","3","73","replacement","149","2","27054823","249676850119","499666","364.599"
"videos_worth_spreading.in","baseline-ls","275","3","74","replacement","82","45","31324524","249708174643","499729","366.130"
"videos_worth_spreading.in","baseline-ls","276","3","75","replacement","170","26","49486488","249757661131","499828","367.666"
"videos_worth_spreading.in","baseline-ls","277","3","76","replacement","157","57","21838830","249779499961","499872","369.090"
"videos_worth_spreading.in","baseline-ls","278","3","77","replacement","75","10","6893656","249786393617","499886","369.515"
"videos_worth_spreading.in","baseline-ls","279","3","78","replacement","70","5","57360420","249843754037","500000","370.433"
"videos_worth_spreading.in","baseline-ls","280","3","79","replacement","98","2","69888736","249913642773","500140","370.871"
"videos_worth_spreading.in","baseline-ls","281","3","80","replacement","50","12","48627695","249962270468","500238","372.430"
"videos_worth_spreading.in","baseline-ls","282","3","81","replacement","144","24","59993010","250022263478","500358","374.003"
"videos_worth_spreading.in","baseline-ls","283","3","82","replacement","61","35","44082768","250066346246","500446","375.224"
"videos_worth_spreading.in","baseline-ls","284","3","83","replacement","105","26","62430322","250128776568","500571","376.421"
"videos_worth_spreading.in","baseline-ls","285","3","84","replacement","53","24","54015038","250182791606","500679","378.059"
"videos_worth_spreading.in","baseline-ls","286","3","85","replacement","106","2","29390043","250212181649","500738","378.480"
"videos_worth_spreading.in","baseline-ls","287","3","86","replacement","60","22","85187297","250297368946","500908","379.962"
"videos_worth_spreading.in","baseline-ls","288","3","87","replacement","108","10","52564398","250349933344","501013","380.902"
"videos_worth_spreading.in","baseline-ls","289","3","88","replacement","161","44","48563126","250398496470","501111","382.173"
"videos_worth_spreading.in","baseline-ls","290","3","89","replacement","53","4","55860597","250454357067","501222","383.056"
"videos_worth_spreading.in","baseline-ls","291","3","90","replacement","51","12","42511634","250496868701","501307","384.604"
"videos_worth_spreading.in","baseline-ls","292","3","91","replacement","47","12","23646196","250520514897","501355","385.344"
"videos_worth_spreading.in","baseline-ls","293","3","92","replacement","169","1","57697064","250578211961","501470","386.586"
"videos_worth_spreading.in","baseline-ls","294","3","93","insertion","119","-1","39092169","250617304130","501548","387.001"
"videos_worth_spreading.in","baseline-ls","295","3","94","replacement","77","0","30725228","250648029358","501610","387.619"
"videos_worth_spreading.in","baseline-ls","296","3","95","replacement","392","2","37494973","250685524331","501685","388.042"
"videos_worth_spreading.in","baseline-ls","297","3","96","replacement","52","2","45174210","250730698541","501775","388.514"
"videos_worth_spreading.in","baseline-ls","298","3","97","replacement","86","24","34880163","250765578704","501845","390.233"
"videos_worth_spreading.in","baseline-ls","299","3","98","replacement","229","74","27806884","250793385588","501901","391.568"
"videos_worth_spreading.in","baseline-ls","300","3","99","replacement","96","30","57037156","250850422744","502015","393.271"
"videos_worth_spreading.in","greedy-ls-insertion","0","0","-1","initial","-1","-1","0","303960837763","608302","0.000"
"videos_worth_spreading.in","greedy-ls-replacement","0","0","-1","initial","-1","-1","0","303960837763","608302","0.000"
"videos_worth_spreading.in","greedy-ls-replacement","1","1","1","replacement","355","176","494914","303961332677","608303","51.593"
"videos_worth_spreading.in","greedy-ls-replacement","2","1","2","replacement","5707","35","236167","303961568844","608304","54.564"
"videos_worth_spreading.in","greedy-ls-replacement","3","1","5","replacement","797","1173","52546","303961621390","608304","57.244"
"videos_worth_spreading.in","greedy-ls-replacement","4","1","6","replacement","954","18","13440608","303975061998","608331","58.594"
"videos_worth_spreading.in","greedy-ls-replacement","5","1","7","replacement","68","1","15742797","303990804795","608362","59.961"
"videos_worth_spreading.in","greedy-ls-replacement","6","1","8","replacement","301","268","116353","303990921148","608363","60.898"
"videos_worth_spreading.in","greedy-ls-replacement","7","1","11","replacement","5","41","13657979","304004579127","608390","66.054"
"videos_worth_spreading.in","greedy-ls-replacement","8","1","12","replacement","2757","1591","1215396","304005794523","608392","67.712"
"videos_worth_spreading.in","greedy-ls-replacement","9","1","15","replacement","182","68","17102966","304022897489","608427","70.764"
"videos_worth_spreading.in","greedy-ls-replacement","10","1","20","replacement","797","859","28098","304022925587","608427","89.804"
"videos_worth_spreading.in","greedy-ls-replacement","11","1","25","replacement","6534","8","1067844","304023993431","608429","127.676"
"videos_worth_spreading.in","greedy-ls-replacement","12","1","27","replacement","7","14","2987136","304026980567","608435","138.928"
"videos_worth_spreading.in","greedy-ls-replacement","13","1","28","replacement","524","19","2829548","304029810115","608440","142.418"
"videos_worth_spreading.in","greedy-ls-replacement","14","1","31","replacement","30","56","9556307","304039366422","608460","154.516"
"videos_worth_spreading.in","greedy-ls-replacement","15","1","32","replacement","6","13","15943691","304055310113","608491","159.576"
"videos_worth_spreading.in","greedy-ls-replacement","16","1","33","replacement","708","138","1592","304055311705","608491","166.813"
"videos_worth_spreading.in","greedy-ls-replacement","17","1","36","replacement","5091","126","45241","304055356946","608492","175.477"
"videos_worth_spreading.in","greedy-ls-replacement","18","1","37","replacement","4347","120","195712","304055552658","608492","181.273"
"videos_worth_spreading.in","greedy-ls-replacement","19","1","38","replacement","56","3359","2560860","304058113518","608497","182.576"
"videos_worth_spreading.in","greedy-ls-replacement","20","1","40","replacement","3915","308","511417","304058624935","608498","190.117"
"videos_worth_spreading.in","greedy-ls-replacement","21","1","41","replacement","109","1","17517018","304076141953","608533","194.896"
"videos_worth_spreading.in","greedy-ls-replacement","22","1","42","replacement","1387","4288","26565","304076168518","608533","200.903"
"videos_worth_spreading.in","greedy-ls-replacement","23","1","45","replacement","551","0","6198998","304082367516","608546","218.534"
"videos_worth_spreading.in","greedy-ls-replacement","24","1","46","replacement","2088","14","922291","304083289807","608547","223.212"
"videos_worth_spreading.in","greedy-ls-replacement","25","1","47","replacement","659","480","221047","304083510854","608548","229.052"
"videos_worth_spreading.in","greedy-ls-replacement","26","1","48","replacement","68","1","13603964","304097114818","608575","235.526"
"videos_worth_spreading.in","greedy-ls-replacement","27","1","50","replacement","155","2513","8762","304097123580","608575","245.073"
"videos_worth_spreading.in","greedy-ls-replacement","28","1","51","replacement","1224","198","17272","304097140852","608575","246.906"
"videos_worth_spreading.in","greedy-ls-replacement","29","1","54","replacement","306","1","22614849","304119755701","608620","256.990"
"videos_worth_spreading.in","greedy-ls-replacement","30","1","55","replacement","330","342","1696480","304121452181","608624","265.592"
"videos_worth_spreading.in","greedy-ls-replacement","31","1","56","replacement","485","1502","39778","304121491959","608624","271.180"
"videos_worth_spreading.in","greedy-ls-replacement","32","1","58","replacement","342","1768","335367","304121827326","608625","281.482"
"videos_worth_spreading.in","greedy-ls-replacement","33","1","61","replacement","410","121","870721","304122698047","608626","293.627"
"videos_worth_spreading.in","greedy-ls-replacement","34","1","63","replacement","709","2371","43080","304122741127","608626","305.101"
"videos_worth_spreading.in","greedy-ls-replacement","35","1","64","replacement","356","69","111890","304122853017","608627","309.006"
"videos_worth_spreading.in","greedy-ls-replacement","36","1","67","replacement","264","36","6517704","304129370721","608640","330.868"
"videos_worth_spreading.in","greedy-ls-replacement","37","1","68","replacement","725","155","100722","304129471443","608640","335.319"
"videos_worth_spreading.in","greedy-ls-replacement","38","1","69","replacement","762","44","16994","304129488437","608640","338.283"
"videos_worth_spreading.in","greedy-ls-replacement","39","1","73","replacement","2148","69","629997","304130118434","608641","353.052"
"videos_worth_spreading.in","greedy-ls-replacement","40","1","74","replacement","23","11","2392185","304132510619","608646","358.953"
"videos_worth_spreading.in","greedy-ls-replacement","41","1","75","replacement","5773","14","1314726","304133825345","608649","362.759"
"videos_worth_spreading.in","greedy-ls-replacement","42","1","77","replacement","1393","271","68590","304133893935","608649","369.789"
"videos_worth_spreading.in","greedy-ls-replacement","43","1","81","replacement","194","46","1140240","304135034175","608651","387.882"
"videos_worth_spreading.in","greedy-ls-replacement","44","1","82","replacement","355","126","18796","304135052971","608651","392.094"
"videos_worth_spreading.in","greedy-ls-replacement","45","1","83","replacement","725","155","59284","304135112255","608651","396.011"
"videos_worth_spreading.in","greedy-ls-replacement","46","1","84","replacement","53","1","25205908","304160318163","608702","396.435"
"videos_worth_spreading.in","greedy-ls-replacement","47","1","85","replacement","35","6135","2618889","304162937052","608707","396.663"
"videos_worth_spreading.in","greedy-ls-replacement","48","1","90","replacement","554","138","14756","304162951808","608707","398.748"
"videos_worth_spreading.in","greedy-ls-replacement","49","1","92","replacement","583","1583","171825","304163123633","608707","399.351"
"videos_worth_spreading.in","greedy-ls-replacement","50","1","93","replacement","2889","1951","104624","304163228257","608707","399.645"
"videos_worth_spreading.in","greedy-ls-replacement","51","1","96","replacement","256","2","11739331","304174967588","608731","400.648"
"videos_worth_spreading.in","greedy-ls-replacement","52","1","98","replacement","35","56","7317296","304182284884","608746","401.414"
"videos_worth_spreading.in","greedy-ls-replacement","53","1","99","replacement","1","39","9310600","304191595484","608764","401.862"
"videos_worth_spreading.in","greedy-ls-replacement","54","2","2","replacement","282","22","6547033","304198142517","608777","408.509"
"videos_worth_spreading.in","greedy-ls-replacement","55","2","3","replacement","2371","725","41236","304198183753","608777","409.175"
"videos_worth_spreading.in","greedy-ls-replacement","56","2","6","replacement","89","12","29837233","304228020986","608837","411.343"
"videos_worth_spreading.in","greedy-ls-replacement","57","2","7","replacement","459","2","2969373","304230990359","608843","412.257"
"videos_worth_spreading.in","greedy-ls-replacement","58","2","11","replacement","229","6656","1650120","304232640479","608846","416.736"
"videos_worth_spreading.in","greedy-ls-replacement","59","2","14","replacement","1768","4801","350886","304232991365","608847","419.140"
"videos_worth_spreading.in","greedy-ls-replacement","60","2","15","replacement","142","22","6420288","304239411653","608860","420.338"
"videos_worth_spreading.in","greedy-ls-replacement","61","2","22","replacement","117","30","1520313","304240931966","608863","427.896"
"videos_worth_spreading.in","greedy-ls-replacement","62","2","27","replacement","9","28","4360064","304245292030","608872","433.451"
"videos_worth_spreading.in","greedy-ls-replacement","63","2","28","replacement","197","621","800100","304246092130","608873","434.265"
"videos_worth_spreading.in","greedy-ls-replacement","64","2","31","replacement","1911","9","6104887","304252197017","608886","437.294"
"videos_worth_spreading.in","greedy-ls-replacement","65","2","32","replacement","4850","60","9179491","304261376508","608904","438.406"
"videos_worth_spreading.in","greedy-ls-replacement","66","2","41","replacement","22","9678","6354919","304267731427","608917","447.090"
"videos_worth_spreading.in","greedy-ls-replacement","67","2","43","replacement","30","2171","689270","304268420697","608918","449.003"
"videos_worth_spreading.in","greedy-ls-replacement","68","2","45","replacement","119","5","9655385","304278076082","608937","451.177"
"videos_worth_spreading.in","greedy-ls-replacement","69","2","46","replacement","22","489","5811119","304283887201","608949","452.154"
"videos_worth_spreading.in","greedy-ls-replacement","70","2","48","replacement","703","990","359271","304284246472","608950","454.553"
"videos_worth_spreading.in","greedy-ls-replacement","71","2","50","replacement","199","69","605490","304284851962","608951","457.014"
"videos_worth_spreading.in","greedy-ls-replacement","72","2","54","replacement","76","0","19771977","304304623939","608990","459.973"
"videos_worth_spreading.in","greedy-ls-replacement","73","2","55","replacement","72","747","199212","304304823151","608991","461.550"
"videos_worth_spreading.in","greedy-ls-replacement","74","2","58","replacement","990","513","2159850","304306983001","608995","464.900"
"videos_worth_spreading.in","greedy-ls-replacement","75","2","61","replacement","9678","984","722534","304307705535","608997","466.864"
"videos_worth_spreading.in","greedy-ls-replacement","76","2","67","replacement","62","9","1706324","304309411859","609000","472.911"
"videos_worth_spreading.in","greedy-ls-replacement","77","2","69","replacement","14","599","581000","304309992859","609001","474.593"
"videos_worth_spreading.in","greedy-ls-replacement","78","2","73","replacement","6327","57","74795","304310067654","609001","478.110"
"videos_worth_spreading.in","greedy-ls-replacement","79","2","75","replacement","131","28","2781560","304312849214","609007","480.348"
"videos_worth_spreading.in","greedy-ls-replacement","80","2","81","replacement","224","63","532665","304313381879","609008","485.928"
"videos_worth_spreading.in","greedy-ls-replacement","81","2","84","replacement","321","145","13132805","304326514684","609034","489.079"
"videos_worth_spreading.in","greedy-ls-replacement","82","2","92","replacement","2433","356","104354","304326619038","609034","496.463"
"videos_worth_spreading.in","greedy-ls-replacement","83","2","96","replacement","3315","28","3656937","304330275975","609042","499.805"
"videos_worth_spreading.in","greedy-ls-replacement","84","2","98","replacement","193","355","420376","304330696351","609043","501.895"
"videos_worth_spreading.in","greedy-ls-replacement","85","2","99","replacement","23","454","5603989","304336300340","609054","503.197"
"videos_worth_spreading.in","greedy-ls-replacement","86","3","6","replacement","71","0","11359889","304347660229","609077","510.964"
"videos_worth_spreading.in","greedy-ls-replacement","87","3","7","replacement","9425","197","9869870","304357530099","609096","511.887"
"videos_worth_spreading.in","greedy-ls-replacement","88","3","11","replacement","303","709","162856","304357692955","609097","516.103"
"videos_worth_spreading.in","greedy-ls-replacement","89","3","14","replacement","28","482","1123638","304358816593","609099","518.730"
"videos_worth_spreading.in","greedy-ls-replacement","90","3","15","replacement","3198","1263","295581","304359112174","609099","520.335"
"videos_worth_spreading.in","greedy-ls-replacement","91","3","22","replacement","7508","1437","3394959","304362507133","609106","527.472"
"videos_worth_spreading.in","greedy-ls-replacement","92","3","24","replacement","1437","27","1673817","304364180950","609110","529.990"
"videos_worth_spreading.in","greedy-ls-replacement","93","3","27","replacement","377","5","1693187","304365874137","609113","532.940"
"videos_worth_spreading.in","greedy-ls-replacement","94","3","28","replacement","482","1583","619087","304366493224","609114","533.746"
"videos_worth_spreading.in","greedy-ls-replacement","95","3","30","replacement","489","756","5443","304366498667","609114","535.375"
"videos_worth_spreading.in","greedy-ls-replacement","96","3","31","replacement","21","273","3306228","304369804895","609121","536.598"
"videos_worth_spreading.in","greedy-ls-replacement","97","3","32","replacement","5","11","8624137","304378429032","609138","537.720"
"videos_worth_spreading.in","greedy-ls-replacement","98","3","41","replacement","553","0","4746928","304383175960","609148","546.250"
"videos_worth_spreading.in","greedy-ls-replacement","99","3","45","replacement","63","355","1428348","304384604308","609150","550.450"
"videos_worth_spreading.in","greedy-ls-replacement","100","3","46","replacement","873","583","282258","304384886566","609151","551.652"
"videos_worth_spreading.in","greedy-ls-replacement","101","3","54","replacement","283","3","16252176","304401138742","609184","559.793"
"videos_worth_spreading.in","greedy-ls-replacement","102","3","55","replacement","8094","7293","438555","304401577297","609184","562.118"
"videos_worth_spreading.in","greedy-ls-replacement","103","3","58","replacement","4885","1132","1282806","304402860103","609187","565.414"
"videos_worth_spreading.in","greedy-ls-replacement","104","3","61","replacement","184","468","437330","304403297433","609188","567.574"
"videos_worth_spreading.in","greedy-ls-replacement","105","3","67","replacement","404","554","462950","304403760383","609189","573.943"
"videos_worth_spreading.in","greedy-ls-replacement","106","3","69","replacement","148","850","28594","304403788977","609189","575.867"
"videos_worth_spreading.in","greedy-ls-replacement","107","3","75","replacement","355","120","240534","304404029511","609189","580.536"
"videos_worth_spreading.in","greedy-ls-replacement","108","3","77","replacement","273","8332","1366385","304405395896","609192","583.414"
"videos_worth_spreading.in","greedy-ls-replacement","109","3","80","replacement","709","404","598374","304405994270","609193","584.343"
"videos_worth_spreading.in","greedy-ls-replacement","110","3","83","replacement","1679","404","109591","304406103861","609194","585.317"
"videos_worth_spreading.in","greedy-ls-replacement","111","3","84","replacement","69","155","457777","304406561638","609194","585.720"
"videos_worth_spreading.in","greedy-ls-replacement","112","3","85","replacement","583","138","70620","304406632258","609195","585.962"
"videos_worth_spreading.in","greedy-ls-replacement","113","3","91","replacement","0","338","10339351","304416971609","609215","587.701"
"videos_worth_spreading.in","greedy-ls-replacement","114","3","99","replacement","184","485","1004220","304417975829","609217","589.970"
"trending_today.in","greedy-ls","0","0","-1","initial","-1","-1","0","250152644000","499794","0.000"
"trending_today.in","greedy-ls","1","1","16","replacement","2311","9280","1725500","250154369500","499797","306.055"
"trending_today.in","greedy-ls","2","1","17","replacement","9280","3467","2167500","250156537000","499802","307.031"
"trending_today.in","greedy-ls","3","1","24","replacement","4575","2098","987500","250157524500","499804","311.627"
"trending_today.in","greedy-ls","4","1","26","replacement","2098","3860","2330500","250159855000","499808","312.906"
"trending_today.in","greedy-ls","5","1","28","insertion","3467","-1","2843500","250162698500","499814","313.951"
"trending_today.in","greedy-ls","6","1","30","insertion","3860","-1","2750500","250165449000","499820","314.898"
"trending_today.in","greedy-ls","7","1","34","replacement","6212","8171","1267500","250166716500","499822","316.832"
"trending_today.in","greedy-ls","8","1","35","insertion","8171","-1","4569000","250171285500","499831","317.313"
"trending_today.in","greedy-ls","9","1","51","replacement","5745","1055","955000","250172240500","499833","324.661"
"trending_today.in","greedy-ls","10","1","53","insertion","1055","-1","3130000","250175370500","499839","325.583"
"trending_today.in","greedy-ls","11","1","57","replacement","1368","9828","381500","250175752000","499840","327.374"
"trending_today.in","greedy-ls","12","1","63","replacement","9828","4956","21000","250175773000","499840","330.802"
"trending_today.in","greedy-ls","13","1","64","insertion","4956","-1","5364500","250181137500","499851","331.324"
"trending_today.in","ocag-ls","0","0","-1","initial","-1","-1","0","250152644000","499794","0.000"
"trending_today.in","ocag-ls","1","1","16","replacement","2311","9280","1725500","250154369500","499797","297.246"
"trending_today.in","ocag-ls","2","1","17","replacement","9280","3467","2167500","250156537000","499802","298.241"
"trending_today.in","ocag-ls","3","1","24","replacement","4575","2098","987500","250157524500","499804","302.487"
"trending_today.in","ocag-ls","4","1","26","replacement","2098","3860","2330500","250159855000","499808","303.606"
"trending_today.in","ocag-ls","5","1","28","insertion","3467","-1","2843500","250162698500","499814","304.822"
"trending_today.in","ocag-ls","6","1","30","insertion","3860","-1","2750500","250165449000","499820","305.988"
"trending_today.in","ocag-ls","7","1","34","replacement","6212","8171","1267500","250166716500","499822","308.628"
"trending_today.in","ocag-ls","8","1","35","insertion","8171","-1","4569000","250171285500","499831","309.306"
"trending_today.in","ocag-ls","9","1","51","replacement","5745","1055","955000","250172240500","499833","318.464"
"trending_today.in","ocag-ls","10","1","53","insertion","1055","-1","3130000","250175370500","499839","319.523"
"trending_today.in","ocag-ls","11","1","57","replacement","1368","9828","381500","250175752000","499840","321.853"
"trending_today.in","ocag-ls","12","1","63","replacement","9828","4956","21000","250175773000","499840","325.353"
"trending_today.in","ocag-ls","13","1","64","insertion","4956","-1","5364500","250181137500","499851","326.091"
"trending_today.in","baseline-ls","0","0","-1","initial","-1","-1","0","12908897000","25791","0.000"
"trending_today.in","baseline-ls","1","1","0","replacement","1993","1670","54357500","12963254500","25900","232.381"
"trending_today.in","baseline-ls","2","1","1","replacement","9781","1670","51921500","13015176000","26003","250.833"
"trending_today.in","baseline-ls","3","1","2","replacement","6955","1670","51276000","13066452000","26106","450.836"
"trending_today.in","baseline-ls","4","1","3","replacement","2944","1670","50172500","13116624500","26206","532.658"
"trending_today.in","baseline-ls","5","1","4","replacement","2654","1670","50098500","13166723000","26306","544.706"
"trending_today.in","baseline-ls","6","1","5","replacement","8075","1670","50088000","13216811000","26406","555.105"
"trending_today.in","baseline-ls","7","1","6","replacement","5456","1670","49406500","13266217500","26505","567.754"
"trending_today.in","baseline-ls","8","1","7","replacement","8067","1670","49251000","13315468500","26603","577.793"
"trending_today.in","baseline-ls","9","1","8","replacement","2871","1670","48479000","13363947500","26700","587.632"
"trending_today.in","baseline-ls","10","1","9","replacement","522","1670","47871500","13411819000","26796","597.345"
"trending_today.in","baseline-ls","11","1","10","replacement","3399","1670","47840000","13459659000","26891","607.162"
"trending_today.in","baseline-ls","12","1","11","replacement","9837","1670","47764000","13507423000","26987","617.970"
"trending_today.in","baseline-ls","13","1","12","replacement","8433","1670","47701500","13555124500","27082","628.758"
"trending_today.in","baseline-ls","14","1","13","replacement","7352","1670","47604000","13602728500","27177","638.418"
"trending_today.in","baseline-ls","15","1","14","replacement","7925","1051","47582500","13650311000","27272","649.134"
"trending_today.in","baseline-ls","16","1","15","replacement","1351","56","47577000","13697888000","27367","659.443"
"trending_today.in","baseline-ls","17","1","16","replacement","6179","1670","47258000","13745146000","27462","668.889"
"trending_today.in","baseline-ls","18","1","17","replacement","5781","1051","47227500","13792373500","27556","678.328"
"trending_today.in","baseline-ls","19","1","18","replacement","1035","1670","47216500","13839590000","27650","688.469"
"trending_today.in","baseline-ls","20","1","19","replacement","8450","1670","46982500","13886572500","27744","698.192"
"trending_today.in","baseline-ls","21","1","20","replacement","3463","1670","46891500","13933464000","27838","708.678"
"trending_today.in","baseline-ls","22","1","21","replacement","6235","1670","46480000","13979944000","27931","718.099"
"trending_today.in","baseline-ls","23","1","22","replacement","626","1051","46375000","14026319000","28023","727.745"
"trending_today.in","baseline-ls","24","1","23","replacement","4257","1670","46373500","14072692500","28116","744.702"
"trending_today.in","baseline-ls","25","1","24","replacement","1099","1670","46320000","14119012500","28209","757.542"
"trending_today.in","baseline-ls","26","1","25","replacement","6477","1670","46296000","14165308500","28301","767.297"
"trending_today.in","baseline-ls","27","1","26","replacement","6075","1051","46218500","14211527000","28394","777.054"
"trending_today.in","baseline-ls","28","1","27","replacement","5883","1670","46159000","14257686000","28486","786.680"
"trending_today.in","baseline-ls","29","1","28","replacement","6317","1051","45787500","14303473500","28577","796.486"
"trending_today.in","baseline-ls","30","1","29","replacement","653","1670","45763500","14349237000","28669","805.938"
"trending_today.in","baseline-ls","31","1","30","replacement","8609","1670","45696000","14394933000","28760","816.143"
"trending_today.in","baseline-ls","32","1","31","replacement","4943","1051","45419000","14440352000","28851","828.542"
"trending_today.in","baseline-ls","33","1","32","replacement","3520","1051","45402000","14485754000","28941","847.191"
"trending_today.in","baseline-ls","34","1","33","replacement","8714","1051","45160500","14530914500","29032","857.355"
"trending_today.in","baseline-ls","35","1","34","replacement","9455","1670","44920000","14575834500","29121","867.795"
"trending_today.in","baseline-ls","36","1","35","replacement","8351","1670","44816500","14620651000","29211","877.610"
"trending_today.in","baseline-ls","37","1","36","replacement","2841","56","44798500","14665449500","29300","888.004"
"trending_today.in","baseline-ls","38","1","37","replacement","7953","1670","44735500","14710185000","29390","897.758"
"trending_today.in","baseline-ls","39","1","38","replacement","7035","1670","44657000","14754842000","29479","907.442"
"trending_today.in","baseline-ls","40","1","39","replacement","1106","1670","44636000","14799478000","29568","918.415"
"trending_today.in","baseline-ls","41","1","40","replacement","1427","1670","44383500","14843861500","29657","933.648"
"trending_today.in","baseline-ls","42","1","41","replacement","7592","56","44198500","14888060000","29745","945.491"
"trending_today.in","baseline-ls","43","1","42","replacement","8417","1670","44120000","14932180000","29833","955.273"
"trending_today.in","baseline-ls","44","1","43","replacement","88","1670","43920500","14976100500","29921","967.211"
"trending_today.in","baseline-ls","45","1","44","replacement","6836","56","43736000","15019836500","30009","976.793"
"trending_today.in","baseline-ls","46","1","45","replacement","6208","1670","43731500","15063568000","30096","986.317"
"trending_today.in","baseline-ls","47","1","46","replacement","3465","56","43710000","15107278000","30183","996.677"
"trending_today.in","baseline-ls","48","1","47","replacement","6242","56","43693500","15150971500","30271","1007.193"
"trending_today.in","baseline-ls","49","1","48","replacement","5597","56","43673500","15194645000","30358","1020.676"
"trending_today.in","baseline-ls","50","1","49","replacement","5725","1670","43634000","15238279000","30445","1033.988"
"trending_today.in","baseline-ls","51","1","50","replacement","9896","1670","43377000","15281656000","30532","1048.276"
"trending_today.in","baseline-ls","52","1","51","replacement","2722","1051","43259000","15324915000","30618","1064.387"
"trending_today.in","baseline-ls","53","1","52","replacement","5665","1670","43174000","15368089000","30704","1080.675"
"trending_today.in","baseline-ls","54","1","53","replacement","3667","1670","43132500","15411221500","30790","1097.854"
"trending_today.in","baseline-ls","55","1","54","replacement","5374","1051","43051500","15454273000","30876","1114.269"
"trending_today.in","baseline-ls","56","1","55","replacement","9600","1670","42983000","15497256000","30962","1127.916"
"trending_today.in","baseline-ls","57","1","56","replacement","6744","1670","42922500","15540178500","31048","1138.935"
"trending_today.in","baseline-ls","58","1","57","replacement","2785","1051","42757000","15582935500","31134","1149.522"
"trending_today.in","baseline-ls","59","1","58","replacement","8580","1670","42629000","15625564500","31219","1159.283"
"trending_today.in","baseline-ls","60","1","59","replacement","5398","736","42615500","15668180000","31304","1169.101"
"trending_today.in","baseline-ls","61","1","60","replacement","6288","1670","42596000","15710776000","31389","1178.895"
"trending_today.in","baseline-ls","62","1","61","replacement","6425","1670","42433000","15753209000","31474","1188.636"
"trending_today.in","baseline-ls","63","1","62","replacement","2406","56","42365500","15795574500","31558","1198.405"
"trending_today.in","baseline-ls","64","1","63","replacement","8844","1670","42355500","15837930000","31643","1208.112"
"trending_today.in","baseline-ls","65","1","64","replacement","3151","1670","42313500","15880243500","31728","1217.669"
"trending_today.in","baseline-ls","66","1","65","replacement","288","1670","42311500","15922555000","31812","1227.242"
"trending_today.in","baseline-ls","67","1","66","replacement","8931","1670","42276000","15964831000","31897","1236.728"
"trending_today.in","baseline-ls","68","1","67","replacement","1899","1670","42262000","16007093000","31981","1246.261"
"trending_today.in","baseline-ls","69","1","68","replacement","977","1670","42083000","16049176000","32065","1255.886"
"trending_today.in","baseline-ls","70","1","69","replacement","1593","1051","42065000","16091241000","32149","1265.195"
"trending_today.in","baseline-ls","71","1","70","replacement","4477","1670","42027000","16133268000","32233","1275.416"
"trending_today.in","baseline-ls","72","1","71","replacement","7104","1051","42003000","16175271000","32317","1284.857"
"trending_today.in","baseline-ls","73","1","72","replacement","5689","1670","41974000","16217245000","32401","1299.323"
"trending_today.in","baseline-ls","74","1","73","replacement","9078","1670","41932500","16259177500","32485","1313.336"
"trending_today.in","baseline-ls","75","1","74","replacement","8170","1051","41931500","16301109000","32568","1322.721"
"trending_today.in","baseline-ls","76","1","75","replacement","8037","56","41926500","16343035500","32652","1332.095"
"trending_today.in","baseline-ls","77","1","76","replacement","7463","1051","41915000","16384950500","32736","1341.128"
"trending_today.in","baseline-ls","78","1","77","replacement","9182","1051","41908000","16426858500","32820","1350.223"
"trending_today.in","baseline-ls","79","1","78","replacement","2160","56","41844000","16468702500","32903","1359.298"
"trending_today.in","baseline-ls","80","1","79","replacement","7174","56","41759500","16510462000","32987","1368.350"
"trending_today.in","baseline-ls","81","1","80","replacement","155","1670","41732000","16552194000","33070","1377.325"
"trending_today.in","baseline-ls","82","1","81","replacement","3182","56","41690500","16593884500","33153","1386.447"
"trending_today.in","baseline-ls","83","1","82","replacement","1537","1670","41661000","16635545500","33237","1395.578"
"trending_today.in","baseline-ls","84","1","83","replacement","3470","748","41630000","16677175500","33320","1404.530"
"trending_today.in","baseline-ls","85","1","84","replacement","4670","56","41613000","16718788500","33403","1413.540"
"trending_today.in","baseline-ls","86","1","85","replacement","2849","1670","41582000","16760370500","33486","1422.526"
"trending_today.in","baseline-ls","87","1","86","replacement","9966","1670","41556000","16801926500","33569","1434.900"
"trending_today.in","baseline-ls","88","1","87","replacement","728","1670","41493000","16843419500","33652","1445.569"
"trending_today.in","baseline-ls","89","1","88","replacement","6486","1051","41431500","16884851000","33735","1454.461"
"trending_today.in","baseline-ls","90","1","89","replacement","1100","56","41338000","16926189000","33817","1463.444"
"trending_today.in","baseline-ls","91","1","90","replacement","3573","56","41323000","16967512000","33900","1472.096"
"trending_today.in","baseline-ls","92","1","91","replacement","7299","1670","41282500","17008794500","33982","1480.839"
"trending_today.in","baseline-ls","93","1","92","replacement","5947","56","41220000","17050014500","34065","1489.819"
"trending_today.in","baseline-ls","94","1","93","replacement","3758","56","41083500","17091098000","34147","1498.642"
"trending_today.in","baseline-ls","95","1","94","replacement","1063","56","41076500","17132174500","34229","1507.408"
"trending_today.in","baseline-ls","96","1","95","replacement","2511","1051","41020000","17173194500","34311","1516.348"
"trending_today.in","baseline-ls","97","1","96","replacement","8912","1670","40948000","17214142500","34393","1525.288"
"trending_today.in","baseline-ls","98","1","97","replacement","2779","1670","40826000","17254968500","34474","1533.937"
"trending_today.in","baseline-ls","99","1","98","replacement","6015","1670","40757500","17295726000","34556","1542.688"
"trending_today.in","baseline-ls","100","1","99","replacement","123","1670","40754500","17336480500","34637","1551.440"
"trending_today.in","baseline-ls","101","2","0","replacement","7538","56","40713000","17377193500","34718","1561.275"
"trending_today.in","baseline-ls","102","2","1","replacement","824","1738","50167000","17427360500","34819","1571.309"
"trending_today.in","baseline-ls","103","2","2","replacement","7288","1051","40695000","17468055500","34900","1580.948"
"trending_today.in","baseline-ls","104","2","3","replacement","869","1738","40682000","17508737500","34981","1590.487"
"trending_today.in","baseline-ls","105","2","4","replacement","9607","56","40664000","17549401500","35062","1599.905"
"trending_today.in","baseline-ls","106","2","5","replacement","4517","1738","40583000","17589984500","35144","1609.628"
"trending_today.in","baseline-ls","107","2","6","replacement","158","1738","40612000","17630596500","35225","1618.485"
"trending_today.in","baseline-ls","108","2","7","replacement","6690","1051","40570500","17671167000","35306","1627.724"
"trending_today.in","baseline-ls","109","2","8","replacement","9364","1738","40514000","17711681000","35387","1637.734"
"trending_today.in","baseline-ls","110","2","9","replacement","1297","1738","40550000","17752231000","35468","1646.550"
"trending_today.in","baseline-ls","111","2","10","replacement","1456","1738","40497500","17792728500","35549","1656.564"
"trending_today.in","baseline-ls","112","2","11","replacement","7536","56","40428000","17833156500","35629","1665.481"
"trending_today.in","baseline-ls","113","2","12","replacement","6814","1738","40418000","17873574500","35710","1674.624"
"trending_today.in","baseline-ls","114","2","13","replacement","73","1051","40400500","17913975000","35791","1685.347"
"trending_today.in","baseline-ls","115","2","14","replacement","4147","1670","40376000","17954351000","35872","1695.137"
"trending_today.in","baseline-ls","116","2","15","replacement","8302","1051","40153000","17994504000","35952","1704.879"
"trending_today.in","baseline-ls","117","2","16","replacement","3152","1738","40354000","18034858000","36032","1714.416"
"trending_today.in","baseline-ls","118","2","17","replacement","886","1670","40291000","18075149000","36113","1723.982"
"trending_today.in","baseline-ls","119","2","18","replacement","5247","1051","40136500","18115285500","36193","1733.450"
"trending_today.in","baseline-ls","120","2","19","replacement","6852","1738","48560500","18163846000","36290","1742.122"
"trending_today.in","baseline-ls","121","2","20","replacement","708","1051","40120000","18203966000","36370","1751.379"
"trending_today.in","baseline-ls","122","2","21","replacement","5501","56","40038000","18244004000","36450","1761.957"
"trending_today.in","baseline-ls","123","2","22","replacement","2534","1670","40037000","18284041000","36530","1771.226"
"trending_today.in","baseline-ls","124","2","23","replacement","4398","1738","39993500","18324034500","36610","1781.057"
"trending_today.in","baseline-ls","125","2","24","replacement","1730","736","39906500","18363941000","36690","1790.564"
"trending_today.in","baseline-ls","126","2","25","replacement","3761","1738","39906000","18403847000","36770","1800.295"
"trending_today.in","baseline-ls","127","2","26","replacement","4879","1670","39838000","18443685000","36849","1809.995"
"trending_today.in","baseline-ls","128","2","27","replacement","2984","1738","39803000","18483488000","36929","1818.739"
"trending_today.in","baseline-ls","129","2","28","replacement","7686","56","39782500","18523270500","37008","1828.187"
"trending_today.in","baseline-ls","130","2","29","replacement","4177","1738","45651500","18568922000","37099","1837.244"
"trending_today.in","baseline-ls","131","2","30","replacement","3060","56","39741500","18608663500","37179","1846.896"
"trending_today.in","baseline-ls","132","2","31","replacement","566","1670","39715000","18648378500","37258","1856.655"
"trending_today.in","baseline-ls","133","2","32","replacement","1514","1670","39703500","18688082000","37338","1865.867"
"trending_today.in","baseline-ls","134","2","33","replacement","2125","1670","39671500","18727753500","37417","1879.675"
"trending_today.in","baseline-ls","135","2","34","replacement","4463","736","39668000","18767421500","37496","1890.960"
"trending_today.in","baseline-ls","136","2","35","replacement","1216","56","39626000","18807047500","37575","1900.046"
"trending_today.in","baseline-ls","137","2","36","replacement","5529","1670","39626000","18846673500","37654","1909.749"
"trending_today.in","baseline-ls","138","2","37","replacement","9191","1738","45390500","18892064000","37745","1921.579"
"trending_today.in","baseline-ls","139","2","38","replacement","8905","1738","42999000","18935063000","37831","1931.076"
"trending_today.in","baseline-ls","140","2","39","replacement","5793","736","39620000","18974683000","37910","1941.826"
"trending_today.in","baseline-ls","141","2","40","replacement","203","56","39583500","19014266500","37989","1952.604"
"trending_today.in","baseline-ls","142","2","41","replacement","1725","1670","39614000","19053880500","38068","1966.832"
"trending_today.in","baseline-ls","143","2","42","replacement","6843","1738","41943500","19095824000","38152","1976.704"
"trending_today.in","baseline-ls","144","2","43","replacement","6116","1738","39577000","19135401000","38231","1988.149"
"trending_today.in","baseline-ls","145","2","44","replacement","6265","1670","39576500","19174977500","38310","1998.797"
"trending_today.in","baseline-ls","146","2","45","replacement","9776","1738","39602000","19214579500","38389","2009.218"
"trending_today.in","baseline-ls","147","2","46","replacement","3642","1670","39535000","19254114500","38468","2019.697"
"trending_today.in","baseline-ls","148","2","47","replacement","1321","1670","39410000","19293524500","38547","2029.843"
"trending_today.in","baseline-ls","149","2","48","replacement","1683","1670","39403500","19332928000","38626","2039.802"
"trending_today.in","baseline-ls","150","2","49","replacement","9571","1738","39249000","19372177000","38704","2050.283"
"trending_today.in","baseline-ls","151","2","50","replacement","1700","1738","39274500","19411451500","38783","2060.351"
"trending_today.in","baseline-ls","152","2","51","replacement","9428","1670","39195500","19450647000","38861","2071.215"
"trending_today.in","baseline-ls","153","2","52","replacement","4212","56","39112500","19489759500","38939","2081.138"
"trending_today.in","baseline-ls","154","2","53","replacement","6773","1738","39176000","19528935500","39017","2092.506"
"trending_today.in","baseline-ls","155","2","54","replacement","3293","1670","39078000","19568013500","39096","2108.788"
"trending_today.in","baseline-ls","156","2","55","replacement","2561","1738","39092500","19607106000","39174","2118.247"
"trending_today.in","baseline-ls","157","2","56","replacement","4224","1738","39140500","19646246500","39252","2127.665"
"trending_today.in","baseline-ls","158","2","57","replacement","77","56","39012000","19685258500","39330","2137.740"
"trending_today.in","baseline-ls","159","2","58","replacement","2043","1738","38933000","19724191500","39408","2148.132"
"trending_today.in","baseline-ls","160","2","59","replacement","3172","1670","38997000","19763188500","39486","2158.422"
"trending_today.in","baseline-ls","161","2","60","replacement","5151","1738","39074500","19802263000","39564","2168.114"
"trending_today.in","baseline-ls","162","2","61","replacement","7623","1738","39743000","19842006000","39643","2177.292"
"trending_today.in","baseline-ls","163","2","62","replacement","3814","1670","38940000","19880946000","39721","2187.504"
"trending_today.in","baseline-ls","164","2","63","replacement","9533","1738","39091500","19920037500","39799","2196.924"
"trending_today.in","baseline-ls","165","2","64","replacement","6413","1051","38905500","19958943000","39877","2207.093"
"trending_today.in","baseline-ls","166","2","65","replacement","3095","1738","44208500","20003151500","39965","2216.593"
"trending_today.in","baseline-ls","167","2","66","replacement","3501","1738","38896500","20042048000","40043","2226.666"
"trending_today.in","baseline-ls","168","2","67","replacement","7917","1738","38875000","20080923000","40120","2236.810"
"trending_today.in","baseline-ls","169","2","68","replacement","2536","1738","38815000","20119738000","40198","2247.680"
"trending_today.in","baseline-ls","170","2","69","replacement","5205","1670","38814500","20158552500","40275","2258.119"
"trending_today.in","baseline-ls","171","2","70","replacement","1000","56","38743500","20197296000","40353","2268.881"
"trending_today.in","baseline-ls","172","2","71","replacement","3082","1670","38738000","20236034000","40430","2279.705"
"trending_today.in","baseline-ls","173","2","72","replacement","9964","1738","38734000","20274768000","40508","2290.484"
"trending_today.in","baseline-ls","174","2","73","replacement","8317","1738","38700500","20313468500","40585","2301.372"
"trending_today.in","baseline-ls","175","2","74","replacement","4567","1670","38667500","20352136000","40662","2311.807"
"trending_today.in","baseline-ls","176","2","75","replacement","898","1670","38656000","20390792000","40739","2322.248"
"trending_today.in","baseline-ls","177","2","76","replacement","5200","1670","38475500","20429267500","40816","2332.607"
"trending_today.in","baseline-ls","178","2","77","replacement","5530","1670","38474500","20467742000","40893","2343.005"
"trending_today.in","baseline-ls","179","2","78","replacement","4416","1670","38464500","20506206500","40970","2355.823"
"trending_today.in","baseline-ls","180","2","79","replacement","6551","1670","38461000","20544667500","41047","2366.281"
"trending_today.in","baseline-ls","181","2","80","replacement","2478","1738","38648500","20583316000","41124","2375.647"
"trending_today.in","baseline-ls","182","2","81","replacement","6442","1670","38406000","20621722000","41201","2385.639"
"trending_today.in","baseline-ls","183","2","82","replacement","1898","1051","38328000","20660050000","41277","2396.836"
"trending_today.in","baseline-ls","184","2","83","replacement","9184","1670","38276000","20698326000","41354","2407.568"
"trending_today.in","baseline-ls","185","2","84","replacement","5235","1670","38283500","20736609500","41430","2417.233"
"trending_today.in","baseline-ls","186","2","85","replacement","9917","1738","38226000","20774835500","41507","2428.001"
"trending_today.in","baseline-ls","187","2","86","replacement","1350","56","38192500","20813028000","41583","2439.556"
"trending_today.in","baseline-ls","188","2","87","replacement","3823","1738","38633500","20851661500","41660","2450.446"
"trending_today.in","baseline-ls","189","2","88","replacement","4264","1670","38187000","20889848500","41737","2460.564"
"trending_today.in","baseline-ls","190","2","89","replacement","804","1670","38176000","20928024500","41813","2471.326"
"trending_today.in","baseline-ls","191","2","90","replacement","7101","1051","38150500","20966175000","41889","2481.447"
"trending_today.in","baseline-ls","192","2","91","replacement","6908","1738","39011000","21005186000","41967","2490.878"
"trending_today.in","baseline-ls","193","2","92","replacement","4393","1670","38147000","21043333000","42043","2500.416"
"trending_today.in","baseline-ls","194","2","93","replacement","3148","1670","38180500","21081513500","42119","2511.500"
"trending_today.in","baseline-ls","195","2","94","replacement","421","1670","38122500","21119636000","42196","2522.571"
"trending_today.in","baseline-ls","196","2","95","replacement","688","1670","38098500","21157734500","42272","2534.920"
"trending_today.in","baseline-ls","197","2","96","replacement","8089","748","38085500","21195820000","42348","2547.530"
"trending_today.in","baseline-ls","198","2","97","replacement","440","1738","38045000","21233865000","42424","2558.798"
"trending_today.in","baseline-ls","199","2","98","replacement","7551","1738","38034500","21271899500","42500","2569.089"
"trending_today.in","baseline-ls","200","2","99","replacement","1399","1051","38030000","21309929500","42576","2579.348"
"trending_today.in","baseline-ls","201","3","0","replacement","608","408","38027500","21347957000","42652","2593.898"
"trending_today.in","baseline-ls","202","3","1","replacement","600","1051","37931000","21385888000","42728","2605.508"
"trending_today.in","baseline-ls","203","3","2","replacement","4853","1738","38013500","21423901500","42804","2618.050"
"trending_today.in","baseline-ls","204","3","3","replacement","9393","56","37923500","21461825000","42879","2628.979"
"trending_today.in","baseline-ls","205","3","4","replacement","7988","1738","37921000","21499746000","42955","2639.591"
"trending_today.in","baseline-ls","206","3","5","replacement","5515","3651","37992000","21537738000","43031","2649.967"
"trending_today.in","baseline-ls","207","3","6","replacement","2093","3651","37946500","21575684500","43107","2659.954"
"trending_today.in","baseline-ls","208","3","7","replacement","8656","56","37914000","21613598500","43183","2673.816"
"trending_today.in","baseline-ls","209","3","8","replacement","2609","56","37908500","21651507000","43258","2693.033"
"trending_today.in","baseline-ls","210","3","9","replacement","6887","3651","37901000","21689408000","43334","2707.118"
"trending_today.in","baseline-ls","211","3","10","replacement","3109","3651","37891500","21727299500","43410","2725.295"
"trending_today.in","baseline-ls","212","3","11","replacement","2396","1051","37889500","21765189000","43485","2737.171"
"trending_today.in","baseline-ls","213","3","12","replacement","2460","3651","37829500","21803018500","43561","2750.081"
"trending_today.in","baseline-ls","214","3","13","replacement","9250","56","37808500","21840827000","43637","2766.067"
"trending_today.in","baseline-ls","215","3","14","replacement","5944","56","37804000","21878631000","43712","2790.297"
"trending_today.in","baseline-ls","216","3","15","replacement","3083","736","37718000","21916349000","43787","2809.570"
"trending_today.in","baseline-ls","217","3","16","replacement","6712","3651","37705500","21954054500","43863","2823.304"
"trending_today.in","baseline-ls","218","3","17","replacement","910","56","37692000","21991746500","43938","2846.850"
"trending_today.in","baseline-ls","219","3","18","replacement","8782","1738","37687000","22029433500","44013","2894.521"
"trending_today.in","baseline-ls","220","3","19","replacement","4733","3651","37686500","22067120000","44089","2918.151"
"trending_today.in","baseline-ls","221","3","20","replacement","4497","1738","37661000","22104781000","44164","2943.895"
"trending_today.in","baseline-ls","222","3","21","replacement","2992","1738","37514500","22142295500","44239","2965.498"
"trending_today.in","baseline-ls","223","3","22","replacement","5514","1738","51992500","22194288000","44343","2990.410"
"trending_today.in","baseline-ls","224","3","23","replacement","5187","3651","37630500","22231918500","44418","3011.957"
"trending_today.in","baseline-ls","225","3","24","replacement","2537","748","37450000","22269368500","44493","3033.594"
"trending_today.in","baseline-ls","226","3","25","replacement","9627","3651","37466500","22306835000","44568","3059.506"
"trending_today.in","baseline-ls","227","3","26","replacement","3146","56","37441500","22344276500","44642","3085.140"
"trending_today.in","baseline-ls","228","3","27","replacement","6290","1051","37345000","22381621500","44717","3104.854"
"trending_today.in","baseline-ls","229","3","28","replacement","7332","1670","37323500","22418945000","44792","3124.932"
"trending_today.in","baseline-ls","230","3","29","replacement","4610","56","37288000","22456233000","44866","3145.549"
"trending_today.in","baseline-ls","231","3","30","replacement","9771","1738","37204500","22493437500","44940","3159.004"
"trending_today.in","baseline-ls","232","3","31","replacement","7272","1738","37271500","22530709000","45015","3173.151"
"trending_today.in","baseline-ls","233","3","32","replacement","178","1738","49625000","22580334000","45114","3184.681"
"trending_today.in","baseline-ls","234","3","33","replacement","5213","1738","37846000","22618180000","45190","3196.240"
"trending_today.in","baseline-ls","235","3","34","replacement","8615","1051","37169000","22655349000","45264","3209.454"
"trending_today.in","baseline-ls","236","3","35","replacement","1042","1738","37379500","22692728500","45339","3222.574"
"trending_today.in","baseline-ls","237","3","36","replacement","7269","1738","38283500","22731012000","45415","3233.942"
"trending_today.in","baseline-ls","238","3","37","replacement","7695","56","37131500","22768143500","45489","3248.724"
"trending_today.in","baseline-ls","239","3","38","replacement","4784","748","37061000","22805204500","45563","3261.507"
"trending_today.in","baseline-ls","240","3","39","replacement","3036","1051","37000500","22842205000","45637","3278.229"
"trending_today.in","baseline-ls","241","3","40","replacement","6309","1051","36996000","22879201000","45711","3293.275"
"trending_today.in","baseline-ls","242","3","41","replacement","3533","408","36977500","22916178500","45785","3309.162"
"trending_today.in","baseline-ls","243","3","42","replacement","3105","1051","36913500","22953092000","45859","3325.505"
"trending_today.in","baseline-ls","244","3","43","replacement","4255","3651","36920500","22990012500","45933","3341.610"
"trending_today.in","baseline-ls","245","3","44","replacement","3461","1738","38082500","23028095000","46009","3354.245"
"trending_today.in","baseline-ls","246","3","45","replacement","2216","56","36911500","23065006500","46082","3371.926"
"trending_today.in","baseline-ls","247","3","46","replacement","8144","736","36891000","23101897500","46156","3384.804"
"trending_today.in","baseline-ls","248","3","47","replacement","4662","1738","37218500","23139116000","46230","3399.017"
"trending_today.in","baseline-ls","249","3","48","replacement","2807","408","36870000","23175986000","46304","3412.893"
"trending_today.in","baseline-ls","250","3","49","replacement","2477","3651","37286000","23213272000","46379","3432.019"
"trending_today.in","baseline-ls","251","3","50","replacement","2637","3651","36869000","23250141000","46452","3451.985"
"trending_today.in","baseline-ls","252","3","51","replacement","310","1738","48234000","23298375000","46549","3462.235"
"trending_today.in","baseline-ls","253","3","52","replacement","8118","1738","37153000","23335528000","46623","3478.308"
"trending_today.in","baseline-ls","254","3","53","replacement","2866","3651","36848500","23372376500","46697","3491.851"
"trending_today.in","baseline-ls","255","3","54","replacement","2741","1738","36821500","23409198000","46770","3503.461"
"trending_today.in","baseline-ls","256","3","55","replacement","7787","3651","36821000","23446019000","46844","3515.365"
"trending_today.in","baseline-ls","257","3","56","replacement","1453","1051","36770000","23482789000","46917","3527.323"
"trending_today.in","baseline-ls","258","3","57","replacement","3595","1670","36771000","23519560000","46991","3538.284"
"trending_today.in","baseline-ls","259","3","58","replacement","1911","3651","37040000","23556600000","47065","3549.612"
"trending_today.in","baseline-ls","260","3","59","replacement","293","56","36756000","23593356000","47138","3562.467"
"trending_today.in","baseline-ls","261","3","60","replacement","1204","1051","36722500","23630078500","47211","3581.611"
"trending_today.in","baseline-ls","262","3","61","replacement","4499","56","36663000","23666741500","47285","3594.365"
"trending_today.in","baseline-ls","263","3","62","replacement","4006","1738","36658500","23703400000","47358","3605.696"
"trending_today.in","baseline-ls","264","3","63","replacement","1405","3651","36643000","23740043000","47431","3617.417"
"trending_today.in","baseline-ls","265","3","64","replacement","8242","1738","36609500","23776652500","47504","3628.557"
"trending_today.in","baseline-ls","266","3","65","replacement","5767","3651","36582000","23813234500","47577","3639.896"
"trending_today.in","baseline-ls","267","3","66","replacement","1221","3651","36922000","23850156500","47651","3650.287"
"trending_today.in","baseline-ls","268","3","67","replacement","241","56","36569500","23886726000","47724","3661.220"
"trending_today.in","baseline-ls","269","3","68","replacement","357","3651","36551000","23923277000","47797","3672.160"
"trending_today.in","baseline-ls","270","3","69","replacement","5097","56","36547500","23959824500","47870","3683.564"
"trending_today.in","baseline-ls","271","3","70","replacement","70","1738","36507500","23996332000","47943","3699.680"
"trending_today.in","baseline-ls","272","3","71","replacement","6491","1738","47708500","24044040500","48038","3711.541"
"trending_today.in","baseline-ls","273","3","72","replacement","2872","56","36494000","24080534500","48111","3723.202"
"trending_today.in","baseline-ls","274","3","73","replacement","236","3651","36413000","24116947500","48184","3734.377"
"trending_today.in","baseline-ls","275","3","74","replacement","5081","1738","39699500","24156647000","48263","3745.110"
"trending_today.in","baseline-ls","276","3","75","replacement","9293","1738","36731500","24193378500","48337","3758.003"
"trending_today.in","baseline-ls","277","3","76","replacement","1689","1738","36406500","24229785000","48410","3773.780"
"trending_today.in","baseline-ls","278","3","77","replacement","7192","1738","45921000","24275706000","48501","3785.660"
"trending_today.in","baseline-ls","279","3","78","replacement","9853","1051","36399000","24312105000","48574","3800.866"
"trending_today.in","baseline-ls","280","3","79","replacement","992","1738","36394000","24348499000","48647","3819.932"
"trending_today.in","baseline-ls","281","3","80","replacement","3206","56","36392500","24384891500","48719","3842.604"
"trending_today.in","baseline-ls","282","3","81","replacement","5116","1738","36655500","24421547000","48793","3859.021"
"trending_today.in","baseline-ls","283","3","82","replacement","5750","1738","36366500","24457913500","48865","3874.394"
"trending_today.in","baseline-ls","284","3","83","replacement","9462","1738","36555000","24494468500","48938","3888.342"
"trending_today.in","baseline-ls","285","3","84","replacement","369","1738","36349500","24530818000","49011","3907.760"
"trending_today.in","baseline-ls","286","3","85","replacement","6895","1051","36295000","24567113000","49084","3927.703"
"trending_today.in","baseline-ls","287","3","86","replacement","9830","1738","36276000","24603389000","49156","3945.660"
"trending_today.in","baseline-ls","288","3","87","replacement","2965","1051","36244000","24639633000","49228","3961.884"
"trending_today.in","baseline-ls","289","3","88","replacement","6868","1738","36374000","24676007000","49301","3978.572"
"trending_today.in","baseline-ls","290","3","89","replacement","4179","1738","36364500","24712371500","49374","3995.632"
"trending_today.in","baseline-ls","291","3","90","replacement","9938","1670","36230500","24748602000","49446","4008.955"
"trending_today.in","baseline-ls","292","3","91","replacement","8437","1051","36201500","24784803500","49518","4026.330"
"trending_today.in","baseline-ls","293","3","92","replacement","5196","1738","39370500","24824174000","49597","4038.916"
"trending_today.in","baseline-ls","294","3","93","replacement","9893","1738","36188000","24860362000","49669","4056.130"
"trending_today.in","baseline-ls","295","3","94","replacement","8033","1738","36527500","24896889500","49742","4068.603"
"trending_today.in","baseline-ls","296","3","95","replacement","7094","1738","36145000","24933034500","49815","4083.983"
"trending_today.in","baseline-ls","297","3","96","replacement","8564","1738","36114500","24969149000","49887","4099.317"
"trending_today.in","baseline-ls","298","3","97","replacement","3261","3651","36107500","25005256500","49959","4114.707"
"trending_today.in","baseline-ls","299","3","98","replacement","5974","3651","36101000","25041357500","50031","4133.701"
"trending_today.in","baseline-ls","300","3","99","replacement","6280","1738","36009000","25077366500","50103","4150.670"
"trending_today.in","greedy-ls-insertion","0","0","-1","initial","-1","-1","0","250152644000","499794","0.000"
"trending_today.in","greedy-ls-replacement","0","0","-1","initial","-1","-1","0","250152644000","499794","0.000"
"trending_today.in","greedy-ls-replacement","1","1","16","replacement","2311","9280","1725500","250154369500","499797","265.010"
"trending_today.in","greedy-ls-replacement","2","1","17","replacement","9280","3467","2167500","250156537000","499802","265.931"
"trending_today.in","greedy-ls-replacement","3","1","24","replacement","4575","2098","987500","250157524500","499804","272.406"
"trending_today.in","greedy-ls-replacement","4","1","26","replacement","2098","3860","2330500","250159855000","499808","274.505"
"trending_today.in","greedy-ls-replacement","5","1","34","replacement","6212","8171","1267500","250161122500","499811","280.702"
"trending_today.in","greedy-ls-replacement","6","1","37","replacement","3860","9603","323500","250161446000","499812","282.758"
"trending_today.in","greedy-ls-replacement","7","1","39","replacement","8171","6431","932000","250162378000","499813","283.808"
"trending_today.in","greedy-ls-replacement","8","1","50","replacement","3467","2530","761500","250163139500","499815","289.223"
"trending_today.in","greedy-ls-replacement","9","1","51","replacement","5745","1055","955000","250164094500","499817","289.805"
"trending_today.in","greedy-ls-replacement","10","1","57","replacement","1368","9828","381500","250164476000","499818","293.618"
"trending_today.in","greedy-ls-replacement","11","1","63","replacement","9828","4956","21000","250164497000","499818","296.962"
"trending_today.in","greedy-ls-replacement","12","1","80","replacement","4956","3633","1046500","250165543500","499820","305.945"
"trending_today.in","greedy-ls-replacement","13","1","93","replacement","3633","1691","1701500","250167245000","499823","312.009"
"trending_today.in","greedy-ls-replacement","14","2","1","replacement","1055","8678","399000","250167644000","499824","316.549"
"trending_today.in","greedy-ls-replacement","15","2","23","replacement","9603","2162","414000","250168058000","499825","327.753"
"kittens.in","greedy-ls","0","0","-1","initial","-1","-1","0","1021928473402","1021681","0.000"
"kittens.in","greedy-ls","1","1","3","replacement","8134","5340","39122","1021928512524","1021681","1515.666"
"kittens.in","greedy-ls","2","1","6","replacement","9842","2288","3534","1021928516058","1021681","1539.803"
"kittens.in","greedy-ls","3","1","8","replacement","8005","569","73970","1021928590028","1021681","1569.338"
"kittens.in","greedy-ls","4","1","11","replacement","7791","4170","907329","1021929497357","1021682","1605.291"
"kittens.in","greedy-ls","5","1","13","replacement","2986","3012","1708","1021929499065","1021682","1627.078"
"kittens.in","greedy-ls","6","1","15","replacement","8994","935","10752","1021929509817","1021682","1654.302"
"kittens.in","greedy-ls","7","1","17","replacement","7413","1774","36200","1021929546017","1021682","1672.235"
"kittens.in","greedy-ls","8","1","20","replacement","8125","7296","38840","1021929584857","1021682","1716.408"
"kittens.in","greedy-ls","9","1","21","replacement","7699","4855","34960","1021929619817","1021682","1728.466"
"kittens.in","greedy-ls","10","1","22","replacement","2121","9842","572","1021929620389","1021682","1736.608"
"kittens.in","greedy-ls","11","1","25","replacement","8183","9008","1313449","1021930933838","1021683","1772.679"
"kittens.in","greedy-ls","12","1","26","replacement","7413","3836","73120","1021931006958","1021683","1774.329"
"kittens.in","greedy-ls","13","1","27","replacement","205","8830","181896","1021931188854","1021684","1776.020"
"kittens.in","greedy-ls","14","1","28","replacement","1383","7713","554291","1021931743145","1021684","1778.064"
"kittens.in","greedy-ls","15","1","29","replacement","5064","8293","167664","1021931910809","1021684","1779.920"
"kittens.in","greedy-ls","16","1","34","replacement","1343","9930","31288","1021931942097","1021684","1785.838"
"kittens.in","greedy-ls","17","1","36","replacement","7153","2240","10790","1021931952887","1021684","1788.176"
"kittens.in","greedy-ls","18","1","39","replacement","4326","1534","92644","1021932045531","1021684","1792.475"
"kittens.in","greedy-ls","19","1","40","replacement","5340","4314","60570","1021932106101","1021685","1794.055"
"kittens.in","greedy-ls","20","1","41","replacement","4377","4909","237119","1021932343220","1021685","1795.675"
"kittens.in","greedy-ls","21","1","50","replacement","5880","5748","20422","1021932363642","1021685","1805.663"
"kittens.in","greedy-ls","22","1","51","replacement","369","647","324059","1021932687701","1021685","1807.362"
"kittens.in","greedy-ls","23","1","52","replacement","4199","6938","3856","1021932691557","1021685","1808.750"
"kittens.in","greedy-ls","24","1","54","replacement","2340","4765","111569","1021932803126","1021685","1811.511"
"kittens.in","greedy-ls","25","1","56","replacement","6938","3012","5708","1021932808834","1021685","1814.466"
"kittens.in","greedy-ls","26","1","58","replacement","5412","7153","5574","1021932814408","1021685","1816.937"
"kittens.in","greedy-ls","27","1","64","replacement","1105","3144","207067","1021933021475","1021685","1822.951"
"kittens.in","greedy-ls","28","1","69","replacement","6547","8134","74626","1021933096101","1021686","1828.387"
"kittens.in","greedy-ls","29","1","70","replacement","4855","9842","35748","1021933131849","1021686","1829.833"
"kittens.in","greedy-ls","30","1","72","replacement","199","9270","148391","1021933280240","1021686","1832.961"
"kittens.in","greedy-ls","31","1","73","replacement","4199","8994","8176","1021933288416","1021686","1834.620"
"kittens.in","greedy-ls","32","1","75","replacement","1625","8722","328533","1021933616949","1021686","1837.360"
"kittens.in","greedy-ls","33","1","76","replacement","2685","1763","254354","1021933871303","1021686","1838.962"
"kittens.in","greedy-ls","34","1","80","replacement","4855","8491","33504","1021933904807","1021686","1843.979"
"kittens.in","greedy-ls","35","1","82","replacement","3836","5869","6135","1021933910942","1021686","1846.325"
"kittens.in","greedy-ls","36","1","85","replacement","5307","1625","182294","1021934093236","1021687","1850.184"
"kittens.in","greedy-ls","37","1","90","replacement","4352","6547","148050","1021934241286","1021687","1855.781"
"kittens.in","greedy-ls","38","1","97","replacement","6613","5715","29420","1021934270706","1021687","1863.530"
"kittens.in","greedy-ls","39","1","105","replacement","6613","427","14348","1021934285054","1021687","1872.671"
"kittens.in","greedy-ls","40","1","109","replacement","8293","7709","58185","1021934343239","1021687","1877.168"
"kittens.in","greedy-ls","41","1","112","replacement","9968","5715","6873","1021934350112","1021687","1880.624"
"kittens.in","greedy-ls","42","1","114","replacement","4199","3877","3680","1021934353792","1021687","1883.160"
"kittens.in","greedy-ls","43","1","116","replacement","4020","4314","115272","1021934469064","1021687","1885.618"
"kittens.in","greedy-ls","44","1","117","replacement","1534","2013","159751","1021934628815","1021687","1886.965"
"kittens.in","greedy-ls","45","1","120","replacement","2327","2340","70304","1021934699119","1021687","1890.814"
"kittens.in","greedy-ls","46","1","121","replacement","5507","1984","31515","1021934730634","1021687","1892.165"
"kittens.in","greedy-ls","47","1","122","replacement","4180","5917","583742","1021935314376","1021688","1893.713"
"kittens.in","greedy-ls","48","1","123","replacement","6196","4526","1051476","1021936365852","1021689","1895.505"
"kittens.in","greedy-ls","49","1","132","replacement","4664","6537","176337","1021936542189","1021689","1905.912"
"kittens.in","greedy-ls","50","1","133","replacement","3023","7997","25934","1021936568123","1021689","1907.427"
"kittens.in","greedy-ls","51","1","136","replacement","5748","3982","92448","1021936660571","1021689","1910.831"
"kittens.in","greedy-ls","52","1","137","replacement","5307","3521","182770","1021936843341","1021689","1912.328"
"kittens.in","greedy-ls","53","1","138","replacement","7240","4855","14440","1021936857781","1021689","1913.772"
"kittens.in","greedy-ls","54","1","144","replacement","3894","2555","12516","1021936870297","1021689","1919.742"
"kittens.in","greedy-ls","55","1","146","replacement","6613","7153","630","1021936870927","1021689","1922.601"
"kittens.in","greedy-ls","56","1","148","replacement","6827","7438","52868","1021936923795","1021689","1925.600"
"kittens.in","greedy-ls","57","1","149","replacement","9075","3830","76455","1021937000250","1021689","1927.048"
"kittens.in","greedy-ls","58","1","150","replacement","3111","8910","190390","1021937190640","1021690","1928.609"
"kittens.in","greedy-ls","59","1","151","replacement","8406","4035","21880","1021937212520","1021690","1930.213"
"kittens.in","greedy-ls","60","1","153","replacement","7949","3877","23704","1021937236224","1021690","1933.002"
"kittens.in","greedy-ls","61","1","154","replacement","8491","2986","1679","1021937237903","1021690","1934.392"
"kittens.in","greedy-ls","62","1","156","replacement","1534","5507","36924","1021937274827","1021690","1937.209"
"kittens.in","greedy-ls","63","1","160","replacement","148","3521","193610","1021937468437","1021690","1941.816"
"kittens.in","greedy-ls","64","1","163","replacement","2121","8387","32950","1021937501387","1021690","1945.473"
"kittens.in","greedy-ls","65","1","168","replacement","447","8293","107240","1021937608627","1021690","1951.364"
"kittens.in","greedy-ls","66","1","169","replacement","9075","8431","185068","1021937793695","1021690","1953.132"
"kittens.in","greedy-ls","67","1","170","replacement","9848","8387","41964","1021937835659","1021690","1954.945"
"kittens.in","greedy-ls","68","1","171","replacement","7762","5962","3914","1021937839573","1021690","1956.366"
"kittens.in","greedy-ls","69","1","174","replacement","4176","3316","111938","1021937951511","1021690","1960.327"
"kittens.in","greedy-ls","70","1","176","replacement","9842","2288","32670","1021937984181","1021690","1962.791"
"kittens.in","greedy-ls","71","1","177","replacement","3836","2643","64967","1021938049148","1021690","1964.264"
"kittens.in","greedy-ls","72","1","181","replacement","1668","2288","16132","1021938065280","1021690","1969.319"
"kittens.in","greedy-ls","73","1","182","replacement","412","1134","134490","1021938199770","1021691","1970.950"
"kittens.in","greedy-ls","74","1","185","replacement","3160","2818","177267","1021938377037","1021691","1974.696"
"kittens.in","greedy-ls","75","1","187","replacement","5869","2643","3003","1021938380040","1021691","1982.300"
"kittens.in","greedy-ls","76","1","189","replacement","3103","412","127274","1021938507314","1021691","1988.414"
"kittens.in","greedy-ls","77","1","195","replacement","9265","625","573237","1021939080551","1021692","2003.690"
"kittens.in","greedy-ls","78","1","197","replacement","8794","1353","142744","1021939223295","1021692","2008.734"
"kittens.in","greedy-ls","79","1","198","replacement","7709","447","11377","1021939234672","1021692","2012.294"
"kittens.in","greedy-ls","80","1","199","replacement","7795","1375","1670194","1021940904866","1021693","2015.748"
"kittens.in","greedy-ls","81","1","200","replacement","9013","420","60448","1021940965314","1021693","2019.263"
"kittens.in","greedy-ls","82","1","201","replacement","952","8140","396126","1021941361440","1021694","2022.878"
"kittens.in","greedy-ls","83","1","207","replacement","8134","4020","29012","1021941390452","1021694","2039.497"
"kittens.in","greedy-ls","84","1","208","replacement","6465","1149","178622","1021941569074","1021694","2043.637"
"kittens.in","greedy-ls","85","1","210","replacement","3012","3877","6630","1021941575704","1021694","2049.020"
"kittens.in","greedy-ls","86","1","211","replacement","9129","6054","167029","1021941742733","1021694","2052.630"
"kittens.in","greedy-ls","87","1","216","replacement","8134","4855","43076","1021941785809","1021694","2064.795"
"kittens.in","greedy-ls","88","1","217","replacement","1117","6049","364534","1021942150343","1021695","2067.891"
"kittens.in","greedy-ls","89","1","218","replacement","8130","2327","148475","1021942298818","1021695","2072.006"
"kittens.in","greedy-ls","90","1","219","replacement","8830","2666","262798","1021942561616","1021695","2076.245"
"kittens.in","greedy-ls","91","1","227","replacement","8994","3894","1449","1021942563065","1021695","2097.717"
"kittens.in","greedy-ls","92","1","236","replacement","5748","8406","29408","1021942592473","1021695","2122.068"
"kittens.in","greedy-ls","93","1","238","replacement","2643","2121","10836","1021942603309","1021695","2129.774"
"kittens.in","greedy-ls","94","1","240","replacement","3982","4199","4628","1021942607937","1021695","2134.195"
"kittens.in","greedy-ls","95","1","242","replacement","8491","3877","8892","1021942616829","1021695","2137.077"
"kittens.in","greedy-ls","96","1","248","replacement","1601","6067","1029387","1021943646216","1021696","2144.337"
"kittens.in","greedy-ls","97","1","249","replacement","4962","5003","1846760","1021945492976","1021698","2146.527"
"kittens.in","greedy-ls","98","1","251","replacement","8105","7545","455605","1021945948581","1021698","2169.843"
"kittens.in","greedy-ls","99","1","253","replacement","5848","1984","89486","1021946038067","1021698","2204.021"
"kittens.in","greedy-ls","100","1","257","replacement","3894","2240","16258","1021946054325","1021698","2238.106"
"kittens.in","greedy-ls","101","1","259","replacement","4340","3103","76780","1021946131105","1021699","2240.499"
"kittens.in","greedy-ls","102","1","261","replacement","6044","1429","328986","1021946460091","1021699","2243.023"
"kittens.in","greedy-ls","103","1","262","replacement","4326","2340","183094","1021946643185","1021699","2244.471"
"kittens.in","greedy-ls","104","1","263","replacement","935","2962","296","1021946643481","1021699","2245.977"
"kittens.in","greedy-ls","105","1","267","replacement","5507","7883","62876","1021946706357","1021699","2250.434"
"kittens.in","greedy-ls","106","1","269","replacement","4985","4909","225274","1021946931631","1021699","2252.904"
"kittens.in","greedy-ls","107","1","276","replacement","6054","7413","74814","1021947006445","1021699","2259.959"
"kittens.in","greedy-ls","108","1","279","replacement","5412","7652","32662","1021947039107","1021699","2263.367"
"kittens.in","greedy-ls","109","1","280","replacement","183","3023","77390","1021947116497","1021700","2264.808"
"kittens.in","greedy-ls","110","1","282","replacement","8722","8212","86211","1021947202708","1021700","2267.154"
"kittens.in","greedy-ls","111","1","285","replacement","2986","7762","1162","1021947203870","1021700","2270.363"
"kittens.in","greedy-ls","112","1","287","replacement","5762","7438","28187","1021947232057","1021700","2272.911"
"kittens.in","greedy-ls","113","1","290","replacement","1476","8920","976771","1021948208828","1021701","2276.028"
"kittens.in","greedy-ls","114","1","297","replacement","9533","7652","1674","1021948210502","1021701","2283.016"
"kittens.in","greedy-ls","115","1","298","replacement","745","9007","6173","1021948216675","1021701","2284.751"
"kittens.in","greedy-ls","116","1","299","replacement","1496","838","859423","1021949076098","1021701","2286.398"
"kittens.in","greedy-ls","117","1","303","replacement","5412","7762","4480","1021949080578","1021702","2291.338"
"kittens.in","greedy-ls","118","1","304","replacement","3982","79","5620","1021949086198","1021702","2292.943"
"kittens.in","greedy-ls","119","1","305","replacement","1299","5880","27038","1021949113236","1021702","2294.285"
"kittens.in","greedy-ls","120","1","306","replacement","7949","2986","19193","1021949132429","1021702","2295.621"
"kittens.in","greedy-ls","121","1","308","replacement","9453","1125","92850","1021949225279","1021702","2298.454"
"kittens.in","greedy-ls","122","1","310","replacement","5340","4855","60912","1021949286191","1021702","2300.668"
"kittens.in","greedy-ls","123","1","311","replacement","7997","8711","7861","1021949294052","1021702","2302.055"
"kittens.in","greedy-ls","124","1","312","replacement","2327","6547","97400","1021949391452","1021702","2303.537"
"kittens.in","greedy-ls","125","1","313","replacement","5446","8462","410839","1021949802291","1021702","2305.231"
"kittens.in","greedy-ls","126","1","314","replacement","259","6030","48484","1021949850775","1021702","2306.605"
"kittens.in","greedy-ls","127","1","316","replacement","1299","7438","110747","1021949961522","1021702","2308.649"
"kittens.in","greedy-ls","128","1","320","replacement","8830","7713","110162","1021950071684","1021702","2312.965"
"kittens.in","greedy-ls","129","1","325","replacement","2288","1668","350","1021950072034","1021702","2317.779"
"kittens.in","greedy-ls","130","1","326","replacement","3982","5412","4921","1021950076955","1021702","2319.237"
"kittens.in","greedy-ls","131","1","327","replacement","199","1125","341190","1021950418145","1021703","2320.642"
"kittens.in","greedy-ls","132","1","329","replacement","7285","843","457530","1021950875675","1021703","2322.919"
"kittens.in","greedy-ls","133","1","330","replacement","7949","2288","5809","1021950881484","1021703","2324.120"
"kittens.in","greedy-ls","134","1","331","replacement","8644","2155","90520","1021950972004","1021703","2325.575"
"kittens.in","greedy-ls","135","1","332","replacement","6369","6550","297281","1021951269285","1021704","2327.100"
"kittens.in","greedy-ls","136","1","334","replacement","6134","3885","128247","1021951397532","1021704","2329.577"
"kittens.in","greedy-ls","137","1","335","replacement","9842","3982","2562","1021951400094","1021704","2330.862"
"kittens.in","greedy-ls","138","1","337","replacement","5762","7699","8506","1021951408600","1021704","2333.256"
"kittens.in","greedy-ls","139","1","340","replacement","7883","7762","33525","1021951442125","1021704","2336.824"
"kittens.in","greedy-ls","140","1","342","replacement","9842","3936","2817","1021951444942","1021704","2339.080"
"kittens.in","greedy-ls","141","1","343","replacement","9007","7949","36238","1021951481180","1021704","2340.444"
"kittens.in","greedy-ls","142","1","348","replacement","6547","5880","63693","1021951544873","1021704","2345.321"
"kittens.in","greedy-ls","143","1","350","replacement","5762","321","10304","1021951555177","1021704","2347.683"
"kittens.in","greedy-ls","144","1","352","replacement","7517","6534","122664","1021951677841","1021704","2350.244"
"kittens.in","greedy-ls","145","1","354","replacement","8406","7438","54393","1021951732234","1021704","2352.804"
"kittens.in","greedy-ls","146","1","357","replacement","7413","1299","41388","1021951773622","1021704","2355.632"
"kittens.in","greedy-ls","147","1","358","replacement","3144","8293","115105","1021951888727","1021704","2356.794"
"kittens.in","greedy-ls","148","1","359","replacement","3830","7732","102744","1021951991471","1021704","2358.152"
"kittens.in","greedy-ls","149","1","360","replacement","3103","8812","50641","1021952042112","1021704","2359.310"
"kittens.in","greedy-ls","150","1","370","replacement","6692","6101","2237","1021952044349","1021704","2369.070"
"kittens.in","greedy-ls","151","1","372","replacement","3468","9688","396082","1021952440431","1021705","2371.521"
"kittens.in","greedy-ls","152","1","373","replacement","7240","9129","65021","1021952505452","1021705","2372.813"
"kittens.in","greedy-ls","153","1","376","replacement","7296","7413","71176","1021952576628","1021705","2375.977"
"kittens.in","greedy-ls","154","1","381","replacement","8134","8406","38699","1021952615327","1021705","2380.799"
"kittens.in","greedy-ls","155","1","385","replacement","7517","4340","71026","1021952686353","1021705","2385.098"
"kittens.in","greedy-ls","156","1","390","replacement","935","8994","38480","1021952724833","1021705","2390.636"
"kittens.in","greedy-ls","157","1","393","replacement","4377","7736","91389","1021952816222","1021705","2393.656"
"kittens.in","greedy-ls","158","1","396","replacement","9842","9968","4485","1021952820707","1021705","2397.158"
"kittens.in","greedy-ls","159","1","397","replacement","3023","8644","152793","1021952973500","1021705","2398.660"
"kittens.in","greedy-ls","160","1","399","replacement","5880","745","39575","1021953013075","1021705","2400.873"
"kittens.in","greedy-ls","161","1","400","replacement","4728","1557","529931","1021953543006","1021706","2402.406"
"kittens.in","greedy-ls","162","1","401","replacement","2986","5412","47736","1021953590742","1021706","2403.782"
"kittens.in","greedy-ls","163","1","402","replacement","2340","6547","24058","1021953614800","1021706","2405.120"
"kittens.in","greedy-ls","164","1","403","replacement","8644","7413","377450","1021953992250","1021706","2406.633"
"kittens.in","greedy-ls","165","1","404","replacement","5762","2555","72040","1021954064290","1021706","2407.820"
"kittens.in","greedy-ls","166","1","407","replacement","979","3074","4134","1021954068424","1021706","2411.279"
"kittens.in","greedy-ls","167","1","408","replacement","7413","1774","207502","1021954275926","1021707","2412.359"
"kittens.in","greedy-ls","168","1","409","replacement","4377","1117","46778","1021954322704","1021707","2414.024"
"kittens.in","greedy-ls","169","1","413","replacement","9129","1979","164614","1021954487318","1021707","2418.559"
"kittens.in","greedy-ls","170","1","415","replacement","5099","6141","68993","1021954556311","1021707","2420.800"
"kittens.in","greedy-ls","171","1","419","replacement","5437","6021","166581","1021954722892","1021707","2424.742"
"kittens.in","greedy-ls","172","1","422","replacement","9244","6613","21461","1021954744353","1021707","2427.899"
"kittens.in","greedy-ls","173","1","423","replacement","3074","979","789","1021954745142","1021707","2429.759"
"kittens.in","greedy-ls","174","1","427","replacement","9299","2666","126867","1021954872009","1021707","2434.364"
"kittens.in","greedy-ls","175","1","428","replacement","9244","7652","2259","1021954874268","1021707","2435.646"
"kittens.in","greedy-ls","176","1","429","replacement","6101","6547","118140","1021954992408","1021707","2437.373"
"kittens.in","greedy-ls","177","1","433","insertion","2288","-1","840","1021954993248","1021707","2441.002"
"kittens.in","greedy-ls","178","1","437","replacement","2327","6101","38556","1021955031804","1021707","2445.370"
"kittens.in","greedy-ls","179","1","438","replacement","9968","3894","24498","1021955056302","1021707","2446.644"
"kittens.in","greedy-ls","180","1","440","replacement","569","2327","161842","1021955218144","1021708","2448.990"
"kittens.in","greedy-ls","181","1","441","replacement","7883","9842","15873","1021955234017","1021708","2450.169"
"kittens.in","greedy-ls","182","1","443","replacement","3012","4199","19932","1021955253949","1021708","2452.563"
"kittens.in","greedy-ls","183","1","444","replacement","1042","4824","211813","1021955465762","1021708","2454.010"
"kittens.in","greedy-ls","184","1","447","replacement","6547","5748","815","1021955466577","1021708","2457.255"
"kittens.in","greedy-ls","185","1","452","replacement","4035","745","81856","1021955548433","1021708","2462.986"
"kittens.in","greedy-ls","186","1","454","replacement","8644","8134","84870","1021955633303","1021708","2465.551"
"kittens.in","greedy-ls","187","1","456","replacement","8293","4664","206461","1021955839764","1021708","2467.688"
"kittens.in","greedy-ls","188","1","458","replacement","7709","5437","142138","1021955981902","1021708","2469.919"
"kittens.in","greedy-ls","189","1","459","replacement","7240","6327","100728","1021956082630","1021709","2471.332"
"kittens.in","greedy-ls","190","1","460","replacement","5445","6467","761269","1021956843899","1021709","2472.570"
"kittens.in","greedy-ls","191","1","462","replacement","745","6327","66249","1021956910148","1021709","2474.810"
"kittens.in","greedy-ls","192","1","468","replacement","569","8644","84109","1021956994257","1021709","2481.766"
"kittens.in","greedy-ls","193","1","470","replacement","3012","1668","20800","1021957015057","1021709","2483.872"
"kittens.in","greedy-ls","194","1","472","replacement","7762","8994","14364","1021957029421","1021709","2486.131"
"kittens.in","greedy-ls","195","1","473","replacement","5412","5962","13892","1021957043313","1021709","2487.485"
"kittens.in","greedy-ls","196","1","476","replacement","6584","8130","18106","1021957061419","1021709","2490.789"
"kittens.in","greedy-ls","197","1","478","replacement","5715","2240","10832","1021957072251","1021709","2493.379"
"kittens.in","greedy-ls","198","1","479","replacement","8130","6134","222092","1021957294343","1021710","2494.832"
"kittens.in","greedy-ls","199","1","480","replacement","5446","8794","438949","1021957733292","1021710","2496.210"
"kittens.in","greedy-ls","200","1","481","replacement","5340","4314","68420","1021957801712","1021710","2497.787"
"kittens.in","greedy-ls","201","1","483","replacement","3981","7806","1347890","1021959149602","1021712","2500.232"
"kittens.in","greedy-ls","202","1","485","replacement","7266","2790","425576","1021959575178","1021712","2502.552"
"kittens.in","greedy-ls","203","1","486","replacement","7880","9199","201163","1021959776341","1021712","2504.088"
"kittens.in","greedy-ls","204","1","487","replacement","3830","1774","46925","1021959823266","1021712","2505.320"
"kittens.in","greedy-ls","205","1","491","replacement","8663","7852","280058","1021960103324","1021713","2509.531"
"kittens.in","greedy-ls","206","1","492","replacement","8387","5507","21060","1021960124384","1021713","2510.680"
"kittens.in","greedy-ls","207","1","493","replacement","5097","2136","2829334","1021962953718","1021715","2512.073"
"kittens.in","greedy-ls","208","1","494","replacement","8140","4639","1017485","1021963971203","1021716","2513.589"
"kittens.in","greedy-ls","209","1","495","replacement","6827","5880","87096","1021964058299","1021716","2514.954"
"kittens.in","greedy-ls","210","1","496","replacement","5340","8387","62865","1021964121164","1021717","2516.436"
"kittens.in","greedy-ls","211","1","498","replacement","6014","6170","322635","1021964443799","1021717","2519.905"
"kittens.in","greedy-ls","212","2","0","replacement","9903","148","205598","1021964649397","1021717","2527.974"
"kittens.in","greedy-ls","213","2","8","replacement","2986","8125","4274","1021964653671","1021717","2549.868"
"kittens.in","greedy-ls","214","2","9","replacement","9848","6692","47954","1021964701625","1021717","2553.079"
"kittens.in","greedy-ls","215","2","11","replacement","6827","5064","55562","1021964757187","1021717","2557.943"
"kittens.in","greedy-ls","216","2","20","replacement","5507","8125","72962","1021964830149","1021717","2581.336"
"kittens.in","greedy-ls","217","2","21","replacement","6067","6306","323136","1021965153285","1021718","2584.199"
"kittens.in","greedy-ls","218","2","23","replacement","5715","7153","16510","1021965169795","1021718","2588.364"
"kittens.in","greedy-ls","219","2","26","replacement","7732","5064","80620","1021965250415","1021718","2596.637"
"kittens.in","greedy-ls","220","2","27","replacement","7438","5412","2664","1021965253079","1021718","2600.057"
"kittens.in","greedy-ls","221","2","34","replacement","8812","4176","59584","1021965312663","1021718","2617.500"
"kittens.in","greedy-ls","222","2","40","replacement","3877","979","675","1021965313338","1021718","2624.193"
"kittens.in","greedy-ls","223","2","41","replacement","4176","8812","108247","1021965421585","1021718","2625.640"
"kittens.in","greedy-ls","224","2","50","replacement","5437","7732","35658","1021965457243","1021718","2634.398"
"kittens.in","greedy-ls","225","2","51","replacement","2643","5762","7529","1021965464772","1021718","2635.839"
"kittens.in","greedy-ls","226","2","54","replacement","7732","2340","8519","1021965473291","1021718","2639.526"
"kittens.in","greedy-ls","227","2","67","replacement","3836","9848","7527","1021965480818","1021718","2651.489"
"kittens.in","greedy-ls","228","2","69","replacement","2114","8663","12898","1021965493716","1021718","2653.773"
"kittens.in","greedy-ls","229","2","75","replacement","3543","4035","62677","1021965556393","1021718","2660.397"
"kittens.in","greedy-ls","230","2","76","replacement","3074","7762","15665","1021965572058","1021718","2661.898"
"kittens.in","greedy-ls","231","2","82","insertion","6613","-1","723","1021965572781","1021718","2668.000"
"kittens.in","greedy-ls","232","2","90","replacement","4311","4377","378","1021965573159","1021718","2676.962"
"kittens.in","greedy-ls","233","2","91","replacement","5064","7240","31795","1021965604954","1021718","2678.283"
"kittens.in","greedy-ls","234","2","93","replacement","1353","5862","142749","1021965747703","1021718","2680.612"
"kittens.in","greedy-ls","235","2","110","replacement","6827","5340","34454","1021965782157","1021718","2696.375"
"kittens.in","greedy-ls","236","2","116","replacement","3163","7517","238738","1021966020895","1021718","2702.319"
"kittens.in","greedy-ls","237","2","117","replacement","7709","7120","143500","1021966164395","1021719","2703.656"
"kittens.in","greedy-ls","238","2","120","replacement","2643","4326","34220","1021966198615","1021719","2706.780"
"kittens.in","greedy-ls","239","2","123","replacement","753","300","811170","1021967009785","1021719","2710.110"
"kittens.in","greedy-ls","240","2","127","replacement","7153","7949","5596","1021967015381","1021719","2713.973"
"kittens.in","greedy-ls","241","2","132","replacement","5869","259","87504","1021967102885","1021720","2719.256"
"kittens.in","greedy-ls","242","2","138","replacement","9244","3074","11540","1021967114425","1021720","2725.216"
"kittens.in","greedy-ls","243","2","152","replacement","4377","6778","107171","1021967221596","1021720","2739.007"
"kittens.in","greedy-ls","244","2","162","replacement","1524","7285","24792","1021967246388","1021720","2748.634"
"kittens.in","greedy-ls","245","2","163","replacement","935","7949","8602","1021967254990","1021720","2750.327"
"kittens.in","greedy-ls","246","2","164","replacement","5848","447","122851","1021967377841","1021720","2751.782"
"kittens.in","greedy-ls","247","2","168","replacement","9842","2986","10402","1021967388243","1021720","2755.747"
"kittens.in","greedy-ls","248","2","169","replacement","1984","5762","19115","1021967407358","1021720","2757.270"
"kittens.in","greedy-ls","249","2","171","replacement","7949","7762","6823","1021967414181","1021720","2759.600"
"kittens.in","greedy-ls","250","2","174","replacement","9545","3012","14652","1021967428833","1021720","2762.571"
"kittens.in","greedy-ls","251","2","182","insertion","5412","-1","11148","1021967439981","1021720","2770.925"
"kittens.in","greedy-ls","252","2","194","replacement","5962","9968","3861","1021967443842","1021720","2783.854"
"kittens.in","greedy-ls","253","2","195","replacement","4341","9615","208060","1021967651902","1021720","2785.435"
"kittens.in","greedy-ls","254","2","196","replacement","7240","745","6857","1021967658759","1021720","2786.819"
"kittens.in","greedy-ls","255","2","197","replacement","3894","3936","9202","1021967667961","1021720","2788.048"
"kittens.in","greedy-ls","256","2","198","replacement","6067","1601","1002865","1021968670826","1021721","2789.680"
"kittens.in","greedy-ls","257","2","202","replacement","447","6584","142149","1021968812975","1021721","2794.871"
"kittens.in","greedy-ls","258","2","207","replacement","7120","4035","8668","1021968821643","1021721","2800.663"
"kittens.in","greedy-ls","259","2","208","replacement","4855","5880","79047","1021968900690","1021721","2802.227"
"kittens.in","greedy-ls","260","2","210","replacement","745","5340","62576","1021968963266","1021721","2804.409"
"kittens.in","greedy-ls","261","2","211","replacement","8910","8284","37343","1021969000609","1021721","2806.072"
"kittens.in","greedy-ls","262","2","213","replacement","6537","5848","22910","1021969023519","1021721","2808.151"
"kittens.in","greedy-ls","263","2","219","replacement","6827","9075","128793","1021969152312","1021722","2814.281"
"kittens.in","greedy-ls","264","2","224","replacement","3584","5445","312627","1021969464939","1021722","2819.164"
"kittens.in","greedy-ls","265","2","227","replacement","7652","8994","7869","1021969472808","1021722","2822.424"
"kittens.in","greedy-ls","266","2","229","replacement","7949","5412","2168","1021969474976","1021722","2824.809"
"kittens.in","greedy-ls","267","2","230","replacement","9007","2962","8511","1021969483487","1021722","2826.574"
"kittens.in","greedy-ls","268","2","238","replacement","5748","2643","27559","1021969511046","1021722","2834.626"
"kittens.in","greedy-ls","269","2","248","replacement","9533","7949","15624","1021969526670","1021722","2844.190"
"kittens.in","greedy-ls","270","2","249","replacement","450","8212","637867","1021970164537","1021723","2845.552"
"kittens.in","greedy-ls","271","2","255","replacement","6778","3885","131819","1021970296356","1021723","2851.701"
"kittens.in","greedy-ls","272","2","259","replacement","2121","5507","51019","1021970347375","1021723","2855.610"
"kittens.in","greedy-ls","273","2","265","replacement","8470","8830","174227","1021970521602","1021723","2862.123"
"kittens.in","greedy-ls","274","2","267","replacement","5748","5762","21472","1021970543074","1021723","2864.532"
"kittens.in","greedy-ls","275","2","269","replacement","8711","7517","206793","1021970749867","1021723","2866.908"
"kittens.in","greedy-ls","276","2","270","replacement","9007","9244","230","1021970750097","1021723","2868.294"
"kittens.in","greedy-ls","277","2","282","replacement","8130","2121","158883","1021970908980","1021723","2879.569"
"kittens.in","greedy-ls","278","2","287","replacement","1117","4377","10922","1021970919902","1021723","2884.588"
"kittens.in","greedy-ls","279","2","291","replacement","4352","3836","117393","1021971037295","1021723","2888.502"
"kittens.in","greedy-ls","280","2","303","replacement","8125","5412","15388","1021971052683","1021723","2899.961"
"kittens.in","greedy-ls","281","2","308","replacement","8284","2615","31246","1021971083929","1021724","2905.807"
"kittens.in","greedy-ls","282","2","310","replacement","979","8125","795","1021971084724","1021724","2908.029"
"kittens.in","greedy-ls","283","2","312","replacement","374","6014","622013","1021971706737","1021724","2910.439"
"kittens.in","greedy-ls","284","2","313","replacement","6141","5446","510309","1021972217046","1021725","2911.966"
"kittens.in","greedy-ls","285","2","319","replacement","2986","3074","7924","1021972224970","1021725","2917.920"
"kittens.in","greedy-ls","286","2","326","replacement","8495","5446","164397","1021972389367","1021725","2924.915"
"kittens.in","greedy-ls","287","2","329","insertion","2643","-1","151110","1021972540477","1021725","2927.925"
"kittens.in","greedy-ls","288","2","331","replacement","6327","1774","25749","1021972566226","1021725","2930.095"
"kittens.in","greedy-ls","289","2","332","insertion","6258","-1","74520","1021972640746","1021725","2931.577"
"kittens.in","greedy-ls","290","2","337","replacement","5848","5437","133802","1021972774548","1021725","2936.680"
"kittens.in","greedy-ls","291","2","343","insertion","3012","-1","9721","1021972784269","1021725","2943.008"
"kittens.in","greedy-ls","292","2","348","replacement","6938","7652","1427","1021972785696","1021725","2947.772"
"kittens.in","greedy-ls","293","2","359","replacement","5762","7762","31847","1021972817543","1021725","2958.853"
"kittens.in","greedy-ls","294","2","360","replacement","9842","9244","15372","1021972832915","1021725","2960.248"
"kittens.in","greedy-ls","295","2","364","replacement","412","8130","130351","1021972963266","1021725","2964.144"
"kittens.in","greedy-ls","296","2","372","replacement","6296","3111","303474","1021973266740","1021726","2972.043"
"kittens.in","greedy-ls","297","2","373","insertion","8125","-1","26200","1021973292940","1021726","2973.162"
"kittens.in","greedy-ls","298","2","376","replacement","3936","935","1749","1021973294689","1021726","2976.175"
"kittens.in","greedy-ls","299","2","381","replacement","5715","79","11325","1021973306014","1021726","2981.022"
"kittens.in","greedy-ls","300","2","384","replacement","3012","79","3051","1021973309065","1021726","2983.867"
"kittens.in","greedy-ls","301","2","399","replacement","1979","4035","30552","1021973339617","1021726","3000.405"
"kittens.in","greedy-ls","302","2","400","replacement","3111","4527","368538","1021973708155","1021726","3001.988"
"kittens.in","greedy-ls","303","2","409","replacement","9842","3894","5967","1021973714122","1021726","3011.391"
"kittens.in","greedy-ls","304","2","413","replacement","2349","5097","368038","1021974082160","1021726","3015.950"
"kittens.in","greedy-ls","305","2","415","replacement","8663","5099","80893","1021974163053","1021727","3018.449"
"kittens.in","greedy-ls","306","2","418","insertion","7652","-1","1553","1021974164606","1021727","3021.344"
"kittens.in","greedy-ls","307","2","421","replacement","5848","2327","26243","1021974190849","1021727","3024.559"
"kittens.in","greedy-ls","308","2","456","replacement","7709","7120","21076","1021974211925","1021727","3059.869"
"kittens.in","greedy-ls","309","2","459","replacement","8491","9545","18447","1021974230372","1021727","3063.447"
"kittens.in","greedy-ls","310","2","460","insertion","79","-1","5172","1021974235544","1021727","3064.730"
"kittens.in","greedy-ls","311","2","462","replacement","9848","745","19539","1021974255083","1021727","3067.295"
"kittens.in","greedy-ls","312","2","476","replacement","7296","7949","79772","1021974334855","1021727","3082.311"
"kittens.in","greedy-ls","313","2","477","replacement","4377","925","75489","1021974410344","1021727","3083.834"
"kittens.in","greedy-ls","314","2","479","replacement","238","7880","71274","1021974481618","1021727","3085.939"
"kittens.in","greedy-ls","315","2","480","replacement","9224","5677","151728","1021974633346","1021727","3087.304"
"kittens.in","greedy-ls","316","2","483","replacement","9013","238","186712","1021974820058","1021727","3090.705"
"kittens.in","greedy-ls","317","2","485","replacement","745","7949","140802","1021974960860","1021727","3092.975"
"kittens.in","greedy-ls","318","2","486","replacement","8431","8644","71576","1021975032436","1021727","3094.554"
"kittens.in","greedy-ls","319","2","488","replacement","1524","450","189901","1021975222337","1021728","3097.184"
"kittens.in","greedy-ls","320","2","489","replacement","4180","753","960550","1021976182887","1021729","3098.414"
"kittens.in","greedy-ls","321","2","492","replacement","3936","9842","11067","1021976193954","1021729","3101.312"
"kittens.in","greedy-ls","322","2","498","replacement","6030","9848","58825","1021976252779","1021729","3107.895"
"kittens.in","greedy-ls","323","3","8","replacement","6054","8005","13018","1021976265797","1021729","3118.581"
"kittens.in","greedy-ls","324","3","11","replacement","9848","6827","60165","1021976325962","1021729","3121.524"
"kittens.in","greedy-ls","325","3","21","replacement","6306","6067","558005","1021976883967","1021729","3131.389"
"kittens.in","greedy-ls","326","3","27","replacement","5762","7438","32238","1021976916205","1021729","3137.066"
"kittens.in","greedy-ls","327","3","39","replacement","6547","6827","31980","1021976948185","1021729","3149.435"
"kittens.in","greedy-ls","328","3","40","replacement","8005","5340","24772","1021976972957","1021729","3150.684"
"kittens.in","greedy-ls","329","3","49","replacement","1383","8284","27201","1021977000158","1021729","3159.484"
"kittens.in","greedy-ls","330","3","63","replacement","7949","9842","2972","1021977003130","1021729","3173.764"
"kittens.in","greedy-ls","331","3","68","replacement","4326","7709","94614","1021977097744","1021730","3178.132"
"kittens.in","greedy-ls","332","3","77","replacement","3758","5848","39993","1021977137737","1021730","3187.604"
"kittens.in","greedy-ls","333","3","79","replacement","7179","374","423406","1021977561143","1021730","3190.010"
"kittens.in","greedy-ls","334","3","89","replacement","3982","3936","6233","1021977567376","1021730","3199.951"
"kittens.in","greedy-ls","335","3","93","replacement","979","5412","1587","1021977568963","1021730","3204.596"
"kittens.in","greedy-ls","336","3","120","replacement","6534","9075","176361","1021977745324","1021730","3230.738"
"kittens.in","greedy-ls","337","3","122","replacement","9461","4180","304059","1021978049383","1021730","3233.093"
"kittens.in","greedy-ls","338","3","123","replacement","4385","6196","361767","1021978411150","1021731","3234.462"
"kittens.in","greedy-ls","339","3","143","replacement","238","2013","99292","1021978510442","1021731","3253.307"
"kittens.in","greedy-ls","340","3","171","replacement","7762","7652","3914","1021978514356","1021731","3280.671"
"kittens.in","greedy-ls","341","3","174","replacement","4909","4176","5340","1021978519696","1021731","3284.195"
"kittens.in","greedy-ls","342","3","185","replacement","7267","2349","510021","1021979029717","1021731","3296.087"
"kittens.in","greedy-ls","343","3","195","replacement","450","4341","238643","1021979268360","1021732","3306.002"
"kittens.in","greedy-ls","344","3","199","replacement","2349","7795","649573","1021979917933","1021732","3309.987"
"kittens.in","greedy-ls","345","3","200","replacement","1125","9013","146658","1021980064591","1021732","3311.414"
"kittens.in","greedy-ls","346","3","203","replacement","5748","7296","10674","1021980075265","1021732","3314.842"
"kittens.in","greedy-ls","347","3","207","replacement","3012","5412","4825","1021980080090","1021732","3319.098"
"kittens.in","greedy-ls","348","3","212","replacement","4199","7949","3348","1021980083438","1021732","3324.090"
"kittens.in","greedy-ls","349","3","217","replacement","2121","8491","4877","1021980088315","1021733","3329.441"
"kittens.in","greedy-ls","350","3","219","replacement","8212","8830","24330","1021980112645","1021733","3331.931"
"kittens.in","greedy-ls","351","3","224","insertion","79","-1","7738","1021980120383","1021733","3336.758"
"kittens.in","greedy-ls","352","3","227","replacement","8994","7652","1449","1021980121832","1021733","3340.087"
"kittens.in","greedy-ls","353","3","232","replacement","9545","2121","15953","1021980137785","1021733","3345.349"
"kittens.in","greedy-ls","354","3","234","replacement","4340","238","247642","1021980385427","1021733","3347.839"
"kittens.in","greedy-ls","355","3","236","replacement","5340","5748","56068","1021980441495","1021733","3349.808"
"kittens.in","greedy-ls","356","3","241","replacement","1149","7179","15500","1021980456995","1021733","3355.091"
"kittens.in","greedy-ls","357","3","246","replacement","925","4909","83023","1021980540018","1021733","3359.869"
"kittens.in","greedy-ls","358","3","248","insertion","9968","-1","6525","1021980546543","1021733","3362.430"
"kittens.in","greedy-ls","359","3","249","replacement","4531","9139","363040","1021980909583","1021733","3363.849"
"kittens.in","greedy-ls","360","3","252","replacement","7883","8125","13790","1021980923373","1021733","3367.072"
"kittens.in","greedy-ls","361","3","259","replacement","4176","4340","88121","1021981011494","1021733","3374.134"
"kittens.in","greedy-ls","362","3","267","replacement","7153","2288","10790","1021981022284","1021733","3382.358"
"kittens.in","greedy-ls","363","3","278","replacement","2340","3758","30402","1021981052686","1021733","3392.854"
"kittens.in","greedy-ls","364","3","283","replacement","7438","8491","2594","1021981055280","1021733","3398.226"
"kittens.in","greedy-ls","365","3","285","replacement","7762","2986","2254","1021981057534","1021733","3400.324"
"kittens.in","greedy-ls","366","3","286","replacement","2013","3371","55182","1021981112716","1021734","3401.615"
"kittens.in","greedy-ls","367","3","293","replacement","9013","4531","365446","1021981478162","1021734","3408.720"
"kittens.in","greedy-ls","368","3","304","replacement","8284","8495","374851","1021981853013","1021734","3419.115"
"kittens.in","greedy-ls","369","3","308","insertion","7652","-1","6846","1021981859859","1021734","3423.724"
"kittens.in","greedy-ls","370","3","313","replacement","5880","935","44561","1021981904420","1021734","3428.952"
"kittens.in","greedy-ls","371","3","326","insertion","5412","-1","22515","1021981926935","1021734","3441.356"
"kittens.in","greedy-ls","372","3","337","replacement","6054","5848","94392","1021982021327","1021734","3452.136"
"kittens.in","greedy-ls","373","3","363","replacement","7699","8125","10040","1021982031367","1021734","3477.149"
"kittens.in","greedy-ls","374","3","364","replacement","9453","4176","82725","1021982114092","1021735","3478.410"
"kittens.in","greedy-ls","375","3","371","replacement","7429","2013","76760","1021982190852","1021735","3485.245"
"kittens.in","greedy-ls","376","3","376","replacement","7153","9007","632","1021982191484","1021735","3490.212"
"kittens.in","greedy-ls","377","3","400","insertion","8491","-1","25812","1021982217296","1021735","3513.570"
"kittens.in","greedy-ls","378","3","432","replacement","7438","8491","11676","1021982228972","1021735","3545.326"
"kittens.in","greedy-ls","379","3","461","replacement","7179","9178","280753","1021982509725","1021735","3572.718"
"kittens.in","greedy-ls","380","3","467","replacement","8005","745","15540","1021982525265","1021735","3578.670"
"kittens.in","greedy-ls","381","3","480","replacement","4176","9224","108883","1021982634148","1021735","3591.284"
"kittens.in","greedy-ls","382","3","489","insertion","8134","-1","70480","1021982704628","1021735","3600.715"
"kittens.in","greedy-ls","383","3","496","replacement","7883","5340","15837","1021982720465","1021735","3607.812"
"kittens.in","ocag-ls","0","0","-1","initial","-1","-1","0","1022185840508","1021938","0.000"
"kittens.in","ocag-ls","1","1","6","replacement","9842","2288","20026","1022185860534","1021938","1591.730"
"kittens.in","ocag-ls","2","1","8","replacement","8005","569","73970","1022185934504","1021938","1616.367"
"kittens.in","ocag-ls","3","1","9","replacement","9848","6692","47954","1022185982458","1021938","1631.585"
"kittens.in","ocag-ls","4","1","15","replacement","8994","935","10752","1022185993210","1021938","1704.215"
"kittens.in","ocag-ls","5","1","16","replacement","6613","7652","462","1022185993672","1021938","1715.189"
"kittens.in","ocag-ls","6","1","17","replacement","4020","1774","29685","1022186023357","1021938","1726.158"
"kittens.in","ocag-ls","7","1","19","replacement","2555","9007","9970","1022186033327","1021938","1756.076"
"kittens.in","ocag-ls","8","1","20","replacement","6547","7438","1422","1022186034749","1021938","1768.805"
"kittens.in","ocag-ls","9","1","21","replacement","6101","4855","30500","1022186065249","1021938","1784.067"
"kittens.in","ocag-ls","10","1","25","replacement","8183","9008","1579444","1022187644693","1021940","1828.653"
"kittens.in","ocag-ls","11","1","26","replacement","569","3836","118885","1022187763578","1021940","1842.202"
"kittens.in","ocag-ls","12","1","27","replacement","1454","8830","116883","1022187880461","1021940","1848.527"
"kittens.in","ocag-ls","13","1","28","replacement","116","2858","516715","1022188397176","1021941","1850.437"
"kittens.in","ocag-ls","14","1","30","replacement","4901","7413","6682","1022188403858","1021941","1853.113"
"kittens.in","ocag-ls","15","1","34","replacement","3316","9930","154559","1022188558417","1021941","1857.639"
"kittens.in","ocag-ls","16","1","35","replacement","843","1353","80668","1022188639085","1021941","1859.127"
"kittens.in","ocag-ls","17","1","39","replacement","4020","1534","72576","1022188711661","1021941","1863.738"
"kittens.in","ocag-ls","18","1","40","replacement","4035","4314","44484","1022188756145","1021941","1865.110"
"kittens.in","ocag-ls","19","1","41","replacement","6672","8812","223628","1022188979773","1021941","1866.676"
"kittens.in","ocag-ls","20","1","50","replacement","5880","5748","93532","1022189073305","1021941","1875.104"
"kittens.in","ocag-ls","21","1","51","replacement","9573","647","607252","1022189680557","1021942","1876.591"
"kittens.in","ocag-ls","22","1","54","replacement","7732","4765","120088","1022189800645","1021942","1880.278"
"kittens.in","ocag-ls","23","1","56","replacement","9533","3012","28824","1022189829469","1021942","1883.037"
"kittens.in","ocag-ls","24","1","57","replacement","5412","8994","11888","1022189841357","1021942","1884.336"
"kittens.in","ocag-ls","25","1","58","replacement","8130","3543","110688","1022189952045","1021942","1885.750"
"kittens.in","ocag-ls","26","1","61","replacement","569","1979","51544","1022190003589","1021942","1889.231"
"kittens.in","ocag-ls","27","1","64","replacement","1105","3144","207067","1022190210656","1021943","1892.089"
"kittens.in","ocag-ls","28","1","65","replacement","6547","8125","52792","1022190263448","1021943","1893.565"
"kittens.in","ocag-ls","29","1","67","replacement","3836","9848","7527","1022190270975","1021943","1895.721"
"kittens.in","ocag-ls","30","1","69","replacement","7709","2327","94483","1022190365458","1021943","1898.022"
"kittens.in","ocag-ls","31","1","70","replacement","8491","9842","19875","1022190385333","1021943","1899.289"
"kittens.in","ocag-ls","32","1","71","replacement","5412","7949","31435","1022190416768","1021943","1901.034"
"kittens.in","ocag-ls","33","1","72","replacement","4985","9270","102832","1022190519600","1021943","1902.431"
"kittens.in","ocag-ls","34","1","74","replacement","9842","4199","3775","1022190523375","1021943","1904.787"
"kittens.in","ocag-ls","35","1","75","replacement","2892","8722","241765","1022190765140","1021943","1906.228"
"kittens.in","ocag-ls","36","1","76","replacement","2685","1763","307994","1022191073134","1021943","1907.666"
"kittens.in","ocag-ls","37","1","79","replacement","7179","374","1455384","1022192528518","1021945","1911.334"
"kittens.in","ocag-ls","38","1","81","replacement","5880","7153","47910","1022192576428","1021945","1913.625"
"kittens.in","ocag-ls","39","1","82","replacement","8491","5412","2185","1022192578613","1021945","1914.992"
"kittens.in","ocag-ls","40","1","84","replacement","5340","4035","55722","1022192634335","1021945","1917.715"
"kittens.in","ocag-ls","41","1","85","replacement","5307","1625","43977","1022192678312","1021945","1919.119"
"kittens.in","ocag-ls","42","1","90","replacement","4311","4377","477164","1022193155476","1021946","1924.242"
"kittens.in","ocag-ls","43","1","97","replacement","6613","5715","22065","1022193177541","1021946","1930.792"
"kittens.in","ocag-ls","44","1","104","replacement","9007","8994","49710","1022193227251","1021946","1938.033"
"kittens.in","ocag-ls","45","1","105","replacement","6613","427","14348","1022193241599","1021946","1939.401"
"kittens.in","ocag-ls","46","1","107","replacement","2858","9086","566745","1022193808344","1021946","1941.471"
"kittens.in","ocag-ls","47","1","109","replacement","8293","7709","113952","1022193922296","1021946","1943.895"
"kittens.in","ocag-ls","48","1","112","replacement","9968","5715","6873","1022193929169","1021946","1947.165"
"kittens.in","ocag-ls","49","1","116","replacement","4020","259","28818","1022193957987","1021946","1951.622"
"kittens.in","ocag-ls","50","1","117","replacement","7709","2013","143500","1022194101487","1021946","1953.048"
"kittens.in","ocag-ls","51","1","120","replacement","2327","4326","93896","1022194195383","1021947","1956.418"
"kittens.in","ocag-ls","52","1","121","replacement","1979","1984","44763","1022194240146","1021947","1958.148"
"kittens.in","ocag-ls","53","1","122","replacement","4180","5917","823869","1022195064015","1021947","1959.584"
"kittens.in","ocag-ls","54","1","123","replacement","6196","4526","1051476","1022196115491","1021948","1961.126"
"kittens.in","ocag-ls","55","1","124","replacement","4660","2058","98959","1022196214450","1021949","1962.520"
"kittens.in","ocag-ls","56","1","125","replacement","9688","9040","781462","1022196995912","1021949","1964.050"
"kittens.in","ocag-ls","57","1","133","replacement","5677","7997","277598","1022197273510","1021950","1972.162"
"kittens.in","ocag-ls","58","1","136","replacement","4400","4107","1264145","1022198537655","1021951","1975.305"
"kittens.in","ocag-ls","59","1","138","replacement","935","3074","11472","1022198549127","1021951","1977.746"
"kittens.in","ocag-ls","60","1","143","replacement","2615","7736","51635","1022198600762","1021951","1982.063"
"kittens.in","ocag-ls","61","1","144","replacement","2288","2","10314","1022198611076","1021951","1983.431"
"kittens.in","ocag-ls","62","1","146","replacement","3936","7153","22023","1022198633099","1021951","1985.869"
"kittens.in","ocag-ls","63","1","148","replacement","2288","2240","3452","1022198636551","1021951","1988.957"
"kittens.in","ocag-ls","64","1","150","replacement","8284","8910","451451","1022199088002","1021951","1991.533"
"kittens.in","ocag-ls","65","1","152","replacement","9842","7699","6825","1022199094827","1021951","1993.992"
"kittens.in","ocag-ls","66","1","155","replacement","2986","3074","7870","1022199102697","1021951","1997.325"
"kittens.in","ocag-ls","67","1","157","replacement","7120","3877","15002","1022199117699","1021951","1999.474"
"kittens.in","ocag-ls","68","1","160","replacement","148","3521","141958","1022199259657","1021952","2002.789"
"kittens.in","ocag-ls","69","1","162","replacement","1289","9404","234655","1022199494312","1021952","2005.613"
"kittens.in","ocag-ls","70","1","163","replacement","2121","8387","32950","1022199527262","1021952","2007.054"
"kittens.in","ocag-ls","71","1","164","replacement","1625","447","71048","1022199598310","1021952","2008.659"
"kittens.in","ocag-ls","72","1","165","replacement","3877","2240","3801","1022199602111","1021952","2009.868"
"kittens.in","ocag-ls","73","1","168","replacement","9842","427","5145","1022199607256","1021952","2013.404"
"kittens.in","ocag-ls","74","1","171","replacement","7762","5962","3914","1022199611170","1021952","2017.020"
"kittens.in","ocag-ls","75","1","172","replacement","5762","3012","4796","1022199615966","1021952","2018.218"
"kittens.in","ocag-ls","76","1","174","replacement","8491","9842","3487","1022199619453","1021952","2021.125"
"kittens.in","ocag-ls","77","1","176","replacement","321","2288","1673","1022199621126","1021952","2023.433"
"kittens.in","ocag-ls","78","1","177","replacement","5748","3936","5662","1022199626788","1021952","2024.810"
"kittens.in","ocag-ls","79","1","178","replacement","3427","1710","195232","1022199822020","1021952","2026.305"
"kittens.in","ocag-ls","80","1","179","insertion","4199","-1","13286","1022199835306","1021952","2031.079"
"kittens.in","ocag-ls","81","1","186","replacement","5507","5762","13918","1022199849224","1021952","2050.457"
"kittens.in","ocag-ls","82","1","188","replacement","2986","321","4274","1022199853498","1021952","2057.223"
"kittens.in","ocag-ls","83","1","189","replacement","8293","412","127281","1022199980779","1021952","2060.410"
"kittens.in","ocag-ls","84","1","194","replacement","1668","9968","18672","1022199999451","1021952","2073.339"
"kittens.in","ocag-ls","85","1","195","replacement","9265","625","573237","1022200572688","1021953","2077.121"
"kittens.in","ocag-ls","86","1","197","replacement","3894","3936","4601","1022200577289","1021953","2081.886"
"kittens.in","ocag-ls","87","1","203","replacement","183","3376","65098","1022200642387","1021953","2099.447"
"kittens.in","ocag-ls","88","1","205","replacement","9075","5880","7513","1022200649900","1021953","2105.353"
"kittens.in","ocag-ls","89","1","207","replacement","745","4020","78840","1022200728740","1021953","2112.263"
"kittens.in","ocag-ls","90","1","210","replacement","3012","3877","6630","1022200735370","1021953","2121.193"
"kittens.in","ocag-ls","91","1","211","replacement","4909","8284","558109","1022201293479","1021954","2124.787"
"kittens.in","ocag-ls","92","1","216","replacement","7088","7179","190843","1022201484322","1021954","2138.062"
"kittens.in","ocag-ls","93","1","217","replacement","6778","6049","180004","1022201664326","1021954","2141.002"
"kittens.in","ocag-ls","94","1","218","replacement","7709","2327","209052","1022201873378","1021954","2144.910"
"kittens.in","ocag-ls","95","1","219","replacement","6827","9075","155265","1022202028643","1021954","2148.972"
"kittens.in","ocag-ls","96","1","226","replacement","1454","8832","473807","1022202502450","1021955","2168.220"
"kittens.in","ocag-ls","97","1","228","replacement","9848","745","7288","1022202509738","1021955","2174.042"
"kittens.in","ocag-ls","98","1","229","replacement","5748","7949","26156","1022202535894","1021955","2177.463"
"kittens.in","ocag-ls","99","1","234","replacement","3023","238","119078","1022202654972","1021955","2189.204"
"kittens.in","ocag-ls","100","1","235","replacement","9842","6613","7030","1022202662002","1021955","2191.292"
"kittens.in","ocag-ls","101","1","236","replacement","1984","8406","72306","1022202734308","1021955","2193.364"
"kittens.in","ocag-ls","102","1","237","replacement","3982","3830","37938","1022202772246","1021955","2195.575"
"kittens.in","ocag-ls","103","1","238","replacement","1668","2121","3135","1022202775381","1021955","2206.568"
"kittens.in","ocag-ls","104","1","240","replacement","7949","4199","1837","1022202777218","1021955","2238.837"
"kittens.in","ocag-ls","105","1","241","replacement","3877","7883","4876","1022202782094","1021955","2253.598"
"kittens.in","ocag-ls","106","1","242","replacement","4901","3877","31668","1022202813762","1021955","2265.419"
"kittens.in","ocag-ls","107","1","244","replacement","4624","5322","49235","1022202862997","1021955","2289.075"
"kittens.in","ocag-ls","108","1","246","replacement","3885","4909","134272","1022202997269","1021955","2315.379"
"kittens.in","ocag-ls","109","1","248","replacement","1601","6067","1644714","1022204641983","1021957","2343.649"
"kittens.in","ocag-ls","110","1","249","replacement","6327","9848","14010","1022204655993","1021957","2346.908"
"kittens.in","ocag-ls","111","1","251","replacement","2128","7545","589824","1022205245817","1021958","2348.937"
"kittens.in","ocag-ls","112","1","252","replacement","7883","9842","4494","1022205250311","1021958","2350.138"
"kittens.in","ocag-ls","113","1","253","replacement","7296","1984","72520","1022205322831","1021958","2351.455"
"kittens.in","ocag-ls","114","1","261","replacement","4377","1429","52851","1022205375682","1021958","2358.159"
"kittens.in","ocag-ls","115","1","262","replacement","6692","2340","32090","1022205407772","1021958","2359.378"
"kittens.in","ocag-ls","116","1","263","replacement","935","2962","888","1022205408660","1021958","2360.703"
"kittens.in","ocag-ls","117","1","267","replacement","8495","1496","674219","1022206082879","1021958","2364.112"
"kittens.in","ocag-ls","118","1","268","replacement","9007","7762","15350","1022206098229","1021958","2365.174"
"kittens.in","ocag-ls","119","1","269","replacement","1343","4909","161839","1022206260068","1021959","2366.481"
"kittens.in","ocag-ls","120","1","270","replacement","8994","3074","10688","1022206270756","1021959","2367.657"
"kittens.in","ocag-ls","121","1","273","replacement","8125","1668","16574","1022206287330","1021959","2370.131"
"kittens.in","ocag-ls","122","1","277","replacement","8994","6613","4966","1022206292296","1021959","2373.382"
"kittens.in","ocag-ls","123","1","279","replacement","5412","7652","32662","1022206324958","1021959","2375.137"
"kittens.in","ocag-ls","124","1","280","replacement","9842","8491","23902","1022206348860","1021959","2376.224"
"kittens.in","ocag-ls","125","1","282","replacement","7240","2121","53021","1022206401881","1021959","2377.947"
"kittens.in","ocag-ls","126","1","285","replacement","2986","7762","1162","1022206403043","1021959","2380.390"
"kittens.in","ocag-ls","127","1","287","replacement","8406","7438","26544","1022206429587","1021959","2382.605"
"kittens.in","ocag-ls","128","1","289","replacement","7762","3012","6762","1022206436349","1021959","2384.427"
"kittens.in","ocag-ls","129","1","290","replacement","1710","8920","217349","1022206653698","1021959","2385.899"
"kittens.in","ocag-ls","130","1","296","replacement","4199","9968","3682","1022206657380","1021959","2390.629"
"kittens.in","ocag-ls","131","1","297","replacement","9533","7652","1674","1022206659054","1021959","2391.649"
"kittens.in","ocag-ls","132","1","299","replacement","4527","838","571492","1022207230546","1021960","2393.663"
"kittens.in","ocag-ls","133","1","301","replacement","7439","3146","229600","1022207460146","1021960","2395.705"
"kittens.in","ocag-ls","134","1","303","replacement","3074","7762","8779","1022207468925","1021960","2397.636"
"kittens.in","ocag-ls","135","1","304","replacement","5862","8495","1090618","1022208559543","1021961","2398.725"
"kittens.in","ocag-ls","136","1","306","replacement","7883","5748","2109","1022208561652","1021961","2400.516"
"kittens.in","ocag-ls","137","1","307","replacement","6327","5507","115121","1022208676773","1021961","2402.048"
"kittens.in","ocag-ls","138","1","309","replacement","4352","5340","144010","1022208820783","1021961","2403.805"
"kittens.in","ocag-ls","139","1","310","replacement","8406","4855","8860","1022208829643","1021961","2404.842"
"kittens.in","ocag-ls","140","1","311","replacement","2155","8711","124551","1022208954194","1021961","2405.967"
"kittens.in","ocag-ls","141","1","312","replacement","1299","6547","26840","1022208981034","1021961","2407.214"
"kittens.in","ocag-ls","142","1","313","replacement","732","8462","549434","1022209530468","1021962","2408.446"
"kittens.in","ocag-ls","143","1","314","replacement","259","6030","47504","1022209577972","1021962","2409.543"
"kittens.in","ocag-ls","144","1","325","replacement","4180","1289","559530","1022210137502","1021962","2417.889"
"kittens.in","ocag-ls","145","1","327","replacement","3584","1125","557386","1022210694888","1021963","2419.805"
"kittens.in","ocag-ls","146","1","328","replacement","5412","427","17510","1022210712398","1021963","2420.980"
"kittens.in","ocag-ls","147","1","330","replacement","979","2288","20208","1022210732606","1021963","2423.147"
"kittens.in","ocag-ls","148","1","332","replacement","8325","7210","4034365","1022214766971","1021967","2425.059"
"kittens.in","ocag-ls","149","1","334","replacement","3602","3885","62778","1022214829749","1021967","2426.843"
"kittens.in","ocag-ls","150","1","337","replacement","3982","7699","2314","1022214832063","1021967","2429.614"
"kittens.in","ocag-ls","151","1","339","replacement","9806","5112","3047669","1022217879732","1021970","2431.457"
"kittens.in","ocag-ls","152","1","340","replacement","7883","7762","33525","1022217913257","1021970","2432.560"
"kittens.in","ocag-ls","153","1","345","replacement","5412","2986","135","1022217913392","1021970","2436.519"
"kittens.in","ocag-ls","154","1","347","replacement","2114","1454","514735","1022218428127","1021971","2438.379"
"kittens.in","ocag-ls","155","1","348","replacement","3012","7652","1640","1022218429767","1021971","2439.404"
"kittens.in","ocag-ls","156","1","349","replacement","2340","4020","50885","1022218480652","1021971","2440.501"
"kittens.in","ocag-ls","157","1","352","replacement","3371","6534","250704","1022218731356","1021971","2443.057"
"kittens.in","ocag-ls","158","1","354","replacement","7949","5880","45528","1022218776884","1021971","2444.833"
"kittens.in","ocag-ls","159","1","355","replacement","8830","2704","483125","1022219260009","1021972","2445.820"
"kittens.in","ocag-ls","160","1","357","replacement","7413","1299","80322","1022219340331","1021972","2447.364"
"kittens.in","ocag-ls","161","1","359","replacement","4352","7732","93896","1022219434227","1021972","2449.073"
"kittens.in","ocag-ls","162","1","360","replacement","1668","9244","16422","1022219450649","1021972","2450.338"
"kittens.in","ocag-ls","163","1","368","insertion","9968","-1","9990","1022219460639","1021972","2455.675"
"kittens.in","ocag-ls","164","1","372","replacement","7219","3111","366062","1022219826701","1021972","2458.829"
"kittens.in","ocag-ls","165","1","373","replacement","8431","3023","51588","1022219878289","1021972","2459.910"
"kittens.in","ocag-ls","166","1","376","replacement","5748","935","8010","1022219886299","1021972","2462.086"
"kittens.in","ocag-ls","167","1","384","replacement","935","79","18086","1022219904385","1021972","2467.825"
"kittens.in","ocag-ls","168","1","385","replacement","7517","3602","201595","1022220105980","1021972","2468.866"
"kittens.in","ocag-ls","169","1","388","replacement","9968","2962","15360","1022220121340","1021972","2471.374"
"kittens.in","ocag-ls","170","1","389","replacement","7296","8406","50221","1022220171561","1021973","2472.427"
"kittens.in","ocag-ls","171","1","390","replacement","9007","8994","9223","1022220180784","1021973","2473.628"
"kittens.in","ocag-ls","172","1","399","replacement","5880","745","39575","1022220220359","1021973","2479.677"
"kittens.in","ocag-ls","173","1","400","replacement","4728","1557","424207","1022220644566","1021973","2480.725"
"kittens.in","ocag-ls","174","1","402","replacement","8491","4199","9782","1022220654348","1021973","2482.567"
"kittens.in","ocag-ls","175","1","403","replacement","8644","7429","80491","1022220734839","1021973","2483.645"
"kittens.in","ocag-ls","176","1","407","replacement","2986","3074","5967","1022220740806","1021973","2487.193"
"kittens.in","ocag-ls","177","1","408","replacement","2643","1774","30096","1022220770902","1021973","2488.201"
"kittens.in","ocag-ls","178","1","413","replacement","6258","1979","27699","1022220798601","1021973","2492.115"
"kittens.in","ocag-ls","179","1","415","replacement","5099","6141","68993","1022220867594","1021973","2493.724"
"kittens.in","ocag-ls","180","1","419","replacement","5437","6021","106620","1022220974214","1021973","2496.501"
"kittens.in","ocag-ls","181","1","420","replacement","7699","7153","21356","1022220995570","1021973","2497.596"
"kittens.in","ocag-ls","182","1","423","replacement","6613","9007","20808","1022221016378","1021973","2500.620"
"kittens.in","ocag-ls","183","1","427","replacement","420","2666","101647","1022221118025","1021973","2503.581"
"kittens.in","ocag-ls","184","1","429","replacement","5880","6547","27774","1022221145799","1021974","2505.512"
"kittens.in","ocag-ls","185","1","432","replacement","7699","2555","9218","1022221155017","1021974","2507.670"
"kittens.in","ocag-ls","186","1","437","replacement","4855","6101","47400","1022221202417","1021974","2511.081"
"kittens.in","ocag-ls","187","1","438","replacement","3877","3894","31644","1022221234061","1021974","2512.162"
"kittens.in","ocag-ls","188","1","441","replacement","9545","9842","8721","1022221242782","1021974","2515.513"
"kittens.in","ocag-ls","189","1","443","replacement","3012","4199","2232","1022221245014","1021974","2517.282"
"kittens.in","ocag-ls","190","1","447","replacement","6547","5748","815","1022221245829","1021974","2520.475"
"kittens.in","ocag-ls","191","1","451","replacement","7736","8716","291196","1022221537025","1021974","2523.507"
"kittens.in","ocag-ls","192","1","452","replacement","5880","745","79208","1022221616233","1021974","2524.578"
"kittens.in","ocag-ls","193","1","456","replacement","3023","4664","224990","1022221841223","1021974","2527.637"
"kittens.in","ocag-ls","194","1","458","replacement","7709","5437","142138","1022221983361","1021974","2529.526"
"kittens.in","ocag-ls","195","1","459","replacement","745","6327","68136","1022222051497","1021974","2530.643"
"kittens.in","ocag-ls","196","1","460","replacement","5445","6467","761269","1022222812766","1021975","2531.623"
"kittens.in","ocag-ls","197","1","461","replacement","4314","6547","60718","1022222873484","1021975","2532.709"
"kittens.in","ocag-ls","198","1","462","replacement","745","6258","66249","1022222939733","1021975","2534.006"
"kittens.in","ocag-ls","199","1","468","replacement","3543","8644","175028","1022223114761","1021975","2538.087"
"kittens.in","ocag-ls","200","1","470","replacement","3012","1668","20800","1022223135561","1021975","2539.738"
"kittens.in","ocag-ls","201","1","472","replacement","4855","7413","37470","1022223173031","1021976","2541.393"
"kittens.in","ocag-ls","202","1","473","replacement","7699","5962","7524","1022223180555","1021976","2542.380"
"kittens.in","ocag-ls","203","1","476","replacement","7699","7949","19936","1022223200491","1021976","2544.687"
"kittens.in","ocag-ls","204","1","478","replacement","5962","2240","17907","1022223218398","1021976","2546.537"
"kittens.in","ocag-ls","205","1","480","replacement","7852","8794","487128","1022223705526","1021976","2548.568"
"kittens.in","ocag-ls","206","1","481","replacement","4531","4728","307878","1022224013404","1021976","2549.784"
"kittens.in","ocag-ls","207","1","483","replacement","3981","7806","1347890","1022225361294","1021978","2551.482"
"kittens.in","ocag-ls","208","1","485","replacement","7133","2790","405780","1022225767074","1021978","2553.214"
"kittens.in","ocag-ls","209","1","486","replacement","7880","9199","180187","1022225947261","1021978","2554.628"
"kittens.in","ocag-ls","210","1","488","replacement","3936","7699","19173","1022225966434","1021978","2556.343"
"kittens.in","ocag-ls","211","1","491","replacement","1383","7852","296269","1022226262703","1021979","2558.563"
"kittens.in","ocag-ls","212","1","492","replacement","8671","7219","163524","1022226426227","1021979","2559.528"
"kittens.in","ocag-ls","213","1","493","replacement","6428","2136","2411968","1022228838195","1021981","2561.138"
"kittens.in","ocag-ls","214","1","494","replacement","3304","4639","1890443","1022230728638","1021983","2562.378"
"kittens.in","ocag-ls","215","1","495","replacement","5869","5880","121946","1022230850584","1021983","2563.551"
"kittens.in","ocag-ls","216","1","496","replacement","6547","8387","22120","1022230872704","1021983","2564.774"
"kittens.in","ocag-ls","217","1","498","replacement","6030","259","58825","1022230931529","1021983","2566.470"
"kittens.in","ocag-ls","218","1","499","replacement","4531","6467","220824","1022231152353","1021984","2567.675"
"kittens.in","ocag-ls","219","2","0","replacement","8716","148","131600","1022231283953","1021984","2569.190"
"kittens.in","ocag-ls","220","2","3","replacement","745","5340","102469","1022231386422","1021984","2572.277"
"kittens.in","ocag-ls","221","2","26","replacement","6547","5064","22930","1022231409352","1021984","2594.411"
"kittens.in","ocag-ls","222","2","28","replacement","8284","7713","119054","1022231528406","1021984","2638.576"
"kittens.in","ocag-ls","223","2","39","replacement","9075","6827","33741","1022231562147","1021984","2650.043"
"kittens.in","ocag-ls","224","2","42","replacement","3936","7699","7147","1022231569294","1021984","2653.622"
"kittens.in","ocag-ls","225","2","49","replacement","7413","5880","71784","1022231641078","1021984","2660.563"
"kittens.in","ocag-ls","226","2","51","replacement","5848","5762","84448","1022231725526","1021984","2662.899"
"kittens.in","ocag-ls","227","2","56","replacement","4199","9533","28971","1022231754497","1021984","2668.366"
"kittens.in","ocag-ls","228","2","61","replacement","1979","569","32141","1022231786638","1021984","2673.388"
"kittens.in","ocag-ls","229","2","62","replacement","427","5412","2448","1022231789086","1021984","2674.556"
"kittens.in","ocag-ls","230","2","63","replacement","9848","745","48705","1022231837791","1021984","2675.754"
"kittens.in","ocag-ls","231","2","69","replacement","6611","3964","74586","1022231912377","1021984","2681.481"
"kittens.in","ocag-ls","232","2","70","insertion","9968","-1","11655","1022231924032","1021984","2682.557"
"kittens.in","ocag-ls","233","2","71","replacement","8387","8406","49458","1022231973490","1021984","2684.204"
"kittens.in","ocag-ls","234","2","72","insertion","2986","-1","2761","1022231976251","1021984","2685.384"
"kittens.in","ocag-ls","235","2","76","replacement","3074","7762","27531","1022232003782","1021984","2691.077"
"kittens.in","ocag-ls","236","2","77","replacement","9013","8671","349603","1022232353385","1021985","2692.628"
"kittens.in","ocag-ls","237","2","79","replacement","7240","6258","96759","1022232450144","1021985","2694.991"
"kittens.in","ocag-ls","238","2","90","replacement","4855","6547","35428","1022232485572","1021985","2705.571"
"kittens.in","ocag-ls","239","2","105","replacement","5748","7240","55044","1022232540616","1021985","2720.574"
"kittens.in","ocag-ls","240","2","107","insertion","1299","-1","72579","1022232613195","1021985","2722.529"
"kittens.in","ocag-ls","241","2","117","replacement","7296","7120","75136","1022232688331","1021985","2732.553"
"kittens.in","ocag-ls","242","2","120","replacement","569","9075","29628","1022232717959","1021985","2735.864"
"kittens.in","ocag-ls","243","2","123","replacement","9138","300","748071","1022233466030","1021986","2739.226"
"kittens.in","ocag-ls","244","2","125","replacement","8644","7699","60910","1022233526940","1021986","2741.621"
"kittens.in","ocag-ls","245","2","126","replacement","4340","1625","29446","1022233556386","1021986","2743.170"
"kittens.in","ocag-ls","246","2","130","replacement","7949","8125","2060","1022233558446","1021986","2747.290"
"kittens.in","ocag-ls","247","2","131","replacement","8134","6827","2750","1022233561196","1021986","2748.484"
"kittens.in","ocag-ls","248","2","138","replacement","352","8644","113385","1022233674581","1021986","2755.722"
"kittens.in","ocag-ls","249","2","152","replacement","3936","9545","4294","1022233678875","1021986","2768.483"
"kittens.in","ocag-ls","250","2","153","replacement","7949","3877","9384","1022233688259","1021986","2769.950"
"kittens.in","ocag-ls","251","2","163","replacement","935","7949","12007","1022233700266","1021986","2779.769"
"kittens.in","ocag-ls","252","2","169","replacement","9129","569","110362","1022233810628","1021986","2786.501"
"kittens.in","ocag-ls","253","2","170","replacement","9848","8387","66007","1022233876635","1021986","2787.796"
"kittens.in","ocag-ls","254","2","175","replacement","3371","8644","21598","1022233898233","1021986","2793.090"
"kittens.in","ocag-ls","255","2","176","replacement","2013","3543","19823","1022233918056","1021986","2794.249"
"kittens.in","ocag-ls","256","2","178","insertion","8994","-1","9689","1022233927745","1021986","2796.444"
"kittens.in","ocag-ls","257","2","195","replacement","8830","9615","295947","1022234223692","1021987","2814.863"
"kittens.in","ocag-ls","258","2","200","replacement","7864","420","205805","1022234429497","1021987","2820.494"
"kittens.in","ocag-ls","259","2","208","replacement","1343","4377","14923","1022234444420","1021987","2829.569"
"kittens.in","ocag-ls","260","2","210","replacement","8005","5507","83238","1022234527658","1021987","2831.946"
"kittens.in","ocag-ls","261","2","211","replacement","8812","6054","328762","1022234856420","1021987","2833.387"
"kittens.in","ocag-ls","262","2","216","replacement","7296","4855","86919","1022234943339","1021987","2838.312"
"kittens.in","ocag-ls","263","2","219","replacement","6404","2666","192529","1022235135868","1021987","2841.743"
"kittens.in","ocag-ls","264","2","223","replacement","8406","979","2330","1022235138198","1021987","2847.300"
"kittens.in","ocag-ls","265","2","224","replacement","3584","5445","171047","1022235309245","1021988","2848.545"
"kittens.in","ocag-ls","266","2","228","replacement","745","9848","9902","1022235319147","1021988","2852.623"
"kittens.in","ocag-ls","267","2","231","replacement","7575","3023","64978","1022235384125","1021988","2856.023"
"kittens.in","ocag-ls","268","2","233","replacement","847","9138","6935","1022235391060","1021988","2858.191"
"kittens.in","ocag-ls","269","2","234","replacement","9968","9533","4349","1022235395409","1021988","2859.776"
"kittens.in","ocag-ls","270","2","236","replacement","6327","8491","29211","1022235424620","1021988","2862.132"
"kittens.in","ocag-ls","271","2","237","replacement","1774","4199","12180","1022235436800","1021988","2863.550"
"kittens.in","ocag-ls","272","2","238","replacement","4035","2643","56868","1022235493668","1021988","2864.733"
"kittens.in","ocag-ls","273","2","249","replacement","4765","6327","73887","1022235567555","1021988","2875.543"
"kittens.in","ocag-ls","274","2","251","insertion","8994","-1","8153","1022235575708","1021988","2877.750"
"kittens.in","ocag-ls","275","2","267","replacement","8387","7762","79068","1022235654776","1021988","2894.133"
"kittens.in","ocag-ls","276","2","269","replacement","7997","5437","140493","1022235795269","1021988","2896.505"
"kittens.in","ocag-ls","277","2","272","replacement","3758","352","181826","1022235977095","1021988","2899.438"
"kittens.in","ocag-ls","278","2","273","replacement","300","1710","374765","1022236351860","1021989","2900.634"
"kittens.in","ocag-ls","279","2","280","insertion","2288","-1","1662","1022236353522","1021989","2907.008"
"kittens.in","ocag-ls","280","2","283","insertion","3877","-1","8592","1022236362114","1021989","2910.416"
"kittens.in","ocag-ls","281","2","299","replacement","2155","3894","138946","1022236501060","1021989","2926.194"
"kittens.in","ocag-ls","282","2","305","replacement","2643","5880","2235","1022236503295","1021989","2932.204"
"kittens.in","ocag-ls","283","2","310","replacement","979","7438","795","1022236504090","1021989","2937.669"
"kittens.in","ocag-ls","284","2","313","replacement","6141","732","106610","1022236610700","1021989","2941.413"
"kittens.in","ocag-ls","285","2","327","replacement","199","3584","220496","1022236831196","1021989","2954.710"
"kittens.in","ocag-ls","286","2","332","replacement","2650","6550","1364281","1022238195477","1021991","2959.891"
"kittens.in","ocag-ls","287","2","337","replacement","3830","5437","52640","1022238248117","1021991","2964.847"
"kittens.in","ocag-ls","288","2","339","insertion","7880","-1","317909","1022238566026","1021991","2966.980"
"kittens.in","ocag-ls","289","2","347","replacement","7219","2114","56032","1022238622058","1021991","2974.847"
"kittens.in","ocag-ls","290","2","348","replacement","7120","5880","16200","1022238638258","1021991","2976.103"
"kittens.in","ocag-ls","291","2","349","replacement","5412","4199","5640","1022238643898","1021991","2977.547"
"kittens.in","ocag-ls","292","2","354","replacement","6258","7438","81600","1022238725498","1021991","2982.790"
"kittens.in","ocag-ls","293","2","357","replacement","5748","3982","27425","1022238752923","1021991","2986.124"
"kittens.in","ocag-ls","294","2","359","replacement","5762","8387","38709","1022238791632","1021991","2988.641"
"kittens.in","ocag-ls","295","2","372","replacement","7413","3830","45250","1022238836882","1021991","3000.614"
"kittens.in","ocag-ls","296","2","373","replacement","7880","9129","83168","1022238920050","1021991","3001.983"
"kittens.in","ocag-ls","297","2","385","replacement","6635","4340","36363","1022238956413","1021991","3013.726"
"kittens.in","ocag-ls","298","2","396","replacement","9842","8994","11010","1022238967423","1021991","3025.393"
"kittens.in","ocag-ls","299","2","399","replacement","4314","4035","23144","1022238990567","1021991","3028.487"
"kittens.in","ocag-ls","300","2","400","replacement","5322","4527","214534","1022239205101","1021992","3029.910"
"kittens.in","ocag-ls","301","2","403","replacement","5507","6938","68025","1022239273126","1021992","3033.102"
"kittens.in","ocag-ls","302","2","408","replacement","3894","3074","2808","1022239275934","1021992","3038.232"
"kittens.in","ocag-ls","303","2","419","replacement","5962","7949","5825","1022239281759","1021992","3049.183"
"kittens.in","ocag-ls","304","2","423","replacement","7932","2650","580355","1022239862114","1021992","3053.997"
"kittens.in","ocag-ls","305","2","434","replacement","8005","745","7505","1022239869619","1021992","3064.309"
"kittens.in","ocag-ls","306","2","440","replacement","569","2327","80190","1022239949809","1021992","3070.495"
"kittens.in","ocag-ls","307","2","443","insertion","321","-1","3772","1022239953581","1021992","3073.345"
"kittens.in","ocag-ls","308","2","452","insertion","935","-1","4056","1022239957637","1021992","3082.635"
"kittens.in","ocag-ls","309","2","456","replacement","9244","3074","1429","1022239959066","1021992","3087.112"
"kittens.in","ocag-ls","310","2","458","replacement","3012","2643","12558","1022239971624","1021992","3089.242"
"kittens.in","ocag-ls","311","2","459","replacement","8491","9545","30745","1022240002369","1021992","3090.712"
"kittens.in","ocag-ls","312","2","460","insertion","79","-1","5172","1022240007541","1021992","3091.717"
"kittens.in","ocag-ls","313","2","461","replacement","2327","4314","31532","1022240039073","1021992","3093.710"
"kittens.in","ocag-ls","314","2","462","replacement","9848","6327","42588","1022240081661","1021992","3094.984"
"kittens.in","ocag-ls","315","2","464","replacement","8125","7949","2455","1022240084116","1021992","3097.249"
"kittens.in","ocag-ls","316","2","480","replacement","4531","6672","674920","1022240759036","1021993","3112.877"
"kittens.in","ocag-ls","317","2","481","replacement","1299","9842","45574","1022240804610","1021993","3114.604"
"kittens.in","ocag-ls","318","2","483","replacement","6712","6404","241151","1022241045761","1021993","3117.031"
"kittens.in","ocag-ls","319","2","486","replacement","3894","321","339","1022241046100","1021993","3120.506"
"kittens.in","ocag-ls","320","2","491","replacement","6404","1383","35435","1022241081535","1021993","3125.612"
"kittens.in","ocag-ls","321","2","492","replacement","4326","5507","38440","1022241119975","1021993","3126.767"
"kittens.in","ocag-ls","322","2","493","replacement","8671","412","54987","1022241174962","1021994","3128.029"
"kittens.in","ocag-ls","323","2","499","replacement","205","4531","100178","1022241275140","1021994","3134.827"
"kittens.in","ocag-ls","324","3","8","replacement","7413","5748","30433","1022241305573","1021994","3162.535"
"kittens.in","ocag-ls","325","3","20","replacement","7438","7296","15394","1022241320967","1021994","3193.273"
"kittens.in","ocag-ls","326","3","21","replacement","3894","2986","585","1022241321552","1021994","3196.420"
"kittens.in","ocag-ls","327","3","25","replacement","7699","1774","15574","1022241337126","1021994","3205.644"
"kittens.in","ocag-ls","328","3","26","replacement","1625","4765","2022","1022241339148","1021994","3208.491"
"kittens.in","ocag-ls","329","3","28","replacement","1383","8284","149603","1022241488751","1021994","3215.590"
"kittens.in","ocag-ls","330","3","39","replacement","5880","5762","8651","1022241497402","1021994","3231.151"
"kittens.in","ocag-ls","331","3","58","replacement","3728","7864","48934","1022241546336","1021994","3250.588"
"kittens.in","ocag-ls","332","3","64","replacement","6827","8406","73348","1022241619684","1021994","3256.573"
"kittens.in","ocag-ls","333","3","69","replacement","2327","8134","65584","1022241685268","1021994","3261.709"
"kittens.in","ocag-ls","334","3","105","insertion","3936","-1","12756","1022241698024","1021994","3298.696"
"kittens.in","ocag-ls","335","3","109","replacement","3074","3982","1640","1022241699664","1021994","3302.622"
"kittens.in","ocag-ls","336","3","123","replacement","4385","6196","361767","1022242061431","1021994","3316.975"
"kittens.in","ocag-ls","337","3","133","replacement","2327","9129","71020","1022242132451","1021994","3328.220"
"kittens.in","ocag-ls","338","3","135","replacement","7240","8387","83009","1022242215460","1021995","3330.492"
"kittens.in","ocag-ls","339","3","152","replacement","8406","9842","6083","1022242221543","1021995","3346.771"
"kittens.in","ocag-ls","340","3","163","insertion","9533","-1","2236","1022242223779","1021995","3358.444"
"kittens.in","ocag-ls","341","3","170","replacement","1956","6712","130974","1022242354753","1021995","3365.963"
"kittens.in","ocag-ls","342","3","171","replacement","9138","4539","324229","1022242678982","1021995","3367.500"
"kittens.in","ocag-ls","343","3","176","replacement","4765","2013","18339","1022242697321","1021995","3372.592"
"kittens.in","ocag-ls","344","3","181","replacement","8406","7413","13536","1022242710857","1021995","3378.087"
"kittens.in","ocag-ls","345","3","192","replacement","7709","569","16630","1022242727487","1021995","3389.765"
"kittens.in","ocag-ls","346","3","195","replacement","7413","1774","16704","1022242744191","1021995","3393.232"
"kittens.in","ocag-ls","347","3","207","replacement","8134","4035","23684","1022242767875","1021995","3405.750"
"kittens.in","ocag-ls","348","3","208","replacement","3792","1149","529660","1022243297535","1021996","3407.285"
"kittens.in","ocag-ls","349","3","216","replacement","4377","1134","37615","1022243335150","1021996","3415.056"
"kittens.in","ocag-ls","350","3","219","replacement","5322","6404","11159","1022243346309","1021996","3419.336"
"kittens.in","ocag-ls","351","3","224","insertion","79","-1","7738","1022243354047","1021996","3424.790"
"kittens.in","ocag-ls","352","3","233","insertion","935","-1","8862","1022243362909","1021996","3434.286"
"kittens.in","ocag-ls","353","3","242","replacement","2155","7880","122724","1022243485633","1021996","3443.951"
"kittens.in","ocag-ls","354","3","262","replacement","569","6692","39419","1022243525052","1021996","3464.518"
"kittens.in","ocag-ls","355","3","267","replacement","7153","2288","21580","1022243546632","1021996","3470.262"
"kittens.in","ocag-ls","356","3","269","replacement","935","6613","256","1022243546888","1021996","3472.809"
"kittens.in","ocag-ls","357","3","310","replacement","2340","8406","128012","1022243674900","1021996","3513.458"
"kittens.in","ocag-ls","358","3","313","replacement","5848","7699","90650","1022243765550","1021996","3517.232"
"kittens.in","ocag-ls","359","3","314","replacement","9075","2327","14804","1022243780354","1021996","3518.930"
"kittens.in","ocag-ls","360","3","347","replacement","1984","935","37115","1022243817469","1021996","3550.720"
"kittens.in","ocag-ls","361","3","359","replacement","7699","7762","5020","1022243822489","1021996","3563.358"
"kittens.in","ocag-ls","362","3","400","insertion","7762","-1","3914","1022243826403","1021996","3603.347"
"kittens.in","ocag-ls","363","3","408","replacement","4176","3163","63388","1022243889791","1021996","3611.652"
"kittens.in","ocag-ls","364","3","423","replacement","5869","979","185480","1022244075271","1021996","3627.940"
"kittens.in","ocag-ls","365","3","454","replacement","6054","8134","86784","1022244162055","1021997","3660.913"
"kittens.in","ocag-ls","366","3","458","replacement","1557","7133","240843","1022244402898","1021997","3665.235"
"kittens.in","ocag-ls","367","3","459","replacement","7438","7699","17502","1022244420400","1021997","3666.979"
"kittens.in","ocag-ls","368","3","461","replacement","4314","2327","60718","1022244481118","1021997","3669.316"
"kittens.in","ocag-ls","369","3","480","replacement","2155","5677","160631","1022244641749","1021997","3689.394"
"kittens.in","ocag-ls","370","3","481","replacement","5869","4314","7212","1022244648961","1021997","3691.025"
"kittens.in","ocag-ls","371","3","483","replacement","4352","6054","69011","1022244717972","1021997","3693.436"
"kittens.in","ocag-ls","372","3","491","replacement","3877","7153","2107","1022244720079","1021997","3701.704"
"kittens.in","ocag-ls","373","3","498","replacement","3543","2155","59656","1022244779735","1021997","3711.284"
"kittens.in","baseline-ls","0","0","-1","initial","-1","-1","0","53953574151","53940","0.000"
"kittens.in","baseline-ls","1","1","0","replacement","7234","9688","170575186","54124149337","54111","2281.988"
"kittens.in","baseline-ls","2","1","1","replacement","8618","9688","189137829","54313287166","54300","2344.092"
"kittens.in","baseline-ls","3","1","2","replacement","8248","9688","154722400","54468009566","54454","2386.212"
"kittens.in","baseline-ls","4","1","3","replacement","523","9688","180554692","54648564258","54635","2427.385"
"kittens.in","baseline-ls","5","1","4","replacement","1552","9688","152417297","54800981555","54787","2452.831"
"kittens.in","baseline-ls","6","1","5","replacement","7267","4558","155329361","54956310916","54943","2465.411"
"kittens.in","baseline-ls","7","1","6","replacement","6281","9688","176987384","55133298300","55119","2479.031"
"kittens.in","baseline-ls","8","1","7","replacement","6545","2349","158258700","55291557000","55278","2493.042"
"kittens.in","baseline-ls","9","1","8","replacement","6899","9688","171972887","55463529887","55450","2506.215"
"kittens.in","baseline-ls","10","1","9","replacement","4071","9688","163240874","55626770761","55613","2519.350"
"kittens.in","baseline-ls","11","1","10","replacement","2058","4558","156204376","55782975137","55769","2531.446"
"kittens.in","baseline-ls","12","1","11","replacement","8907","4558","138772770","55921747907","55908","2543.468"
"kittens.in","baseline-ls","13","1","12","replacement","9659","4558","145345178","56067093085","56053","2555.487"
"kittens.in","baseline-ls","14","1","13","replacement","3146","4558","161886471","56228979556","56215","2567.668"
"kittens.in","baseline-ls","15","1","14","replacement","1571","2349","149510281","56378489837","56364","2580.320"
"kittens.in","baseline-ls","16","1","15","replacement","707","4558","150683467","56529173304","56515","2592.412"
"kittens.in","baseline-ls","17","1","16","replacement","4045","9688","137241247","56666414551","56652","2604.277"
"kittens.in","baseline-ls","18","1","17","replacement","1601","2349","162201361","56828615912","56814","2617.054"
"kittens.in","baseline-ls","19","1","18","replacement","761","4558","151071306","56979687218","56965","2630.901"
"kittens.in","baseline-ls","20","1","19","replacement","7992","7","147244299","57126931517","57113","2643.086"
"kittens.in","baseline-ls","21","1","20","replacement","135","2349","141430883","57268362400","57254","2655.605"
"kittens.in","baseline-ls","22","1","21","replacement","3432","9688","143689351","57412051751","57398","2667.500"
"kittens.in","baseline-ls","23","1","22","replacement","1348","2349","147021674","57559073425","57545","2679.164"
"kittens.in","baseline-ls","24","1","23","replacement","511","9688","136134928","57695208353","57681","2691.456"
"kittens.in","baseline-ls","25","1","24","replacement","2611","9688","152511610","57847719963","57833","2703.971"
"kittens.in","baseline-ls","26","1","25","replacement","719","2349","139092090","57986812053","57972","2715.606"
"kittens.in","baseline-ls","27","1","26","replacement","8922","9688","144916053","58131728106","58117","2727.669"
"kittens.in","baseline-ls","28","1","27","replacement","4923","9688","156414234","58288142340","58274","2739.969"
"kittens.in","baseline-ls","29","1","28","replacement","1476","2349","152095673","58440238013","58426","2753.542"
"kittens.in","baseline-ls","30","1","29","replacement","5448","9688","131758261","58571996274","58557","2766.235"
"kittens.in","baseline-ls","31","1","30","replacement","221","2349","155927805","58727924079","58713","2778.422"
"kittens.in","baseline-ls","32","1","31","replacement","5860","9688","128159119","58856083198","58841","2790.830"
"kittens.in","baseline-ls","33","1","32","replacement","552","2349","151642121","59007725319","58993","2803.058"
"kittens.in","baseline-ls","34","1","33","replacement","650","2349","146709239","59154434558","59140","2815.474"
"kittens.in","baseline-ls","35","1","34","replacement","3379","1710","143371039","59297805597","59283","2827.905"
"kittens.in","baseline-ls","36","1","35","replacement","3050","4558","142764527","59440570124","59426","2840.359"
"kittens.in","baseline-ls","37","1","36","replacement","6428","2349","138720627","59579290751","59564","2853.001"
"kittens.in","baseline-ls","38","1","37","replacement","952","2349","131583866","59710874617","59696","2866.112"
"kittens.in","baseline-ls","39","1","38","replacement","7204","2349","138257528","59849132145","59834","2879.442"
"kittens.in","baseline-ls","40","1","39","replacement","7751","1710","143264151","59992396296","59977","2892.514"
"kittens.in","baseline-ls","41","1","40","replacement","8209","2349","136304237","60128700533","60114","2904.858"
"kittens.in","baseline-ls","42","1","41","replacement","477","9688","138909238","60267609771","60253","2917.339"
"kittens.in","baseline-ls","43","1","42","replacement","1560","9688","158491045","60426100816","60411","2938.542"
"kittens.in","baseline-ls","44","1","43","replacement","2322","2349","131413536","60557514352","60542","2950.834"
"kittens.in","baseline-ls","45","1","44","replacement","2699","9688","145862914","60703377266","60688","2963.119"
"kittens.in","baseline-ls","46","1","45","replacement","1657","4558","129617437","60832994703","60818","2975.260"
"kittens.in","baseline-ls","47","1","46","replacement","8227","2349","137881978","60970876681","60956","2988.327"
"kittens.in","baseline-ls","48","1","47","replacement","5072","4558","128725253","61099601934","61084","3000.707"
"kittens.in","baseline-ls","49","1","48","replacement","8528","2349","126275984","61225877918","61211","3012.799"
"kittens.in","baseline-ls","50","1","49","replacement","6270","2349","156187016","61382064934","61367","3025.281"
"kittens.in","baseline-ls","51","1","50","replacement","6447","9688","131770147","61513835081","61498","3037.841"
"kittens.in","baseline-ls","52","1","51","replacement","1375","2349","137817532","61651652613","61636","3053.115"
"kittens.in","baseline-ls","53","1","52","replacement","9107","2349","122722483","61774375096","61759","3065.414"
"kittens.in","baseline-ls","54","1","53","replacement","2518","9688","132210455","61906585551","61891","3077.830"
"kittens.in","baseline-ls","55","1","54","replacement","2346","9688","132165319","62038750870","62023","3090.136"
"kittens.in","baseline-ls","56","1","55","replacement","1546","9688","131508980","62170259850","62155","3102.356"
"kittens.in","baseline-ls","57","1","56","replacement","2413","4558","139594261","62309854111","62294","3115.389"
"kittens.in","baseline-ls","58","1","57","replacement","6978","2349","124896698","62434750809","62419","3127.822"
"kittens.in","baseline-ls","59","1","58","replacement","2136","2349","129035484","62563786293","62548","3140.476"
"kittens.in","baseline-ls","60","1","59","replacement","876","2349","125897197","62689683490","62674","3152.879"
"kittens.in","baseline-ls","61","1","60","replacement","8883","2349","140777463","62830460953","62815","3165.437"
"kittens.in","baseline-ls","62","1","61","replacement","7179","7","117812382","62948273335","62933","3178.551"
"kittens.in","baseline-ls","63","1","62","replacement","8068","4558","139210985","63087484320","63072","3191.986"
"kittens.in","baseline-ls","64","1","63","replacement","6744","4558","153151213","63240635533","63225","3206.040"
"kittens.in","baseline-ls","65","1","64","replacement","541","9688","145534421","63386169954","63370","3219.200"
"kittens.in","baseline-ls","66","1","65","replacement","9931","2349","125231729","63511401683","63496","3233.643"
"kittens.in","baseline-ls","67","1","66","replacement","1083","9688","133149910","63644551593","63629","3246.484"
"kittens.in","baseline-ls","68","1","67","replacement","9731","7","123379427","63767931020","63752","3260.813"
"kittens.in","baseline-ls","69","1","68","replacement","7795","2349","130570595","63898501615","63883","3288.753"
"kittens.in","baseline-ls","70","1","69","replacement","7456","2349","144151503","64042653118","64027","3311.277"
"kittens.in","baseline-ls","71","1","70","replacement","9230","9688","130665351","64173318469","64157","3333.500"
"kittens.in","baseline-ls","72","1","71","replacement","7545","7","121822753","64295141222","64279","3355.947"
"kittens.in","baseline-ls","73","1","72","replacement","4457","2349","118154046","64413295268","64397","3379.296"
"kittens.in","baseline-ls","74","1","73","replacement","9008","2349","125169093","64538464361","64522","3395.412"
"kittens.in","baseline-ls","75","1","74","replacement","7088","7","127096549","64665560910","64649","3407.883"
"kittens.in","baseline-ls","76","1","75","replacement","7630","9688","136805541","64802366451","64786","3420.563"
"kittens.in","baseline-ls","77","1","76","replacement","7193","2349","129057649","64931424100","64915","3437.193"
"kittens.in","baseline-ls","78","1","77","replacement","3158","2349","123675472","65055099572","65039","3458.436"
"kittens.in","baseline-ls","79","1","78","replacement","8332","9688","132615485","65187715057","65171","3477.895"
"kittens.in","baseline-ls","80","1","79","replacement","6611","7","146005701","65333720758","65317","3491.320"
"kittens.in","baseline-ls","81","1","80","replacement","6306","2349","125185194","65458905952","65443","3503.725"
"kittens.in","baseline-ls","82","1","81","replacement","3513","9688","125950813","65584856765","65569","3524.116"
"kittens.in","baseline-ls","83","1","82","replacement","6216","9688","125817613","65710674378","65694","3565.859"
"kittens.in","baseline-ls","84","1","83","replacement","7669","7","117202551","65827876929","65811","3606.351"
"kittens.in","baseline-ls","85","1","84","replacement","2439","2349","132819432","65960696361","65944","3654.721"
"kittens.in","baseline-ls","86","1","85","replacement","300","1710","121859981","66082556342","66066","3693.471"
"kittens.in","baseline-ls","87","1","86","replacement","1401","2349","115604761","66198161103","66182","3710.504"
"kittens.in","baseline-ls","88","1","87","replacement","6360","2349","119443996","66317605099","66301","3723.843"
"kittens.in","baseline-ls","89","1","88","replacement","2426","9688","119572236","66437177335","66421","3738.322"
"kittens.in","baseline-ls","90","1","89","replacement","4034","9688","123937107","66561114442","66545","3757.594"
"kittens.in","baseline-ls","91","1","90","replacement","4660","4558","109709833","66670824275","66654","3770.006"
"kittens.in","baseline-ls","92","1","91","replacement","6687","2349","114979610","66785803885","66769","3783.070"
"kittens.in","baseline-ls","93","1","92","replacement","7845","2349","122360624","66908164509","66891","3795.674"
"kittens.in","baseline-ls","94","1","93","replacement","2569","9688","131613116","67039777625","67023","3808.687"
"kittens.in","baseline-ls","95","1","94","replacement","2052","7","114599294","67154376919","67138","3821.364"
"kittens.in","baseline-ls","96","1","95","replacement","3043","2349","126254705","67280631624","67264","3834.898"
"kittens.in","baseline-ls","97","1","96","replacement","3541","2349","117717124","67398348748","67382","3848.132"
"kittens.in","baseline-ls","98","1","97","replacement","6067","2349","109357600","67507706348","67491","3862.442"
"kittens.in","baseline-ls","99","1","98","replacement","5003","4558","111859183","67619565531","67603","3874.998"
"kittens.in","baseline-ls","100","1","99","replacement","5899","2349","114568720","67734134251","67717","3887.825"
"kittens.in","baseline-ls","101","1","100","replacement","4501","2349","124998864","67859133115","67842","3900.880"
"kittens.in","baseline-ls","102","1","101","replacement","1256","1710","116867199","67976000314","67959","3913.588"
"kittens.in","baseline-ls","103","1","102","replacement","5902","2349","115702154","68091702468","68075","3927.695"
"kittens.in","baseline-ls","104","1","103","replacement","476","2349","105238993","68196941461","68180","3949.874"
"kittens.in","baseline-ls","105","1","104","replacement","4286","2349","103419268","68300360729","68283","3963.050"
"kittens.in","baseline-ls","106","1","105","replacement","6967","7","111162674","68411523403","68394","3977.221"
"kittens.in","baseline-ls","107","1","106","replacement","574","9688","114531974","68526055377","68509","3990.926"
"kittens.in","baseline-ls","108","1","107","replacement","7439","4558","110097346","68636152723","68619","4004.240"
"kittens.in","baseline-ls","109","1","108","replacement","3468","9688","118078029","68754230752","68737","4017.063"
"kittens.in","baseline-ls","110","1","109","replacement","9219","4558","121185066","68875415818","68858","4029.951"
"kittens.in","baseline-ls","111","1","110","replacement","2158","4558","109903825","68985319643","68968","4043.267"
"kittens.in","baseline-ls","112","1","111","replacement","7481","2349","105319617","69090639260","69073","4055.980"
"kittens.in","baseline-ls","113","1","112","replacement","2870","4558","105223507","69195862767","69179","4068.762"
"kittens.in","baseline-ls","114","1","113","replacement","3964","2349","103881752","69299744519","69282","4081.760"
"kittens.in","baseline-ls","115","1","114","replacement","3240","2349","110234070","69409978589","69393","4094.829"
"kittens.in","baseline-ls","116","1","115","replacement","8599","4558","104826697","69514805286","69497","4112.152"
"kittens.in","baseline-ls","117","1","116","replacement","8145","9688","125007637","69639812923","69622","4132.981"
"kittens.in","baseline-ls","118","1","117","replacement","2304","4558","94647609","69734460532","69717","4145.801"
"kittens.in","baseline-ls","119","1","118","replacement","4399","2349","114621473","69849082005","69832","4158.766"
"kittens.in","baseline-ls","120","1","119","replacement","2983","2349","108610232","69957692237","69940","4180.959"
"kittens.in","baseline-ls","121","1","120","replacement","3184","9688","104983062","70062675299","70045","4194.393"
"kittens.in","baseline-ls","122","1","121","replacement","8343","2349","102621057","70165296356","70148","4207.195"
"kittens.in","baseline-ls","123","1","122","replacement","9138","7","105891967","70271188323","70254","4219.740"
"kittens.in","baseline-ls","124","1","123","replacement","9713","4558","114110887","70385299210","70368","4232.392"
"kittens.in","baseline-ls","125","1","124","replacement","2875","2349","119185197","70504484407","70487","4244.979"
"kittens.in","baseline-ls","126","1","125","replacement","8920","1710","104780024","70609264431","70592","4257.553"
"kittens.in","baseline-ls","127","1","126","replacement","1358","2349","99975467","70709239898","70692","4269.954"
"kittens.in","baseline-ls","128","1","127","replacement","3784","9688","102806348","70812046246","70794","4282.586"
"kittens.in","baseline-ls","129","1","128","replacement","3509","4558","101071984","70913118230","70895","4295.182"
"kittens.in","baseline-ls","130","1","129","replacement","1216","7","99624567","71012742797","70995","4308.128"
"kittens.in","baseline-ls","131","1","130","replacement","1145","7","110064131","71122806928","71105","4321.083"
"kittens.in","baseline-ls","132","1","131","replacement","4787","9688","102210713","71225017641","71207","4333.878"
"kittens.in","baseline-ls","133","1","132","replacement","5752","2349","102126760","71327144401","71309","4346.882"
"kittens.in","baseline-ls","134","1","133","replacement","9979","2349","105277632","71432422033","71415","4359.292"
"kittens.in","baseline-ls","135","1","134","replacement","8484","2349","95757237","71528179270","71510","4374.026"
"kittens.in","baseline-ls","136","1","135","replacement","4234","2349","94865828","71623045098","71605","4387.872"
"kittens.in","baseline-ls","137","1","136","replacement","6712","7","93229551","71716274649","71698","4400.601"
"kittens.in","baseline-ls","138","1","137","replacement","3395","1710","106152657","71822427306","71805","4413.883"
"kittens.in","baseline-ls","139","1","138","replacement","867","9688","100328089","71922755395","71905","4427.021"
"kittens.in","baseline-ls","140","1","139","replacement","3914","2349","100634078","72023389473","72005","4439.807"
"kittens.in","baseline-ls","141","1","140","replacement","4400","7","94534122","72117923595","72100","4454.287"
"kittens.in","baseline-ls","142","1","141","replacement","2437","7","97272624","72215196219","72197","4473.408"
"kittens.in","baseline-ls","143","1","142","replacement","4151","7","94445215","72309641434","72292","4485.695"
"kittens.in","baseline-ls","144","1","143","replacement","4423","9688","91332749","72400974183","72383","4500.775"
"kittens.in","baseline-ls","145","1","144","replacement","3304","5097","92741964","72493716147","72476","4513.727"
"kittens.in","baseline-ls","146","1","145","replacement","3285","2349","107459058","72601175205","72583","4527.030"
"kittens.in","baseline-ls","147","1","146","replacement","5156","7","105252832","72706428037","72688","4538.960"
"kittens.in","baseline-ls","148","1","147","replacement","4884","9688","100294845","72806722882","72789","4551.300"
"kittens.in","baseline-ls","149","1","148","replacement","2407","7","91540926","72898263808","72880","4567.201"
"kittens.in","baseline-ls","150","1","149","replacement","1868","9688","112457545","73010721353","72993","4579.529"
"kittens.in","baseline-ls","151","1","150","replacement","7519","2349","99031054","73109752407","73092","4591.551"
"kittens.in","baseline-ls","152","1","151","replacement","9465","2349","88122747","73197875154","73180","4603.237"
"kittens.in","baseline-ls","153","1","152","replacement","2679","9688","97315780","73295190934","73277","4616.344"
"kittens.in","baseline-ls","154","1","153","replacement","9444","2349","88766260","73383957194","73366","4628.281"
"kittens.in","baseline-ls","155","1","154","replacement","9677","9688","97409440","73481366634","73463","4640.350"
"kittens.in","baseline-ls","156","1","155","replacement","2480","7","98777033","73580143667","73562","4652.789"
"kittens.in","baseline-ls","157","1","156","replacement","6889","2349","92446038","73672589705","73654","4664.436"
"kittens.in","baseline-ls","158","1","157","replacement","6178","4558","97054024","73769643729","73751","4676.029"
"kittens.in","baseline-ls","159","1","158","replacement","2768","2349","91145113","73860788842","73842","4688.121"
"kittens.in","baseline-ls","160","1","159","replacement","6369","9688","88456701","73949245543","73931","4700.384"
"kittens.in","baseline-ls","161","1","160","replacement","5029","2349","94796398","74044041941","74026","4712.721"
"kittens.in","baseline-ls","162","1","161","replacement","2533","7","87829442","74131871383","74113","4724.790"
"kittens.in","baseline-ls","163","1","162","replacement","200","7","82892389","74214763772","74196","4736.749"
"kittens.in","baseline-ls","164","1","163","replacement","2943","1710","95137500","74309901272","74291","4748.820"
"kittens.in","baseline-ls","165","1","164","replacement","776","2349","93654785","74403556057","74385","4760.811"
"kittens.in","baseline-ls","166","1","165","replacement","2005","2349","90739791","74494295848","74476","4773.097"
"kittens.in","baseline-ls","167","1","166","replacement","4801","2349","114872042","74609167890","74591","4785.347"
"kittens.in","baseline-ls","168","1","167","replacement","7710","2349","91395541","74700563431","74682","4797.285"
"kittens.in","baseline-ls","169","1","168","replacement","3427","7","91084381","74791647812","74773","4808.817"
"kittens.in","baseline-ls","170","1","169","replacement","1328","2349","90512719","74882160531","74864","4820.884"
"kittens.in","baseline-ls","171","1","170","replacement","3089","2349","95440830","74977601361","74959","4832.982"
"kittens.in","baseline-ls","172","1","171","replacement","6424","9688","100723246","75078324607","75060","4845.223"
"kittens.in","baseline-ls","173","1","172","replacement","4317","9688","85874610","75164199217","75146","4857.166"
"kittens.in","baseline-ls","174","1","173","replacement","7053","2349","89669304","75253868521","75235","4868.971"
"kittens.in","baseline-ls","175","1","174","replacement","8121","2349","86538202","75340406723","75322","4880.579"
"kittens.in","baseline-ls","176","1","175","replacement","9178","7","88755686","75429162409","75410","4892.761"
"kittens.in","baseline-ls","177","1","176","replacement","2898","1710","95598400","75524760809","75506","4905.118"
"kittens.in","baseline-ls","178","1","177","replacement","8396","7","86363016","75611123825","75592","4917.073"
"kittens.in","baseline-ls","179","1","178","replacement","7820","9688","88239055","75699362880","75681","4929.145"
"kittens.in","baseline-ls","180","1","179","replacement","9003","9688","82306148","75781669028","75763","4941.015"
"kittens.in","baseline-ls","181","1","180","replacement","9518","9688","82064369","75863733397","75845","4953.358"
"kittens.in","baseline-ls","182","1","181","replacement","208","2349","87440063","75951173460","75932","4964.799"
"kittens.in","baseline-ls","183","1","182","replacement","8104","4558","84752938","76035926398","76017","4976.167"
"kittens.in","baseline-ls","184","1","183","replacement","2182","7","86343200","76122269598","76103","4987.961"
"kittens.in","baseline-ls","185","1","184","replacement","1784","7","84553994","76206823592","76188","4999.546"
"kittens.in","baseline-ls","186","1","185","replacement","3004","7","96684664","76303508256","76285","5011.317"
"kittens.in","baseline-ls","187","1","186","replacement","991","2349","84786832","76388295088","76369","5023.725"
"kittens.in","baseline-ls","188","1","187","replacement","4626","9688","77657024","76465952112","76447","5036.014"
"kittens.in","baseline-ls","189","1","188","replacement","6029","2349","69286924","76535239036","76516","5047.373"
"kittens.in","baseline-ls","190","1","189","replacement","395","2349","79549440","76614788476","76596","5058.908"
"kittens.in","baseline-ls","191","1","190","replacement","369","7","80997185","76695785661","76677","5070.510"
"kittens.in","baseline-ls","192","1","191","replacement","2260","2349","79480037","76775265698","76756","5082.061"
"kittens.in","baseline-ls","193","1","192","replacement","1750","7","88908350","76864174048","76845","5094.487"
"kittens.in","baseline-ls","194","1","193","replacement","8512","2349","76636975","76940811023","76922","5106.013"
"kittens.in","baseline-ls","195","1","194","replacement","8235","7","85663513","77026474536","77007","5117.529"
"kittens.in","baseline-ls","196","1","195","replacement","2847","2349","85304328","77111778864","77093","5128.906"
"kittens.in","baseline-ls","197","1","196","replacement","4870","9688","86079366","77197858230","77179","5140.395"
"kittens.in","baseline-ls","198","1","197","replacement","6528","4558","82947387","77280805617","77262","5152.351"
"kittens.in","baseline-ls","199","1","198","replacement","753","7","71790725","77352596342","77333","5163.825"
"kittens.in","baseline-ls","200","1","199","replacement","3073","9688","77558301","77430154643","77411","5175.356"
"kittens.in","baseline-ls","201","1","200","replacement","4108","9688","73354928","77503509571","77484","5187.251"
"kittens.in","baseline-ls","202","1","201","replacement","1287","9688","84782661","77588292232","77569","5199.010"
"kittens.in","baseline-ls","203","1","202","replacement","3757","4558","74040561","77662332793","77643","5210.694"
"kittens.in","baseline-ls","204","1","203","replacement","1739","9688","73282510","77735615303","77716","5222.593"
"kittens.in","baseline-ls","205","1","204","replacement","7919","2349","80533420","77816148723","77797","5235.230"
"kittens.in","baseline-ls","206","1","205","replacement","5063","4558","74843542","77890992265","77872","5246.971"
"kittens.in","baseline-ls","207","1","206","replacement","9600","9688","71900175","77962892440","77944","5259.443"
"kittens.in","baseline-ls","208","1","207","replacement","1647","2662","82243195","78045135635","78026","5271.154"
"kittens.in","baseline-ls","209","1","208","replacement","5014","4558","79398969","78124534604","78105","5282.534"
"kittens.in","baseline-ls","210","1","209","replacement","8487","7","67261947","78191796551","78172","5293.828"
"kittens.in","baseline-ls","211","1","210","replacement","3944","2349","77789684","78269586235","78250","5305.172"
"kittens.in","baseline-ls","212","1","211","replacement","951","2349","77925623","78347511858","78328","5316.495"
"kittens.in","baseline-ls","213","1","212","replacement","5111","4558","74241314","78421753172","78402","5328.032"
"kittens.in","baseline-ls","214","1","213","replacement","5767","9688","66569857","78488323029","78469","5339.512"
"kittens.in","baseline-ls","215","1","214","replacement","7206","2349","79600722","78567923751","78548","5351.137"
"kittens.in","baseline-ls","216","1","215","replacement","8345","2349","72640192","78640563943","78621","5362.949"
"kittens.in","baseline-ls","217","1","216","replacement","9836","9688","70407270","78710971213","78691","5374.515"
"kittens.in","baseline-ls","218","1","217","replacement","3905","3106","76444318","78787415531","78768","5386.350"
"kittens.in","baseline-ls","219","1","218","replacement","3528","9688","68737382","78856152913","78837","5398.218"
"kittens.in","baseline-ls","220","1","219","replacement","4385","2349","72133612","78928286525","78909","5409.308"
"kittens.in","baseline-ls","221","1","220","replacement","6285","4558","67892422","78996178947","78977","5421.981"
"kittens.in","baseline-ls","222","1","221","replacement","7511","2349","79096085","79075275032","79056","5433.605"
"kittens.in","baseline-ls","223","1","222","replacement","1079","2349","72051511","79147326543","79128","5446.113"
"kittens.in","baseline-ls","224","1","223","replacement","4647","2349","67681401","79215007944","79195","5457.291"
"kittens.in","baseline-ls","225","1","224","replacement","8618","9688","66810228","79281818172","79262","5468.962"
"kittens.in","baseline-ls","226","1","225","replacement","6280","2349","62326259","79344144431","79324","5480.566"
"kittens.in","baseline-ls","227","1","226","replacement","4526","1710","70682817","79414827248","79395","5491.982"
"kittens.in","baseline-ls","228","1","227","replacement","6196","1710","65918979","79480746227","79461","5504.078"
"kittens.in","baseline-ls","229","1","228","replacement","1790","2349","69113267","79549859494","79530","5515.855"
"kittens.in","baseline-ls","230","1","229","replacement","9467","2349","63997235","79613856729","79594","5527.288"
"kittens.in","baseline-ls","231","1","230","replacement","5821","7","62099329","79675956058","79656","5538.625"
"kittens.in","baseline-ls","232","1","231","replacement","443","2349","59321743","79735277801","79716","5550.176"
"kittens.in","baseline-ls","233","1","232","replacement","640","4558","66774495","79802052296","79782","5561.834"
"kittens.in","baseline-ls","234","1","233","replacement","1934","116","66704567","79868756863","79849","5573.159"
"kittens.in","baseline-ls","235","1","234","replacement","6454","9688","61051971","79929808834","79910","5585.062"
"kittens.in","baseline-ls","236","1","235","replacement","527","2349","52168399","79981977233","79962","5596.212"
"kittens.in","baseline-ls","237","1","236","replacement","937","9688","58546728","80040523961","80021","5607.638"
"kittens.in","baseline-ls","238","1","237","replacement","4962","2349","73414425","80113938386","80094","5620.051"
"kittens.in","baseline-ls","239","1","238","replacement","6980","4558","54415846","80168354232","80148","5632.352"
"kittens.in","baseline-ls","240","1","239","replacement","8848","2349","72856716","80241210948","80221","5643.839"
"kittens.in","baseline-ls","241","1","240","replacement","5397","2349","64225803","80305436751","80286","5655.793"
"kittens.in","baseline-ls","242","1","241","replacement","4639","2349","59116272","80364553023","80345","5667.318"
"kittens.in","baseline-ls","243","1","242","replacement","46","2349","41814898","80406367921","80386","5678.276"
"kittens.in","baseline-ls","244","1","243","replacement","7280","9688","56795284","80463163205","80443","5690.181"
"kittens.in","baseline-ls","245","1","244","replacement","4967","7","52936947","80516100152","80496","5701.541"
"kittens.in","baseline-ls","246","1","245","replacement","399","7","42640715","80558740867","80539","5712.760"
"kittens.in","baseline-ls","247","1","246","replacement","5784","1710","45007284","80603748151","80584","5724.486"
"kittens.in","baseline-ls","248","1","247","replacement","2409","9688","44838682","80648586833","80629","5736.369"
"kittens.in","baseline-ls","249","1","248","replacement","7320","2349","48664068","80697250901","80677","5748.458"
"kittens.in","baseline-ls","250","1","249","replacement","4071","9688","45294438","80742545339","80723","5760.416"
"kittens.in","baseline-ls","251","1","250","replacement","8062","7","42619810","80785165149","80765","5771.623"
"kittens.in","baseline-ls","252","1","251","replacement","9659","2349","45288794","80830453943","80810","5784.570"
"kittens.in","baseline-ls","253","1","252","replacement","3232","7","41732473","80872186416","80852","5796.232"
"kittens.in","baseline-ls","254","1","253","replacement","8907","4558","39303205","80911489621","80891","5808.116"
"kittens.in","baseline-ls","255","1","254","replacement","5448","9688","34738961","80946228582","80926","5820.094"
"kittens.in","baseline-ls","256","1","255","replacement","5175","7","33892124","80980120706","80960","5831.530"
"kittens.in","baseline-ls","257","1","256","replacement","5095","9688","35613303","81015734009","80996","5843.052"
"kittens.in","baseline-ls","258","1","257","replacement","7579","9688","35117125","81050851134","81031","5854.706"
"kittens.in","baseline-ls","259","1","258","replacement","5122","4558","44583673","81095434807","81075","5865.968"
"kittens.in","baseline-ls","260","1","259","replacement","511","9688","32517288","81127952095","81108","5877.674"
"kittens.in","baseline-ls","261","1","260","replacement","9607","7","37848175","81165800270","81146","5889.227"
"kittens.in","baseline-ls","262","1","261","replacement","9444","2349","32408042","81198208312","81178","5900.359"
"kittens.in","baseline-ls","263","1","262","replacement","523","9688","28269579","81226477891","81206","5912.321"
"kittens.in","baseline-ls","264","1","263","replacement","8599","4558","30607989","81257085880","81237","5923.771"
"kittens.in","baseline-ls","265","1","264","replacement","3379","1710","25582944","81282668824","81263","5934.886"
"kittens.in","baseline-ls","266","1","265","replacement","552","2349","31680717","81314349541","81294","5946.505"
"kittens.in","baseline-ls","267","1","266","replacement","1348","2349","25660731","81340010272","81320","5957.786"
"kittens.in","baseline-ls","268","1","267","replacement","4045","9688","31995333","81372005605","81352","5969.437"
"kittens.in","baseline-ls","269","1","268","replacement","3146","4558","29978582","81401984187","81382","5980.967"
"kittens.in","baseline-ls","270","1","269","replacement","6281","9688","28523292","81430507479","81410","5992.499"
"kittens.in","baseline-ls","271","1","270","replacement","135","2349","29048958","81459556437","81439","6005.058"
"kittens.in","baseline-ls","272","1","271","replacement","7234","9688","28370129","81487926566","81468","6016.839"
"kittens.in","baseline-ls","273","1","272","replacement","574","9688","23464962","81511391528","81491","6028.226"
"kittens.in","baseline-ls","274","1","273","replacement","6978","2349","25603883","81536995411","81517","6039.498"
"kittens.in","baseline-ls","275","1","274","replacement","6029","2349","26881036","81563876447","81544","6051.203"
"kittens.in","baseline-ls","276","1","275","replacement","650","2349","27788297","81591664744","81571","6062.323"
"kittens.in","baseline-ls","277","1","276","replacement","6545","2349","25470308","81617135052","81597","6073.615"
"kittens.in","baseline-ls","278","1","277","replacement","8484","2349","25412138","81642547190","81622","6085.302"
"kittens.in","baseline-ls","279","1","278","replacement","7630","9688","24784492","81667331682","81647","6096.659"
"kittens.in","baseline-ls","280","1","279","replacement","8248","9688","24977812","81692309494","81672","6108.101"
"kittens.in","baseline-ls","281","1","280","replacement","2058","4558","27408664","81719718158","81699","6119.729"
"kittens.in","baseline-ls","282","1","281","replacement","1328","2349","24141109","81743859267","81724","6130.986"
"kittens.in","baseline-ls","283","1","282","replacement","4660","4558","23568116","81767427383","81747","6142.067"
"kittens.in","baseline-ls","284","1","283","replacement","1375","2349","21475960","81788903343","81769","6153.837"
"kittens.in","baseline-ls","285","1","284","replacement","9107","2349","26543181","81815446524","81795","6165.179"
"kittens.in","baseline-ls","286","1","285","replacement","6067","2349","25693872","81841140396","81821","6176.833"
"kittens.in","baseline-ls","287","1","286","replacement","719","2349","21725028","81862865424","81843","6188.984"
"kittens.in","baseline-ls","288","1","287","replacement","2533","7","26794427","81889659851","81869","6200.717"
"kittens.in","baseline-ls","289","1","288","replacement","1546","9688","27724077","81917383928","81897","6214.506"
"kittens.in","baseline-ls","290","1","289","replacement","6899","9688","24123729","81941507657","81921","6230.029"
"kittens.in","baseline-ls","291","1","290","replacement","1560","9688","23858533","81965366190","81945","6244.666"
"kittens.in","baseline-ls","292","1","291","replacement","3304","4558","25796707","81991162897","81971","6256.342"
"kittens.in","baseline-ls","293","1","292","replacement","46","2349","23289317","82014452214","81994","6268.052"
"kittens.in","baseline-ls","294","1","293","replacement","1216","7","20850859","82035303073","82015","6279.880"
"kittens.in","baseline-ls","295","1","294","replacement","7267","4558","23296101","82058599174","82038","6294.732"
"kittens.in","baseline-ls","296","1","295","replacement","5902","2349","23975947","82082575121","82062","6309.572"
"kittens.in","baseline-ls","297","1","296","replacement","7992","7","21077864","82103652985","82083","6321.624"
"kittens.in","baseline-ls","298","1","297","replacement","3541","2349","22007564","82125660549","82105","6333.630"
"kittens.in","baseline-ls","299","1","298","replacement","8528","2349","20488964","82146149513","82126","6345.036"
"kittens.in","baseline-ls","300","1","299","replacement","477","9688","25427715","82171577228","82151","6357.192"
"kittens.in","baseline-ls","301","1","300","replacement","4108","9688","21381622","82192958850","82173","6368.956"
"kittens.in","baseline-ls","302","1","301","replacement","8343","2349","19784376","82212743226","82192","6380.298"
"kittens.in","baseline-ls","303","1","302","replacement","5029","2349","20825276","82233568502","82213","6392.196"
"kittens.in","baseline-ls","304","1","303","replacement","707","4558","22013060","82255581562","82235","6404.050"
"kittens.in","baseline-ls","305","1","304","replacement","3050","4558","22699925","82278281487","82258","6416.769"
"kittens.in","baseline-ls","306","1","305","replacement","2426","9688","23352204","82301633691","82281","6433.653"
"kittens.in","baseline-ls","307","1","306","replacement","2569","9688","25650979","82327284670","82307","6446.337"
"kittens.in","baseline-ls","308","1","307","replacement","6280","4558","21638903","82348923573","82329","6458.826"
"kittens.in","baseline-ls","309","1","308","replacement","1083","9688","23220969","82372144542","82352","6470.682"
"kittens.in","baseline-ls","310","1","309","replacement","937","9688","21932017","82394076559","82374","6483.094"
"kittens.in","baseline-ls","311","1","310","replacement","2304","4558","23272936","82417349495","82397","6495.239"
"kittens.in","baseline-ls","312","1","311","replacement","7204","2349","24484601","82441834096","82421","6508.352"
"kittens.in","baseline-ls","313","1","312","replacement","952","2349","20981111","82462815207","82442","6521.486"
"kittens.in","baseline-ls","314","1","313","replacement","9979","2349","21556338","82484371545","82464","6533.558"
"kittens.in","baseline-ls","315","1","314","replacement","9008","2349","19183398","82503554943","82483","6545.694"
"kittens.in","baseline-ls","316","1","315","replacement","4317","9688","18026385","82521581328","82501","6557.657"
"kittens.in","baseline-ls","317","1","316","replacement","7795","4558","19436723","82541018051","82521","6569.203"
"kittens.in","baseline-ls","318","1","317","replacement","4923","9688","18710756","82559728807","82539","6580.832"
"kittens.in","baseline-ls","319","1","318","replacement","476","2349","21411844","82581140651","82561","6592.639"
"kittens.in","baseline-ls","320","1","319","replacement","2005","2349","18887674","82600028325","82580","6604.693"
"kittens.in","baseline-ls","321","1","320","replacement","4626","9688","21335865","82621364190","82601","6616.741"
"kittens.in","baseline-ls","322","1","321","replacement","4423","9688","18790094","82640154284","82620","6629.168"
"kittens.in","baseline-ls","323","1","322","replacement","4399","2349","19375289","82659529573","82639","6641.192"
"kittens.in","baseline-ls","324","1","323","replacement","8396","7","17626073","82677155646","82657","6652.699"
"kittens.in","baseline-ls","325","1","324","replacement","2136","2349","20718641","82697874287","82677","6664.446"
"kittens.in","baseline-ls","326","1","325","replacement","6744","4558","20345214","82718219501","82698","6675.879"
"kittens.in","baseline-ls","327","1","326","replacement","1552","9688","24070858","82742290359","82722","6688.282"
"kittens.in","baseline-ls","328","1","327","replacement","6216","9688","19852118","82762142477","82742","6700.021"
"kittens.in","baseline-ls","329","1","328","replacement","3432","9688","21754196","82783896673","82763","6712.128"
"kittens.in","baseline-ls","330","1","329","replacement","4501","2349","20014770","82803911443","82783","6724.299"
"kittens.in","baseline-ls","331","1","330","replacement","876","2349","18100448","82822011891","82801","6735.670"
"kittens.in","baseline-ls","332","1","331","replacement","3513","9688","18319957","82840331848","82820","6747.699"
"kittens.in","baseline-ls","333","1","332","replacement","4234","2349","21162955","82861494803","82841","6758.972"
"kittens.in","baseline-ls","334","1","333","replacement","7545","7","20577584","82882072387","82862","6770.817"
"kittens.in","baseline-ls","335","1","334","replacement","8487","7","18228076","82900300463","82880","6782.380"
"kittens.in","baseline-ls","336","1","335","replacement","8145","9688","18695310","82918995773","82898","6794.194"
"kittens.in","baseline-ls","337","1","336","replacement","8922","9688","20211693","82939207466","82919","6806.094"
"kittens.in","baseline-ls","338","1","337","replacement","2699","9688","19607380","82958814846","82938","6818.123"
"kittens.in","baseline-ls","339","1","338","replacement","3395","1710","17111749","82975926595","82955","6829.750"
"kittens.in","baseline-ls","340","1","339","replacement","6454","9688","18247783","82994174378","82974","6841.066"
"kittens.in","baseline-ls","341","1","340","replacement","761","4558","23753470","83017927848","82997","6852.791"
"kittens.in","baseline-ls","342","1","341","replacement","6528","4558","20277505","83038205353","83018","6864.289"
"kittens.in","baseline-ls","343","1","342","replacement","2870","5097","18116057","83056321410","83036","6876.071"
"kittens.in","baseline-ls","344","1","343","replacement","2322","2349","19203021","83075524431","83055","6887.385"
"kittens.in","baseline-ls","345","1","344","replacement","2158","4558","18243044","83093767475","83073","6899.075"
"kittens.in","baseline-ls","346","1","345","replacement","541","9688","18581140","83112348615","83092","6911.134"
"kittens.in","baseline-ls","347","1","346","replacement","7519","2349","19624283","83131972898","83111","6922.714"
"kittens.in","baseline-ls","348","1","347","replacement","8062","7","17438306","83149411204","83129","6934.254"
"kittens.in","baseline-ls","349","1","348","replacement","4385","2349","17105596","83166516800","83146","6946.146"
"kittens.in","baseline-ls","350","1","349","replacement","1476","2349","17683108","83184199908","83164","6958.543"
"kittens.in","baseline-ls","351","1","350","replacement","753","7","16618837","83200818745","83180","6970.116"
"kittens.in","baseline-ls","352","1","351","replacement","4526","1710","16888325","83217707070","83197","6981.957"
"kittens.in","baseline-ls","353","1","352","replacement","4787","9688","18683638","83236390708","83216","6994.234"
"kittens.in","baseline-ls","354","1","353","replacement","221","2349","17141459","83253532167","83233","7005.493"
"kittens.in","baseline-ls","355","1","354","replacement","1401","2349","17461309","83270993476","83250","7017.291"
"kittens.in","baseline-ls","356","1","355","replacement","8227","2349","17192828","83288186304","83268","7028.645"
"kittens.in","baseline-ls","357","1","356","replacement","9931","2349","17971493","83306157797","83286","7040.296"
"kittens.in","baseline-ls","358","1","357","replacement","4286","2349","17964880","83324122677","83303","7052.087"
"kittens.in","baseline-ls","359","1","358","replacement","6369","9688","15465691","83339588368","83319","7064.189"
"kittens.in","baseline-ls","360","1","359","replacement","6889","2349","15296408","83354884776","83334","7075.294"
"kittens.in","baseline-ls","361","1","360","replacement","7280","9688","18821615","83373706391","83353","7087.286"
"kittens.in","baseline-ls","362","1","361","replacement","9600","9688","18451878","83392158269","83371","7099.156"
"kittens.in","baseline-ls","363","1","362","replacement","8121","2349","17087316","83409245585","83389","7110.760"
"kittens.in","baseline-ls","364","1","363","replacement","8883","2349","15383042","83424628627","83404","7122.206"
"kittens.in","baseline-ls","365","1","364","replacement","3914","2349","16946735","83441575362","83421","7134.040"
"kittens.in","baseline-ls","366","1","365","replacement","8068","4558","16600848","83458176210","83437","7145.529"
"kittens.in","baseline-ls","367","1","366","replacement","6447","9688","18772216","83476948426","83456","7157.708"
"kittens.in","baseline-ls","368","1","367","replacement","2407","7","19553009","83496501435","83476","7168.887"
"kittens.in","baseline-ls","369","1","368","replacement","640","4558","16516771","83513018206","83492","7180.479"
"kittens.in","baseline-ls","370","1","369","replacement","1256","1710","19714964","83532733170","83512","7192.277"
"kittens.in","baseline-ls","371","1","370","replacement","3240","2349","15635463","83548368633","83528","7204.198"
"kittens.in","baseline-ls","372","1","371","replacement","8512","2349","15262874","83563631507","83543","7215.565"
"kittens.in","baseline-ls","373","1","372","replacement","5063","4558","16702543","83580334050","83560","7227.537"
"kittens.in","baseline-ls","374","1","373","replacement","3784","9688","18016402","83598350452","83578","7239.089"
"kittens.in","baseline-ls","375","1","374","replacement","2439","2349","14732072","83613082524","83592","7250.615"
"kittens.in","baseline-ls","376","1","375","replacement","1601","2349","21501356","83634583880","83614","7262.074"
"kittens.in","baseline-ls","377","1","376","replacement","6178","4558","15351905","83649935785","83629","7273.950"
"kittens.in","baseline-ls","378","1","377","replacement","7845","2349","15231372","83665167157","83644","7285.821"
"kittens.in","baseline-ls","379","1","378","replacement","2611","9688","13265363","83678432520","83658","7297.418"
"kittens.in","baseline-ls","380","1","379","replacement","8345","2349","14370192","83692802712","83672","7308.665"
"kittens.in","baseline-ls","381","1","380","replacement","4639","2349","15206318","83708009030","83687","7320.824"
"kittens.in","baseline-ls","382","1","381","replacement","1287","9688","14620338","83722629368","83702","7332.216"
"kittens.in","baseline-ls","383","1","382","replacement","3043","2349","15190474","83737819842","83717","7343.354"
"kittens.in","baseline-ls","384","1","383","replacement","7320","2349","14274539","83752094381","83731","7355.171"
"kittens.in","baseline-ls","385","1","384","replacement","6611","7","13753720","83765848101","83745","7366.800"
"kittens.in","baseline-ls","386","1","385","replacement","5899","2349","12673739","83778521840","83758","7379.967"
"kittens.in","baseline-ls","387","1","386","replacement","300","1710","15536251","83794058091","83773","7391.699"
"kittens.in","baseline-ls","388","1","387","replacement","6196","1710","15005490","83809063581","83788","7403.195"
"kittens.in","baseline-ls","389","1","388","replacement","7751","1710","12807514","83821871095","83801","7414.621"
"kittens.in","baseline-ls","390","1","389","replacement","8332","9688","13990687","83835861782","83815","7426.450"
"kittens.in","baseline-ls","391","1","390","replacement","9219","4558","14744213","83850605995","83830","7438.509"
"kittens.in","baseline-ls","392","1","391","replacement","6428","2349","14238192","83864844187","83844","7450.366"
"kittens.in","baseline-ls","393","1","392","replacement","4151","7","13536381","83878380568","83858","7461.923"
"kittens.in","baseline-ls","394","1","393","replacement","7669","7","15253855","83893634423","83873","7473.319"
"kittens.in","baseline-ls","395","1","394","replacement","7193","2349","15931884","83909566307","83889","7484.833"
"kittens.in","baseline-ls","396","1","395","replacement","6285","4558","15118050","83924684357","83904","7496.576"
"kittens.in","baseline-ls","397","1","396","replacement","9230","9688","13597490","83938281847","83917","7508.989"
"kittens.in","baseline-ls","398","1","397","replacement","3468","9688","13464417","83951746264","83931","7520.477"
"kittens.in","baseline-ls","399","1","398","replacement","991","2349","14200752","83965947016","83945","7531.935"
"kittens.in","baseline-ls","400","1","399","replacement","8235","7","12392298","83978339314","83958","7543.360"
"kittens.in","baseline-ls","401","1","400","replacement","8209","2349","14861734","83993201048","83972","7554.829"
"kittens.in","baseline-ls","402","1","401","replacement","8920","1710","16428164","84009629212","83989","7566.495"
"kittens.in","baseline-ls","403","1","402","replacement","3427","7","13331155","84022960367","84002","7578.225"
"kittens.in","baseline-ls","404","1","403","replacement","2413","4558","14438483","84037398850","84017","7589.586"
"kittens.in","baseline-ls","405","1","404","replacement","2768","2349","14400742","84051799592","84031","7600.960"
"kittens.in","baseline-ls","406","1","405","replacement","6360","2349","14105213","84065904805","84045","7612.799"
"kittens.in","baseline-ls","407","1","406","replacement","867","9688","14564360","84080469165","84060","7624.217"
"kittens.in","baseline-ls","408","1","407","replacement","5752","2349","15566319","84096035484","84075","7636.349"
"kittens.in","baseline-ls","409","1","408","replacement","9731","7","14110759","84110146243","84089","7647.491"
"kittens.in","baseline-ls","410","1","409","replacement","3158","2349","15540246","84125686489","84105","7659.655"
"kittens.in","baseline-ls","411","1","410","replacement","1358","2349","13342309","84139028798","84118","7671.032"
"kittens.in","baseline-ls","412","1","411","replacement","3073","9688","12462758","84151491556","84131","7682.944"
"kittens.in","baseline-ls","413","1","412","replacement","1657","4558","13033108","84164524664","84144","7693.998"
"kittens.in","baseline-ls","414","1","413","replacement","511","9688","12191266","84176715930","84156","7705.724"
"kittens.in","baseline-ls","415","1","414","replacement","2518","9688","12210816","84188926746","84168","7717.483"
"kittens.in","baseline-ls","416","1","415","replacement","8618","9688","13610429","84202537175","84182","7729.137"
"kittens.in","baseline-ls","417","1","416","replacement","443","2349","13011298","84215548473","84195","7740.418"
"kittens.in","baseline-ls","418","1","417","replacement","1934","7","13215336","84228763809","84208","7751.955"
"kittens.in","baseline-ls","419","1","418","replacement","7439","4558","13186334","84241950143","84221","7763.000"
"kittens.in","baseline-ls","420","1","419","replacement","1571","4558","13247854","84255197997","84234","7774.287"
"kittens.in","baseline-ls","421","1","420","replacement","1739","9688","10889477","84266087474","84245","7785.981"
"kittens.in","baseline-ls","422","1","421","replacement","5860","9688","12981147","84279068621","84258","7797.434"
"kittens.in","baseline-ls","423","1","422","replacement","4967","7","13613691","84292682312","84272","7808.774"
"kittens.in","baseline-ls","424","1","423","replacement","523","9688","13946919","84306629231","84286","7820.429"
"kittens.in","baseline-ls","425","1","424","replacement","3757","4558","10756463","84317385694","84297","7831.660"
"kittens.in","baseline-ls","426","1","425","replacement","4801","2349","13492194","84330877888","84310","7843.241"
"kittens.in","baseline-ls","427","1","426","replacement","9518","9688","11101697","84341979585","84321","7855.376"
"kittens.in","baseline-ls","428","1","427","replacement","4034","9688","12204573","84354184158","84333","7867.462"
"kittens.in","baseline-ls","429","1","428","replacement","3184","9688","10835033","84365019191","84344","7879.706"
"kittens.in","baseline-ls","430","1","429","replacement","2875","2349","12333925","84377353116","84356","7891.359"
"kittens.in","baseline-ls","431","1","430","replacement","3905","2349","10387590","84387740706","84367","7903.070"
"kittens.in","baseline-ls","432","1","431","replacement","9677","9688","10766172","84398506878","84378","7914.387"
"kittens.in","baseline-ls","433","1","432","replacement","208","2349","11990695","84410497573","84390","7925.992"
"kittens.in","baseline-ls","434","1","433","replacement","3089","2349","11141382","84421638955","84401","7937.464"
"kittens.in","baseline-ls","435","1","434","replacement","7179","7","10173992","84431812947","84411","7948.931"
"kittens.in","baseline-ls","436","1","435","replacement","7088","7","11079539","84442892486","84422","7960.027"
"kittens.in","baseline-ls","437","1","436","replacement","9607","7","10595696","84453488182","84433","7971.606"
"kittens.in","baseline-ls","438","1","437","replacement","6980","4558","12183677","84465671859","84445","7983.052"
"kittens.in","baseline-ls","439","1","438","replacement","4346","4558","10164555","84475836414","84455","7994.330"
"kittens.in","baseline-ls","440","1","439","replacement","3528","9688","10509122","84486345536","84465","8006.061"
"kittens.in","baseline-ls","441","1","440","replacement","9713","4558","13456421","84499801957","84479","8017.420"
"kittens.in","baseline-ls","442","1","441","replacement","2679","9688","9318904","84509120861","84488","8028.870"
"kittens.in","baseline-ls","443","1","442","replacement","5072","4558","13137994","84522258855","84501","8039.981"
"kittens.in","baseline-ls","444","1","443","replacement","5014","4558","10877619","84533136474","84512","8051.384"
"kittens.in","baseline-ls","445","1","444","replacement","6687","2349","11616387","84544752861","84524","8066.621"
"kittens.in","baseline-ls","446","1","445","replacement","1546","9688","9879480","84554632341","84534","8078.960"
"kittens.in","baseline-ls","447","1","446","replacement","1868","9688","11536858","84566169199","84545","8091.248"
"kittens.in","baseline-ls","448","1","447","replacement","2983","2349","10623563","84576792762","84556","8102.731"
"kittens.in","baseline-ls","449","1","448","replacement","200","7","10133762","84586926524","84566","8114.274"
"kittens.in","baseline-ls","450","1","449","replacement","6281","9688","11519534","84598446058","84577","8126.609"
"kittens.in","baseline-ls","451","1","450","replacement","8068","4558","11720284","84610166342","84589","8138.503"
"kittens.in","baseline-ls","452","1","451","replacement","9659","2349","9941530","84620107872","84599","8150.652"
"kittens.in","baseline-ls","453","1","452","replacement","2480","76","9575029","84629682901","84609","8162.258"
"kittens.in","baseline-ls","454","1","453","replacement","7206","2349","9041025","84638723926","84618","8173.872"
"kittens.in","baseline-ls","455","1","454","replacement","1079","2349","10931943","84649655869","84629","8186.315"
"kittens.in","baseline-ls","456","1","455","replacement","9465","2349","8686001","84658341870","84637","8197.620"
"kittens.in","baseline-ls","457","1","456","replacement","6967","7","8689736","84667031606","84646","8208.891"
"kittens.in","baseline-ls","458","1","457","replacement","7456","2349","10237097","84677268703","84656","8220.299"
"kittens.in","baseline-ls","459","1","458","replacement","5175","7","10829834","84688098537","84667","8231.809"
"kittens.in","baseline-ls","460","1","459","replacement","952","2349","9119711","84697218248","84676","8243.408"
"kittens.in","baseline-ls","461","1","460","replacement","2943","1710","8909167","84706127415","84685","8255.491"
"kittens.in","baseline-ls","462","1","461","replacement","3232","7","10903584","84717030999","84696","8267.177"
"kittens.in","baseline-ls","463","1","462","replacement","6712","7","11229100","84728260099","84707","8279.009"
"kittens.in","baseline-ls","464","1","463","replacement","5003","4558","9740903","84738001002","84717","8290.302"
"kittens.in","baseline-ls","465","1","464","replacement","8104","4558","10025110","84748026112","84727","8301.609"
"kittens.in","baseline-ls","466","1","465","replacement","3146","4558","11516923","84759543035","84739","8313.397"
"kittens.in","baseline-ls","467","1","466","replacement","8248","9688","7793383","84767336418","84746","8325.285"
"kittens.in","baseline-ls","468","1","467","replacement","1647","2349","10039860","84777376278","84756","8336.650"
"kittens.in","baseline-ls","469","1","468","replacement","1145","7","7909708","84785285986","84764","8348.119"
"kittens.in","baseline-ls","470","1","469","replacement","2182","7","9058874","84794344860","84773","8359.378"
"kittens.in","baseline-ls","471","1","470","replacement","1083","9688","8703669","84803048529","84782","8370.673"
"kittens.in","baseline-ls","472","1","471","replacement","6899","9688","8911990","84811960519","84791","8382.254"
"kittens.in","baseline-ls","473","1","472","replacement","5397","2349","8338026","84820298545","84799","8393.649"
"kittens.in","baseline-ls","474","1","473","replacement","4400","7","8292462","84828591007","84808","8404.863"
"kittens.in","baseline-ls","475","1","474","replacement","3964","2349","9098307","84837689314","84817","8416.282"
"kittens.in","baseline-ls","476","1","475","replacement","4071","9688","9125204","84846814518","84826","8428.010"
"kittens.in","baseline-ls","477","1","476","replacement","776","2349","8318582","84855133100","84834","8440.084"
"kittens.in","baseline-ls","478","1","477","replacement","2346","9688","8841397","84863974497","84843","8451.952"
"kittens.in","baseline-ls","479","1","478","replacement","369","7","8546191","84872520688","84852","8463.187"
"kittens.in","baseline-ls","480","1","479","replacement","6978","2349","8320597","84880841285","84860","8474.498"
"kittens.in","baseline-ls","481","1","480","replacement","7710","4558","10324684","84891165969","84870","8486.247"
"kittens.in","baseline-ls","482","1","481","replacement","8343","2349","8783034","84899949003","84879","8497.427"
"kittens.in","baseline-ls","483","1","482","replacement","5095","9688","8815954","84908764957","84888","8509.626"
"kittens.in","baseline-ls","484","1","483","replacement","2847","2349","13170892","84921935849","84901","8521.799"
"kittens.in","baseline-ls","485","1","484","replacement","6369","9688","8243056","84930178905","84909","8533.289"
"kittens.in","baseline-ls","486","1","485","replacement","3509","4558","9103164","84939282069","84918","8544.518"
"kittens.in","baseline-ls","487","1","486","replacement","4660","4558","8305502","84947587571","84927","8556.344"
"kittens.in","baseline-ls","488","1","487","replacement","8618","9688","8731001","84956318572","84935","8568.164"
"kittens.in","baseline-ls","489","1","488","replacement","9178","7","9168382","84965486954","84944","8579.468"
"kittens.in","baseline-ls","490","1","489","replacement","6424","9688","9959109","84975446063","84954","8591.260"
"kittens.in","baseline-ls","491","1","490","replacement","1784","7","7404148","84982850211","84962","8602.357"
"kittens.in","baseline-ls","492","1","491","replacement","527","2349","7781147","84990631358","84970","8614.098"
"kittens.in","baseline-ls","493","1","492","replacement","1790","2349","7046464","84997677822","84977","8625.202"
"kittens.in","baseline-ls","494","1","493","replacement","3004","7","7527945","85005205767","84984","8637.322"
"kittens.in","baseline-ls","495","1","494","replacement","7234","9688","8082541","85013288308","84992","8649.138"
"kittens.in","baseline-ls","496","1","495","replacement","9138","7","8599804","85021888112","85001","8660.405"
"kittens.in","baseline-ls","497","1","496","replacement","574","9688","7948511","85029836623","85009","8671.817"
"kittens.in","baseline-ls","498","1","497","replacement","650","2349","8567915","85038404538","85017","8683.626"
"kittens.in","baseline-ls","499","1","498","replacement","477","9688","7553613","85045958151","85025","8695.671"
"kittens.in","baseline-ls","500","1","499","replacement","7820","9688","7818705","85053776856","85033","8706.772"
"kittens.in","baseline-ls","501","2","0","replacement","9659","2349","6567824","85060344680","85039","8718.784"
"kittens.in","baseline-ls","502","2","1","replacement","4526","7","7952280","85068296960","85047","8730.382"
"kittens.in","baseline-ls","503","2","2","replacement","1216","7","7121605","85075418565","85054","8741.506"
"kittens.in","baseline-ls","504","2","3","replacement","9444","2349","8894939","85084313504","85063","8753.097"
"kittens.in","baseline-ls","505","2","4","replacement","4399","4558","8138219","85092451723","85071","8764.491"
"kittens.in","baseline-ls","506","2","5","replacement","7992","7","7936106","85100387829","85079","8775.627"
"kittens.in","baseline-ls","507","2","6","replacement","7511","2349","7945151","85108332980","85087","8787.334"
"kittens.in","baseline-ls","508","2","7","replacement","3050","4558","7909027","85116242007","85095","8798.751"
"kittens.in","baseline-ls","509","2","8","replacement","5899","2349","7908783","85124150790","85103","8810.245"
"kittens.in","baseline-ls","510","2","9","replacement","9003","4558","7194492","85131345282","85110","8822.108"
"kittens.in","baseline-ls","511","2","10","replacement","1750","7","7740290","85139085572","85118","8833.402"
"kittens.in","baseline-ls","512","2","11","replacement","2437","7","6422258","85145507830","85124","8844.774"
"kittens.in","baseline-ls","513","2","12","replacement","7105","9688","142533946","85288041776","85267","8856.828"
"kittens.in","baseline-ls","514","2","13","replacement","7053","2349","7576551","85295618327","85274","8868.989"
"kittens.in","baseline-ls","515","2","14","replacement","7049","9688","171212372","85466830699","85446","8880.368"
"kittens.in","baseline-ls","516","2","15","replacement","6281","9688","7127368","85473958067","85453","8892.423"
"kittens.in","baseline-ls","517","2","16","replacement","1328","2349","6957765","85480915832","85460","8903.868"
"kittens.in","baseline-ls","518","2","17","replacement","9040","9688","146086405","85627002237","85606","8915.030"
"kittens.in","baseline-ls","519","2","18","replacement","4045","9688","7145757","85634147994","85613","8926.648"
"kittens.in","baseline-ls","520","2","19","replacement","9215","9688","118983955","85753131949","85732","8938.085"
"kittens.in","baseline-ls","521","2","20","replacement","4134","9688","164550468","85917682417","85896","8949.474"
"kittens.in","baseline-ls","522","2","21","replacement","719","2349","7825180","85925507597","85904","8960.954"
"kittens.in","baseline-ls","523","2","22","replacement","2537","9688","137619919","86063127516","86042","8972.577"
"kittens.in","baseline-ls","524","2","23","replacement","7481","2349","7245485","86070373001","86049","8983.890"
"kittens.in","baseline-ls","525","2","24","replacement","5821","7","7448002","86077821003","86057","8995.102"
"kittens.in","baseline-ls","526","2","25","replacement","7355","9688","145089900","86222910903","86202","9006.565"
"kittens.in","baseline-ls","527","2","26","replacement","6270","2349","9666679","86232577582","86211","9018.777"
"kittens.in","baseline-ls","528","2","27","replacement","221","2349","6233412","86238810994","86217","9030.330"
"kittens.in","baseline-ls","529","2","28","replacement","1252","9688","137462130","86376273124","86355","9041.646"
"kittens.in","baseline-ls","530","2","29","replacement","876","2349","7535612","86383808736","86362","9053.275"
"kittens.in","baseline-ls","531","2","30","replacement","1145","7","7684478","86391493214","86370","9064.556"
"kittens.in","baseline-ls","532","2","31","replacement","9467","2349","6114124","86397607338","86376","9075.915"
"kittens.in","baseline-ls","533","2","32","replacement","3905","4558","7447568","86405054906","86384","9087.320"
"kittens.in","baseline-ls","534","2","33","replacement","5006","9688","162439599","86567494505","86546","9099.110"
"kittens.in","baseline-ls","535","2","34","replacement","3073","9688","7003688","86574498193","86553","9110.638"
"kittens.in","baseline-ls","536","2","35","replacement","2611","9688","6828495","86581326688","86560","9122.213"
"kittens.in","baseline-ls","537","2","36","replacement","3700","9688","139659458","86720986146","86700","9134.046"
"kittens.in","baseline-ls","538","2","37","replacement","3285","4558","8534957","86729521103","86708","9145.402"
"kittens.in","baseline-ls","539","2","38","replacement","1348","4558","6894396","86736415499","86715","9157.086"
"kittens.in","baseline-ls","540","2","39","replacement","5767","9688","7601451","86744016950","86723","9168.615"
"kittens.in","baseline-ls","541","2","40","replacement","7474","9688","140638988","86884655938","86863","9180.082"
"kittens.in","baseline-ls","542","2","41","replacement","7919","2349","7037641","86891693579","86870","9191.797"
"kittens.in","baseline-ls","543","2","42","replacement","4647","2349","6461711","86898155290","86877","9203.118"
"kittens.in","baseline-ls","544","2","43","replacement","6737","9688","114315817","87012471107","86991","9214.340"
"kittens.in","baseline-ls","545","2","44","replacement","8599","2349","7431488","87019902595","86998","9226.121"
"kittens.in","baseline-ls","546","2","45","replacement","4870","9688","7119150","87027021745","87005","9237.424"
"kittens.in","baseline-ls","547","2","46","replacement","8685","9688","111445199","87138466944","87117","9248.770"
"kittens.in","baseline-ls","548","2","47","replacement","4079","9688","117282992","87255749936","87234","9260.415"
"kittens.in","baseline-ls","549","2","48","replacement","5921","9688","88876781","87344626717","87323","9271.780"
"kittens.in","baseline-ls","550","2","49","replacement","1091","9688","146954464","87491581181","87470","9283.316"
"kittens.in","baseline-ls","551","2","50","replacement","7545","7","6959986","87498541167","87477","9301.783"
"kittens.in","baseline-ls","552","2","51","replacement","4884","9688","6184723","87504725890","87483","9313.346"
"kittens.in","baseline-ls","553","2","52","replacement","6550","9688","102897090","87607622980","87586","9324.761"
"kittens.in","baseline-ls","554","2","53","replacement","707","4558","6662601","87614285581","87593","9336.491"
"kittens.in","baseline-ls","555","2","54","replacement","2898","7","6649841","87620935422","87599","9347.940"
"kittens.in","baseline-ls","556","2","55","replacement","7204","2349","7316834","87628252256","87607","9359.295"
"kittens.in","baseline-ls","557","2","56","replacement","5902","2349","7860383","87636112639","87614","9371.286"
"kittens.in","baseline-ls","558","2","57","replacement","2058","4558","6720114","87642832753","87621","9382.769"
"kittens.in","baseline-ls","559","2","58","replacement","2569","9688","6865109","87649697862","87628","9394.476"
"kittens.in","baseline-ls","560","2","59","replacement","2260","4558","5878743","87655576605","87634","9405.627"
"kittens.in","baseline-ls","561","2","60","replacement","7519","4558","7446258","87663022863","87641","9417.052"
"kittens.in","baseline-ls","562","2","61","replacement","951","2349","7694097","87670716960","87649","9428.420"
"kittens.in","baseline-ls","563","2","62","replacement","135","2349","6956287","87677673247","87656","9440.464"
"kittens.in","baseline-ls","564","2","63","replacement","7267","5097","6951331","87684624578","87663","9453.155"
"kittens.in","baseline-ls","565","2","64","replacement","4626","2349","8729453","87693354031","87672","9464.783"
"kittens.in","baseline-ls","566","2","65","replacement","4222","9688","126889906","87820243937","87799","9476.647"
"kittens.in","baseline-ls","567","2","66","replacement","952","2349","7825118","87828069055","87806","9488.314"
"kittens.in","baseline-ls","568","2","67","replacement","1571","2349","5672976","87833742031","87812","9499.741"
"kittens.in","baseline-ls","569","2","68","replacement","3379","2662","5872148","87839614179","87818","9510.984"
"kittens.in","baseline-ls","570","2","69","replacement","9955","9688","159379353","87998993532","87977","9523.336"
"kittens.in","baseline-ls","571","2","70","replacement","4286","2349","5648929","88004642461","87983","9534.743"
"kittens.in","baseline-ls","572","2","71","replacement","7790","9688","114659597","88119302058","88097","9546.041"
"kittens.in","baseline-ls","573","2","72","replacement","5898","9688","94267320","88213569378","88192","9557.903"
"kittens.in","baseline-ls","574","2","73","replacement","9347","9688","112410359","88325979737","88304","9569.365"
"kittens.in","baseline-ls","575","2","74","replacement","8439","9688","95129563","88421109300","88399","9580.528"
"kittens.in","baseline-ls","576","2","75","replacement","8907","4558","8297176","88429406476","88408","9592.399"
"kittens.in","baseline-ls","577","2","76","replacement","2426","9688","6578210","88435984686","88414","9603.734"
"kittens.in","baseline-ls","578","2","77","replacement","2109","9688","153300649","88589285335","88567","9615.210"
"kittens.in","baseline-ls","579","2","78","replacement","6178","4558","6218425","88595503760","88574","9627.352"
"kittens.in","baseline-ls","580","2","79","replacement","7179","116","6431747","88601935507","88580","9638.675"
"kittens.in","baseline-ls","581","2","80","replacement","4619","9688","128900761","88730836268","88709","9650.363"
"kittens.in","baseline-ls","582","2","81","replacement","4787","4558","6056249","88736892517","88715","9661.567"
"kittens.in","baseline-ls","583","2","82","replacement","2158","2349","6006090","88742898607","88721","9673.105"
"kittens.in","baseline-ls","584","2","83","replacement","1358","2349","6177108","88749075715","88727","9684.724"
"kittens.in","baseline-ls","585","2","84","replacement","3630","9688","104694549","88853770264","88832","9696.145"
"kittens.in","baseline-ls","586","2","85","replacement","4962","2349","5343493","88859113757","88837","9707.392"
"kittens.in","baseline-ls","587","2","86","replacement","2322","4558","6267948","88865381705","88843","9719.010"
"kittens.in","baseline-ls","588","2","87","replacement","4350","9688","126709828","88992091533","88970","9730.625"
"kittens.in","baseline-ls","589","2","88","replacement","5156","7","6340455","88998431988","88976","9741.703"
"kittens.in","baseline-ls","590","2","89","replacement","2005","2349","6761545","89005193533","88983","9753.688"
"kittens.in","baseline-ls","591","2","90","replacement","776","2349","5174011","89010367544","88988","9765.185"
"kittens.in","baseline-ls","592","2","91","replacement","4886","9688","90426653","89100794197","89079","9776.513"
"kittens.in","baseline-ls","593","2","92","replacement","5448","9688","7377015","89108171212","89086","9788.288"
"kittens.in","baseline-ls","594","2","93","replacement","6889","2349","5620967","89113792179","89092","9799.806"
"kittens.in","baseline-ls","595","2","94","replacement","8307","9688","119282787","89233074966","89211","9811.031"
"kittens.in","baseline-ls","596","2","95","replacement","8848","4558","6091452","89239166418","89217","9822.723"
"kittens.in","baseline-ls","597","2","96","replacement","5193","9688","83667434","89322833852","89301","9834.148"
"kittens.in","baseline-ls","598","2","97","replacement","5887","9688","105064581","89427898433","89406","9845.498"
"kittens.in","baseline-ls","599","2","98","replacement","6306","2349","6620240","89434518673","89412","9857.138"
"kittens.in","baseline-ls","600","2","99","replacement","8528","4558","6965716","89441484389","89419","9868.264"
"kittens.in","baseline-ls","601","2","100","replacement","673","9688","92978142","89534462531","89512","9879.710"
"kittens.in","baseline-ls","602","2","101","replacement","7630","9688","5745124","89540207655","89518","9891.459"
"kittens.in","baseline-ls","603","2","102","replacement","3507","9688","77567278","89617774933","89596","9902.941"
"kittens.in","baseline-ls","604","2","103","replacement","6060","9688","125644339","89743419272","89721","9914.047"
"kittens.in","baseline-ls","605","2","104","replacement","3533","9688","136941480","89880360752","89858","9925.966"
"kittens.in","baseline-ls","606","2","105","replacement","3104","9688","91825951","89972186703","89950","9937.252"
"kittens.in","baseline-ls","607","2","106","replacement","3379","7","5667669","89977854372","89956","9948.450"
"kittens.in","baseline-ls","608","2","107","replacement","4457","2349","6220520","89984074892","89962","9959.891"
"kittens.in","baseline-ls","609","2","108","replacement","8209","1710","5171775","89989246667","89967","9971.138"
"kittens.in","baseline-ls","610","2","109","replacement","2439","3106","8241180","89997487847","89975","9983.215"
"kittens.in","baseline-ls","611","2","110","replacement","2699","9688","5847612","90003335459","89981","9994.871"
"kittens.in","baseline-ls","612","2","111","replacement","583","9688","96618513","90099953972","90078","10006.509"
"kittens.in","baseline-ls","613","2","112","replacement","399","7","6168296","90106122268","90084","10018.222"
"kittens.in","baseline-ls","614","2","113","replacement","4760","9688","140618054","90246740322","90224","10029.734"
"kittens.in","baseline-ls","615","2","114","replacement","6486","9688","78125975","90324866297","90303","10040.813"
"kittens.in","baseline-ls","616","2","115","replacement","476","2349","5414779","90330281076","90308","10052.596"
"kittens.in","baseline-ls","617","2","116","replacement","4501","2349","6566943","90336848019","90315","10064.569"
"kittens.in","baseline-ls","618","2","117","replacement","8484","2349","5621827","90342469846","90320","10076.422"
"kittens.in","baseline-ls","619","2","118","replacement","9138","7","6473874","90348943720","90327","10087.704"
"kittens.in","baseline-ls","620","2","119","replacement","3507","9688","23161308","90372105028","90350","10099.317"
"kittens.in","baseline-ls","621","2","120","replacement","2052","7","5680008","90377785036","90355","10110.665"
"kittens.in","baseline-ls","622","2","121","replacement","188","9688","85800648","90463585684","90441","10122.250"
"kittens.in","baseline-ls","623","2","122","replacement","2409","9688","5924356","90469510040","90447","10133.374"
"kittens.in","baseline-ls","624","2","123","replacement","8883","5097","5643043","90475153083","90453","10144.591"
"kittens.in","baseline-ls","625","2","124","replacement","3363","9688","75065982","90550219065","90528","10156.609"
"kittens.in","baseline-ls","626","2","125","replacement","650","3106","5196618","90555415683","90533","10167.800"
"kittens.in","baseline-ls","627","2","126","replacement","5193","9688","20010107","90575425790","90553","10179.084"
"kittens.in","baseline-ls","628","2","127","replacement","9731","7","5942283","90581368073","90559","10190.341"
"kittens.in","baseline-ls","629","2","128","replacement","9836","9688","6293690","90587661763","90565","10202.469"
"kittens.in","baseline-ls","630","2","129","replacement","7049","9688","33565787","90621227550","90599","10215.472"
"kittens.in","baseline-ls","631","2","130","replacement","1476","2349","5502413","90626729963","90604","10227.479"
"kittens.in","baseline-ls","632","2","131","replacement","4071","2349","6500791","90633230754","90611","10238.905"
"kittens.in","baseline-ls","633","2","132","replacement","2491","9688","99029899","90732260653","90710","10251.065"
"kittens.in","baseline-ls","634","2","133","replacement","2019","9688","92525061","90824785714","90802","10262.413"
"kittens.in","baseline-ls","635","2","134","replacement","7756","9688","68761543","90893547257","90871","10273.997"
"kittens.in","baseline-ls","636","2","135","replacement","7579","9688","5450885","90898998142","90877","10285.962"
"kittens.in","baseline-ls","637","2","136","replacement","9349","9688","145604019","91044602161","91022","10297.908"
"kittens.in","baseline-ls","638","2","137","replacement","3541","2349","5906739","91050508900","91028","10309.765"
"kittens.in","baseline-ls","639","2","138","replacement","6611","7","5467906","91055976806","91033","10321.546"
"kittens.in","baseline-ls","640","2","139","replacement","2209","9688","88673385","91144650191","91122","10333.202"
"kittens.in","baseline-ls","641","2","140","replacement","3432","9688","6103605","91150753796","91128","10344.810"
"kittens.in","baseline-ls","642","2","141","replacement","5401","9688","158619355","91309373151","91287","10356.916"
"kittens.in","baseline-ls","643","2","142","replacement","3240","2349","5433580","91314806731","91292","10368.270"
"kittens.in","baseline-ls","644","2","143","replacement","395","2349","5639115","91320445846","91298","10381.059"
"kittens.in","baseline-ls","645","2","144","replacement","9518","9688","4710630","91325156476","91303","10393.172"
"kittens.in","baseline-ls","646","2","145","replacement","6797","9688","88666022","91413822498","91391","10404.603"
"kittens.in","baseline-ls","647","2","146","replacement","7044","9688","110487365","91524309863","91502","10415.835"
"kittens.in","baseline-ls","648","2","147","replacement","3184","4558","5284819","91529594682","91507","10427.593"
"kittens.in","baseline-ls","649","2","148","replacement","8685","9688","14096763","91543691445","91521","10439.468"
"kittens.in","baseline-ls","650","2","149","replacement","4385","2349","5247887","91548939332","91526","10451.982"
"kittens.in","baseline-ls","651","2","150","replacement","9465","4558","5205434","91554144766","91532","10463.389"
"kittens.in","baseline-ls","652","2","151","replacement","7987","9688","105709591","91659854357","91637","10475.029"
"kittens.in","baseline-ls","653","2","152","replacement","9008","2349","5786916","91665641273","91643","10486.693"
"kittens.in","baseline-ls","654","2","153","replacement","3207","9688","72894732","91738536005","91716","10498.222"
"kittens.in","baseline-ls","655","2","154","replacement","3158","1710","4268205","91742804210","91720","10509.855"
"kittens.in","baseline-ls","656","2","155","replacement","9933","9688","99842018","91842646228","91820","10522.520"
"kittens.in","baseline-ls","657","2","156","replacement","5251","9688","124053066","91966699294","91944","10534.539"
"kittens.in","baseline-ls","658","2","157","replacement","6360","2349","6134621","91972833915","91950","10546.159"
"kittens.in","baseline-ls","659","2","158","replacement","8227","5097","7013578","91979847493","91957","10557.916"
"kittens.in","baseline-ls","660","2","159","replacement","5784","7","6783178","91986630671","91964","10569.325"
"kittens.in","baseline-ls","661","2","160","replacement","5111","9688","5923177","91992553848","91970","10580.912"
"kittens.in","baseline-ls","662","2","161","replacement","6428","2349","4408132","91996961980","91974","10592.468"
"kittens.in","baseline-ls","663","2","162","replacement","9677","9688","5241509","92002203489","91979","10603.951"
"kittens.in","baseline-ls","664","2","163","replacement","8145","9688","4212714","92006416203","91984","10615.671"
"kittens.in","baseline-ls","665","2","164","replacement","9040","9688","59422531","92065838734","92043","10627.233"
"kittens.in","baseline-ls","666","2","165","replacement","1252","9688","42423801","92108262535","92085","10639.291"
"kittens.in","baseline-ls","667","2","166","replacement","444","9688","45725240","92153987775","92131","10650.619"
"kittens.in","baseline-ls","668","2","167","replacement","2413","4558","5751310","92159739085","92137","10662.205"
"kittens.in","baseline-ls","669","2","168","replacement","3050","4558","4273951","92164013036","92141","10673.615"
"kittens.in","baseline-ls","670","2","169","replacement","3914","4558","5434228","92169447264","92147","10685.121"
"kittens.in","baseline-ls","671","2","170","replacement","3363","9688","38913840","92208361104","92186","10696.970"
"kittens.in","baseline-ls","672","2","171","replacement","7795","2349","4174974","92212536078","92190","10708.568"
"kittens.in","baseline-ls","673","2","172","replacement","2304","4558","5416356","92217952434","92195","10719.885"
"kittens.in","baseline-ls","674","2","173","replacement","5921","9688","28017694","92245970128","92223","10731.620"
"kittens.in","baseline-ls","675","2","174","replacement","1252","9688","42388391","92288358519","92266","10743.259"
"kittens.in","baseline-ls","676","2","175","replacement","2537","9688","40525792","92328884311","92306","10754.746"
"kittens.in","baseline-ls","677","2","176","replacement","1560","9688","4623978","92333508289","92311","10766.412"
"kittens.in","baseline-ls","678","2","177","replacement","4234","2349","6412697","92339920986","92317","10778.237"
"kittens.in","baseline-ls","679","2","178","replacement","6067","2349","4698367","92344619353","92322","10789.871"
"kittens.in","baseline-ls","680","2","179","replacement","2346","4558","6048844","92350668197","92328","10802.071"
"kittens.in","baseline-ls","681","2","180","replacement","6545","2349","5443993","92356112190","92333","10813.714"
"kittens.in","baseline-ls","682","2","181","replacement","6855","9688","71325109","92427437299","92405","10825.991"
"kittens.in","baseline-ls","683","2","182","replacement","2407","7","5005891","92432443190","92410","10837.652"
"kittens.in","baseline-ls","684","2","183","replacement","4948","9688","133387301","92565830491","92543","10849.659"
"kittens.in","baseline-ls","685","2","184","replacement","8580","9688","136046751","92701877242","92679","10861.295"
"kittens.in","baseline-ls","686","2","185","replacement","1607","9688","79639259","92781516501","92759","10873.246"
"kittens.in","baseline-ls","687","2","186","replacement","6737","9688","20144178","92801660679","92779","10885.686"
"kittens.in","baseline-ls","688","2","187","replacement","3304","2349","6787711","92808448390","92786","10897.794"
"kittens.in","baseline-ls","689","2","188","replacement","4134","9688","41068282","92849516672","92827","10909.595"
"kittens.in","baseline-ls","690","2","189","replacement","2875","4558","4263029","92853779701","92831","10921.122"
"kittens.in","baseline-ls","691","2","190","replacement","1110","9688","49962287","92903741988","92881","10932.743"
"kittens.in","baseline-ls","692","2","191","replacement","7710","4558","4079646","92907821634","92885","10944.617"
"kittens.in","baseline-ls","693","2","192","replacement","7105","9688","39900906","92947722540","92925","10956.994"
"kittens.in","baseline-ls","694","2","193","replacement","367","9688","109820207","93057542747","93035","10968.919"
"kittens.in","baseline-ls","695","2","194","replacement","4967","116","4911063","93062453810","93039","10980.709"
"kittens.in","baseline-ls","696","2","195","replacement","8487","7","5850126","93068303936","93045","10991.938"
"kittens.in","baseline-ls","697","2","196","replacement","1657","4558","4568847","93072872783","93050","11003.200"
"kittens.in","baseline-ls","698","2","197","replacement","3395","2349","5134241","93078007024","93055","11014.990"
"kittens.in","baseline-ls","699","2","198","replacement","5898","9688","26750655","93104757679","93082","11027.103"
"kittens.in","baseline-ls","700","2","199","replacement","6967","7","4395637","93109153316","93086","11038.479"
"kittens.in","baseline-ls","701","2","200","replacement","8512","2349","4504568","93113657884","93091","11050.839"
"kittens.in","baseline-ls","702","2","201","replacement","8345","2349","6487216","93120145100","93097","11062.355"
"kittens.in","baseline-ls","703","2","202","replacement","4317","9688","4705883","93124850983","93102","11074.246"
"kittens.in","baseline-ls","704","2","203","replacement","552","2349","4458941","93129309924","93106","11085.929"
"kittens.in","baseline-ls","705","2","204","replacement","4442","9688","110407898","93239717822","93217","11097.253"
"kittens.in","baseline-ls","706","2","205","replacement","1601","2349","5637638","93245355460","93222","11108.565"
"kittens.in","baseline-ls","707","2","206","replacement","300","7","4590915","93249946375","93227","11120.131"
"kittens.in","baseline-ls","708","2","207","replacement","7267","4558","4627057","93254573432","93232","11133.050"
"kittens.in","baseline-ls","709","2","208","replacement","8922","9688","6519892","93261093324","93238","11144.455"
"kittens.in","baseline-ls","710","2","209","replacement","6895","9688","46383011","93307476335","93284","11156.276"
"kittens.in","baseline-ls","711","2","210","replacement","3700","9688","44567341","93352043676","93329","11168.028"
"kittens.in","baseline-ls","712","2","211","replacement","8307","9688","34037675","93386081351","93363","11179.396"
"kittens.in","baseline-ls","713","2","212","replacement","6216","9688","4568049","93390649400","93368","11191.555"
"kittens.in","baseline-ls","714","2","213","replacement","707","4558","5442039","93396091439","93373","11203.408"
"kittens.in","baseline-ls","715","2","214","replacement","4079","9688","30438987","93426530426","93403","11215.994"
"kittens.in","baseline-ls","716","2","215","replacement","7756","9688","24090580","93450621006","93428","11228.042"
"kittens.in","baseline-ls","717","2","216","replacement","753","7","4783550","93455404556","93432","11239.391"
"kittens.in","baseline-ls","718","2","217","replacement","3427","1710","3969707","93459374263","93436","11251.377"
"kittens.in","baseline-ls","719","2","218","replacement","4801","4558","5292996","93464667259","93442","11262.577"
"kittens.in","baseline-ls","720","2","219","replacement","8896","9688","96508945","93561176204","93538","11275.494"
"kittens.in","baseline-ls","721","2","220","replacement","1401","2349","5021841","93566198045","93543","11287.271"
"kittens.in","baseline-ls","722","2","221","replacement","937","9688","5190950","93571388995","93548","11299.106"
"kittens.in","baseline-ls","723","2","222","replacement","5029","4558","4203120","93575592115","93552","11310.181"
"kittens.in","baseline-ls","724","2","223","replacement","6550","9688","21129367","93596721482","93574","11321.864"
"kittens.in","baseline-ls","725","2","224","replacement","8332","4558","4182741","93600904223","93578","11333.151"
"kittens.in","baseline-ls","726","2","225","replacement","4400","7","4824973","93605729196","93583","11344.404"
"kittens.in","baseline-ls","727","2","226","replacement","2136","4558","3465092","93609194288","93586","11356.372"
"kittens.in","baseline-ls","728","2","227","replacement","4870","9688","4766811","93613961099","93591","11368.351"
"kittens.in","baseline-ls","729","2","228","replacement","4222","9688","31510023","93645471122","93622","11379.649"
"kittens.in","baseline-ls","730","2","229","replacement","9215","9688","20123126","93665594248","93642","11391.904"
"kittens.in","baseline-ls","731","2","230","replacement","1546","9688","4770630","93670364878","93647","11403.439"
"kittens.in","baseline-ls","732","2","231","replacement","3207","9688","28171439","93698536317","93675","11414.482"
"kittens.in","baseline-ls","733","2","232","replacement","9003","9688","5942602","93704478919","93681","11426.279"
"kittens.in","baseline-ls","734","2","233","replacement","5898","9688","28297459","93732776378","93710","11437.920"
"kittens.in","baseline-ls","735","2","234","replacement","6687","2349","5488022","93738264400","93715","11450.106"
"kittens.in","baseline-ls","736","2","235","replacement","7456","3106","4196255","93742460655","93719","11461.686"
"kittens.in","baseline-ls","737","2","236","replacement","6196","7","4257657","93746718312","93724","11472.996"
"kittens.in","baseline-ls","738","2","237","replacement","1790","4558","5265846","93751984158","93729","11484.191"
"kittens.in","baseline-ls","739","2","238","replacement","5860","9688","5087682","93757071840","93734","11495.620"
"kittens.in","baseline-ls","740","2","239","replacement","6855","9688","32914858","93789986698","93767","11506.977"
"kittens.in","baseline-ls","741","2","240","replacement","135","4558","4426646","93794413344","93771","11518.671"
"kittens.in","baseline-ls","742","2","241","replacement","7204","4558","4933993","93799347337","93776","11530.741"
"kittens.in","baseline-ls","743","2","242","replacement","443","4558","3957290","93803304627","93780","11542.192"
"kittens.in","baseline-ls","744","2","243","replacement","7320","2349","4886170","93808190797","93785","11554.928"
"kittens.in","baseline-ls","745","2","244","replacement","6486","9688","23649131","93831839928","93809","11569.011"
"kittens.in","baseline-ls","746","2","245","replacement","7790","9688","19863752","93851703680","93829","11580.862"
"kittens.in","baseline-ls","747","2","246","replacement","7439","9688","4452039","93856155719","93833","11593.164"
"kittens.in","baseline-ls","748","2","247","replacement","876","4558","3562956","93859718675","93837","11605.084"
"kittens.in","baseline-ls","749","2","248","replacement","188","9688","23790883","93883509558","93860","11617.696"
"kittens.in","baseline-ls","750","2","249","replacement","7751","7","4268108","93887777666","93865","11629.900"
"kittens.in","baseline-ls","751","2","250","replacement","7367","9688","123718115","94011495781","93988","11641.595"
"kittens.in","baseline-ls","752","2","251","replacement","3784","9688","4723046","94016218827","93993","11653.897"
"kittens.in","baseline-ls","753","2","252","replacement","3079","9688","137167909","94153386736","94130","11665.844"
"kittens.in","baseline-ls","754","2","253","replacement","6280","5097","4446134","94157832870","94135","11677.464"
"kittens.in","baseline-ls","755","2","254","replacement","2533","7","5010763","94162843633","94140","11689.849"
"kittens.in","baseline-ls","756","2","255","replacement","221","2349","4155636","94166999269","94144","11701.710"
"kittens.in","baseline-ls","757","2","256","replacement","1784","7","3846450","94170845719","94148","11713.090"
"kittens.in","baseline-ls","758","2","257","replacement","3285","2349","4317565","94175163284","94152","11725.219"
"kittens.in","baseline-ls","759","2","258","replacement","2518","9688","4253849","94179417133","94156","11736.840"
"kittens.in","baseline-ls","760","2","259","replacement","6067","2349","3551647","94182968780","94160","11748.150"
"kittens.in","baseline-ls","761","2","260","replacement","9347","9688","14890815","94197859595","94175","11760.040"
"kittens.in","baseline-ls","762","2","261","replacement","2537","9688","18178055","94216037650","94193","11771.623"
"kittens.in","baseline-ls","763","2","262","replacement","2699","4558","4677118","94220714768","94197","11783.196"
"kittens.in","baseline-ls","764","2","263","replacement","8248","9688","3907589","94224622357","94201","11795.128"
"kittens.in","baseline-ls","765","2","264","replacement","5063","9688","4287741","94228910098","94206","11806.521"
"kittens.in","baseline-ls","766","2","265","replacement","1287","9688","4038863","94232948961","94210","11818.447"
"kittens.in","baseline-ls","767","2","266","replacement","2209","9688","19501799","94252450760","94229","11829.747"
"kittens.in","baseline-ls","768","2","267","replacement","8121","2349","4494124","94256944884","94234","11841.001"
"kittens.in","baseline-ls","769","2","268","replacement","5003","9688","3983591","94260928475","94238","11852.476"
"kittens.in","baseline-ls","770","2","269","replacement","7193","2349","4056929","94264985404","94242","11865.541"
"kittens.in","baseline-ls","771","2","270","replacement","583","9688","16324801","94281310205","94258","11878.140"
"kittens.in","baseline-ls","772","2","271","replacement","3043","2349","4328313","94285638518","94262","11889.638"
"kittens.in","baseline-ls","773","2","272","replacement","4639","2349","4953946","94290592464","94267","11900.905"
"kittens.in","baseline-ls","774","2","273","replacement","4923","9688","6310905","94296903369","94274","11912.562"
"kittens.in","baseline-ls","775","2","274","replacement","4134","9688","20311088","94317214457","94294","11924.311"
"kittens.in","baseline-ls","776","2","275","replacement","2595","9688","110470214","94427684671","94404","11935.347"
"kittens.in","baseline-ls","777","2","276","replacement","7481","4558","4145949","94431830620","94408","11946.904"
"kittens.in","baseline-ls","778","2","277","replacement","7355","9688","16872772","94448703392","94425","11958.613"
"kittens.in","baseline-ls","779","2","278","replacement","6428","2349","4671229","94453374621","94430","11969.688"
"kittens.in","baseline-ls","780","2","279","replacement","8599","4558","4422610","94457797231","94434","11981.349"
"kittens.in","baseline-ls","781","2","280","replacement","719","2349","4335588","94462132819","94439","11992.876"
"kittens.in","baseline-ls","782","2","281","replacement","3757","4558","4726492","94466859311","94444","12004.174"
"kittens.in","baseline-ls","783","2","282","replacement","9178","7","3745231","94470604542","94447","12015.440"
"kittens.in","baseline-ls","784","2","283","replacement","5752","4558","5138924","94475743466","94452","12026.910"
"kittens.in","baseline-ls","785","2","284","replacement","8439","9688","16088633","94491832099","94468","12038.194"
"kittens.in","baseline-ls","786","2","285","replacement","673","9688","14328621","94506160720","94483","12049.710"
"kittens.in","baseline-ls","787","2","286","replacement","8685","9688","11699348","94517860068","94495","12061.805"
"kittens.in","baseline-ls","788","2","287","replacement","2569","9688","3872684","94521732752","94498","12073.192"
"kittens.in","baseline-ls","789","2","288","replacement","1328","2349","3927098","94525659850","94502","12084.886"
"kittens.in","baseline-ls","790","2","289","replacement","2768","2349","4073547","94529733397","94506","12096.334"
"kittens.in","baseline-ls","791","2","290","replacement","8484","2349","3728153","94533461550","94510","12107.832"
"kittens.in","baseline-ls","792","2","291","replacement","650","2349","3518806","94536980356","94514","12119.837"
"kittens.in","baseline-ls","793","2","292","replacement","2611","9688","4067596","94541047952","94518","12131.284"
"kittens.in","baseline-ls","794","2","293","replacement","4886","9688","16498660","94557546612","94534","12142.408"
"kittens.in","baseline-ls","795","2","294","replacement","2005","2349","4604080","94562150692","94539","12154.512"
"kittens.in","baseline-ls","796","2","295","replacement","3507","9688","13301618","94575452310","94552","12166.018"
"kittens.in","baseline-ls","797","2","296","replacement","9347","9688","10451676","94585903986","94563","12177.139"
"kittens.in","baseline-ls","798","2","297","replacement","7049","9688","8810478","94594714464","94571","12188.996"
"kittens.in","baseline-ls","799","2","298","replacement","5193","9688","5545829","94600260293","94577","12200.439"
"kittens.in","baseline-ls","800","2","299","replacement","991","2349","4180903","94604441196","94581","12211.778"
"kittens.in","baseline-ls","801","2","300","replacement","4286","2349","4175784","94608616980","94585","12223.382"
"kittens.in","baseline-ls","802","2","301","replacement","6797","9688","12644733","94621261713","94598","12234.756"
"kittens.in","baseline-ls","803","2","302","replacement","9607","7","5235312","94626497025","94603","12246.064"
"kittens.in","baseline-ls","804","2","303","replacement","3146","9688","4061796","94630558821","94607","12257.868"
"kittens.in","baseline-ls","805","2","304","replacement","9230","9688","4991689","94635550510","94612","12268.947"
"kittens.in","baseline-ls","806","2","305","replacement","8062","7","3442826","94638993336","94616","12280.776"
"kittens.in","baseline-ls","807","2","306","replacement","9107","2349","4160082","94643153418","94620","12292.335"
"kittens.in","baseline-ls","808","2","307","replacement","6486","9688","9704607","94652858025","94629","12303.619"
"kittens.in","baseline-ls","809","2","308","replacement","4399","2349","3429108","94656287133","94633","12315.347"
"kittens.in","baseline-ls","810","2","309","replacement","9713","2349","4784809","94661071942","94638","12326.918"
"kittens.in","baseline-ls","811","2","310","replacement","541","9688","3787815","94664859757","94641","12338.137"
"kittens.in","baseline-ls","812","2","311","replacement","4884","9688","4198064","94669057821","94646","12350.093"
"kittens.in","baseline-ls","813","2","312","replacement","8343","4558","3857631","94672915452","94650","12361.713"
"kittens.in","baseline-ls","814","2","313","replacement","1091","9688","16148112","94689063564","94666","12373.425"
"kittens.in","baseline-ls","815","2","314","replacement","5898","9688","5750461","94694814025","94671","12385.112"
"kittens.in","baseline-ls","816","2","315","replacement","8235","7","3930960","94698744985","94675","12396.512"
"kittens.in","baseline-ls","817","2","316","replacement","7756","9688","6356434","94705101419","94682","12408.082"
"kittens.in","baseline-ls","818","2","317","replacement","2983","2349","3552539","94708653958","94685","12419.970"
"kittens.in","baseline-ls","819","2","318","replacement","4463","9688","98894722","94807548680","94784","12431.341"
"kittens.in","baseline-ls","820","2","319","replacement","7355","9688","6356284","94813904964","94790","12443.298"
"kittens.in","baseline-ls","821","2","320","replacement","6447","4558","4882690","94818787654","94795","12455.098"
"kittens.in","baseline-ls","822","2","321","replacement","9659","2349","4221992","94823009646","94800","12467.692"
"kittens.in","baseline-ls","823","2","322","replacement","2158","9688","3465773","94826475419","94803","12479.303"
"kittens.in","baseline-ls","824","2","323","replacement","4660","4558","3455987","94829931406","94807","12490.596"
"kittens.in","baseline-ls","825","2","324","replacement","5072","4558","3514191","94833445597","94810","12502.054"
"kittens.in","baseline-ls","826","2","325","replacement","5122","9688","3867007","94837312604","94814","12514.319"
"kittens.in","baseline-ls","827","2","326","replacement","9467","2349","3064983","94840377587","94817","12525.737"
"kittens.in","baseline-ls","828","2","327","replacement","200","7","3423904","94843801491","94820","12537.581"
"kittens.in","baseline-ls","829","2","328","replacement","9600","4558","3490716","94847292207","94824","12549.775"
"kittens.in","baseline-ls","830","2","329","replacement","7756","9688","6694673","94853986880","94831","12561.434"
"kittens.in","baseline-ls","831","2","330","replacement","7267","4558","3621430","94857608310","94834","12572.555"
"kittens.in","baseline-ls","832","2","331","replacement","1934","7","3960906","94861569216","94838","12584.392"
"kittens.in","baseline-ls","833","2","332","replacement","1601","4558","3919570","94865488786","94842","12595.818"
"kittens.in","baseline-ls","834","2","333","replacement","2019","9688","10295426","94875784212","94852","12606.965"
"kittens.in","baseline-ls","835","2","334","replacement","6895","9688","33680464","94909464676","94886","12618.847"
"kittens.in","baseline-ls","836","2","335","replacement","2480","7","2711803","94912176479","94889","12630.072"
"kittens.in","baseline-ls","837","2","336","replacement","6712","7","4669485","94916845964","94893","12643.274"
"kittens.in","baseline-ls","838","2","337","replacement","951","1710","4041297","94920887261","94897","12654.597"
"kittens.in","baseline-ls","839","2","338","replacement","8332","9688","3838303","94924725564","94901","12666.440"
"kittens.in","baseline-ls","840","2","339","replacement","1145","7","3911254","94928636818","94905","12677.637"
"kittens.in","baseline-ls","841","2","340","replacement","2437","7","3303201","94931940019","94908","12689.340"
"kittens.in","baseline-ls","842","2","341","replacement","5063","9688","3527763","94935467782","94912","12700.811"
"kittens.in","baseline-ls","843","2","342","replacement","6454","9688","3527194","94938994976","94916","12712.227"
"kittens.in","baseline-ls","844","2","343","replacement","4886","9688","5456413","94944451389","94921","12724.039"
"kittens.in","baseline-ls","845","2","344","replacement","3513","9688","3608164","94948059553","94925","12735.613"
"kittens.in","baseline-ls","846","2","345","replacement","1739","4558","3175847","94951235400","94928","12746.779"
"kittens.in","baseline-ls","847","2","346","replacement","1571","4558","3967559","94955202959","94932","12758.483"
"kittens.in","baseline-ls","848","2","347","replacement","6982","9688","94329376","95049532335","95026","12770.172"
"kittens.in","baseline-ls","849","2","348","replacement","5483","9688","92589085","95142121420","95119","12783.344"
"kittens.in","baseline-ls","850","2","349","replacement","6095","9688","77902807","95220024227","95197","12795.166"
"kittens.in","baseline-ls","851","2","350","replacement","5193","9688","7025318","95227049545","95204","12807.253"
"kittens.in","baseline-ls","852","2","351","replacement","8396","2349","3978848","95231028393","95208","12819.477"
"kittens.in","baseline-ls","853","2","352","replacement","6270","1710","4624430","95235652823","95212","12831.672"
"kittens.in","baseline-ls","854","2","353","replacement","8922","9688","3917288","95239570111","95216","12843.900"
"kittens.in","baseline-ls","855","2","354","replacement","1348","4558","3255706","95242825817","95219","12855.826"
"kittens.in","baseline-ls","856","2","355","replacement","7049","9688","8073309","95250899126","95227","12867.512"
"kittens.in","baseline-ls","857","2","356","replacement","2538","9688","106996597","95357895723","95334","12878.811"
"kittens.in","baseline-ls","858","2","357","replacement","1066","9688","85900269","95443795992","95420","12890.099"
"kittens.in","baseline-ls","859","2","358","replacement","8618","2349","3376989","95447172981","95424","12901.575"
"kittens.in","baseline-ls","860","2","359","replacement","4367","9688","104381586","95551554567","95528","12912.832"
"kittens.in","baseline-ls","861","2","360","replacement","7845","2349","3252760","95554807327","95531","12924.435"
"kittens.in","baseline-ls","862","2","361","replacement","3914","1710","4518775","95559326102","95536","12935.689"
"kittens.in","baseline-ls","863","2","362","replacement","3363","9688","10371762","95569697864","95546","12947.512"
"kittens.in","baseline-ls","864","2","363","replacement","6424","9688","3448429","95573146293","95550","12959.394"
"kittens.in","baseline-ls","865","2","364","replacement","5887","9688","9730992","95582877285","95559","12970.471"
"kittens.in","baseline-ls","866","2","365","replacement","7456","3106","4257917","95587135202","95564","12982.923"
"kittens.in","baseline-ls","867","2","366","replacement","6306","2349","3672354","95590807556","95567","12994.662"
"kittens.in","baseline-ls","868","2","367","replacement","6737","9688","4629811","95595437367","95572","13006.208"
"kittens.in","baseline-ls","869","2","368","replacement","4423","9688","3082949","95598520316","95575","13017.624"
"kittens.in","baseline-ls","870","2","369","replacement","574","9688","3769950","95602290266","95579","13029.075"
"kittens.in","baseline-ls","871","2","370","replacement","3363","9688","6337700","95608627966","95585","13040.609"
"kittens.in","baseline-ls","872","2","371","replacement","6487","9688","69015517","95677643483","95654","13052.218"
"kittens.in","baseline-ls","873","2","372","replacement","719","2349","3081827","95680725310","95657","13063.608"
"kittens.in","baseline-ls","874","2","373","replacement","1401","2349","3873298","95684598608","95661","13074.734"
"kittens.in","baseline-ls","875","2","374","replacement","9940","9688","43511079","95728109687","95704","13087.054"
"kittens.in","baseline-ls","876","2","375","replacement","2491","9688","11564548","95739674235","95716","13099.416"
"kittens.in","baseline-ls","877","2","376","replacement","7206","2349","3842781","95743517016","95720","13111.641"
"kittens.in","baseline-ls","878","2","377","replacement","3427","7","4729968","95748246984","95725","13123.236"
"kittens.in","baseline-ls","879","2","378","replacement","761","2349","2978653","95751225637","95728","13136.141"
"kittens.in","baseline-ls","880","2","379","replacement","8307","9688","10411210","95761636847","95738","13148.039"
"kittens.in","baseline-ls","881","2","380","replacement","867","9688","3969014","95765605861","95742","13159.221"
"kittens.in","baseline-ls","882","2","381","replacement","2847","2349","3584488","95769190349","95746","13170.537"
"kittens.in","baseline-ls","883","2","382","replacement","6744","4558","3286577","95772476926","95749","13182.128"
"kittens.in","baseline-ls","884","2","383","replacement","3104","9688","10861909","95783338835","95760","13193.327"
"kittens.in","baseline-ls","885","2","384","replacement","2870","4558","3451120","95786789955","95763","13204.759"
"kittens.in","baseline-ls","886","2","385","replacement","2679","9688","3771385","95790561340","95767","13216.682"
"kittens.in","baseline-ls","887","2","386","replacement","7669","116","4192835","95794754175","95771","13227.889"
"kittens.in","baseline-ls","888","2","387","replacement","3432","9688","4094826","95798849001","95775","13238.905"
"kittens.in","baseline-ls","889","2","388","replacement","523","9688","3351482","95802200483","95779","13250.629"
"kittens.in","baseline-ls","890","2","389","replacement","1375","2349","3719932","95805920415","95782","13261.990"
"kittens.in","baseline-ls","891","2","390","replacement","4108","9688","3772492","95809692907","95786","13273.251"
"kittens.in","baseline-ls","892","2","391","replacement","9933","9688","14703562","95824396469","95801","13285.171"
"kittens.in","baseline-ls","893","2","392","replacement","2346","9688","3281559","95827678028","95804","13296.367"
"kittens.in","baseline-ls","894","2","393","replacement","511","9688","4201276","95831879304","95808","13307.869"
"kittens.in","baseline-ls","895","2","394","replacement","3541","4558","3211251","95835090555","95811","13319.390"
"kittens.in","baseline-ls","896","2","395","replacement","7234","9688","3409197","95838499752","95815","13330.701"
"kittens.in","baseline-ls","897","2","396","replacement","7088","7","3024161","95841523913","95818","13342.166"
"kittens.in","baseline-ls","898","2","397","replacement","7992","7","3620514","95845144427","95821","13353.884"
"kittens.in","baseline-ls","899","2","398","replacement","5193","9688","5040580","95850185007","95827","13365.320"
"kittens.in","baseline-ls","900","2","399","replacement","5767","9688","3405274","95853590281","95830","13376.994"
"kittens.in","baseline-ls","901","2","400","replacement","2583","9688","70269375","95923859656","95900","13388.894"
"kittens.in","baseline-ls","902","2","401","replacement","640","4558","3034833","95926894489","95903","13400.229"
"kittens.in","baseline-ls","903","2","402","replacement","6980","4558","3706484","95930600973","95907","13411.289"
"kittens.in","baseline-ls","904","2","403","replacement","1868","9688","3680555","95934281528","95911","13423.010"
"kittens.in","baseline-ls","905","2","404","replacement","8145","9688","3361887","95937643415","95914","13434.530"
"kittens.in","baseline-ls","906","2","405","replacement","1904","9688","105331942","96042975357","96019","13446.406"
"kittens.in","baseline-ls","907","2","406","replacement","5175","116","3022384","96045997741","96022","13457.771"
"kittens.in","baseline-ls","908","2","407","replacement","7987","9688","14825359","96060823100","96037","13468.898"
"kittens.in","baseline-ls","909","2","408","replacement","3043","2349","3034062","96063857162","96040","13480.533"
"kittens.in","baseline-ls","910","2","409","replacement","7029","9688","96870065","96160727227","96137","13491.833"
"kittens.in","baseline-ls","911","2","410","replacement","6550","9688","6947144","96167674371","96144","13503.422"
"kittens.in","baseline-ls","912","2","411","replacement","7795","2349","3630840","96171305211","96148","13515.159"
"kittens.in","baseline-ls","913","2","412","replacement","6978","2349","3745088","96175050299","96151","13526.773"
"kittens.in","baseline-ls","914","2","413","replacement","3232","7","3032042","96178082341","96154","13537.789"
"kittens.in","baseline-ls","915","2","414","replacement","9931","1710","3437604","96181519945","96158","13549.720"
"kittens.in","baseline-ls","916","2","415","replacement","3468","2349","3161678","96184681623","96161","13561.236"
"kittens.in","baseline-ls","917","2","416","replacement","4619","9688","6749258","96191430881","96168","13572.449"
"kittens.in","baseline-ls","918","2","417","replacement","8439","9688","5744647","96197175528","96173","13584.247"
"kittens.in","baseline-ls","919","2","418","replacement","6889","2349","3150254","96200325782","96177","13595.392"
"kittens.in","baseline-ls","920","2","419","replacement","7200","9688","74976899","96275302681","96252","13606.724"
"kittens.in","baseline-ls","921","2","420","replacement","8396","7","3084197","96278386878","96255","13618.083"
"kittens.in","baseline-ls","922","2","421","replacement","4801","2349","3958536","96282345414","96259","13629.475"
"kittens.in","baseline-ls","923","2","422","replacement","7790","9688","10905570","96293250984","96269","13640.831"
"kittens.in","baseline-ls","924","2","423","replacement","2322","2349","2988704","96296239688","96272","13652.440"
"kittens.in","baseline-ls","925","2","424","replacement","2426","9688","3690862","96299930550","96276","13663.966"
"kittens.in","baseline-ls","926","2","425","replacement","444","9688","8655269","96308585819","96285","13675.342"
"kittens.in","baseline-ls","927","2","426","replacement","1552","9518","3014570","96311600389","96288","13687.542"
"kittens.in","baseline-ls","928","2","427","replacement","5899","5097","3230610","96314830999","96291","13698.674"
"kittens.in","baseline-ls","929","2","428","replacement","9008","2349","4090438","96318921437","96295","13710.108"
"kittens.in","baseline-ls","930","2","429","replacement","3507","9688","5536681","96324458118","96301","13721.897"
"kittens.in","baseline-ls","931","2","430","replacement","6895","9688","10711708","96335169826","96311","13733.141"
"kittens.in","baseline-ls","932","2","431","replacement","1546","4558","2603345","96337773171","96314","13744.242"
"kittens.in","baseline-ls","933","2","432","replacement","4222","9688","10299000","96348072171","96324","13756.310"
"kittens.in","baseline-ls","934","2","433","replacement","9040","9688","6319938","96354392109","96331","13767.455"
"kittens.in","baseline-ls","935","2","434","replacement","4151","116","3010417","96357402526","96334","13779.141"
"kittens.in","baseline-ls","936","2","435","replacement","5921","9688","4189163","96361591689","96338","13790.683"
"kittens.in","baseline-ls","937","2","436","replacement","6216","9688","3324269","96364915958","96341","13802.120"
"kittens.in","baseline-ls","938","2","437","replacement","6528","9688","2872982","96367788940","96344","13813.713"
"kittens.in","baseline-ls","939","2","438","replacement","8528","2349","2666716","96370455656","96347","13825.376"
"kittens.in","baseline-ls","940","2","439","replacement","46","4558","3053796","96373509452","96350","13836.555"
"kittens.in","baseline-ls","941","2","440","replacement","523","9688","3451343","96376960795","96353","13848.077"
"kittens.in","baseline-ls","942","2","441","replacement","4526","2349","3943601","96380904396","96357","13859.654"
"kittens.in","baseline-ls","943","2","442","replacement","2209","9688","7238603","96388142999","96364","13870.772"
"kittens.in","baseline-ls","944","2","443","replacement","2136","2349","3500326","96391643325","96368","13882.475"
"kittens.in","baseline-ls","945","2","444","replacement","7355","9688","5200680","96396844005","96373","13893.918"
"kittens.in","baseline-ls","946","2","445","replacement","6611","7","3037623","96399881628","96376","13905.206"
"kittens.in","baseline-ls","947","2","446","replacement","2943","2349","3455890","96403337518","96380","13916.719"
"kittens.in","baseline-ls","948","2","447","replacement","9215","9688","3838099","96407175617","96383","13928.161"
"kittens.in","baseline-ls","949","2","448","replacement","9979","2349","3028690","96410204307","96386","13939.479"
"kittens.in","baseline-ls","950","2","449","replacement","369","7","2616001","96412820308","96389","13951.003"
"kittens.in","baseline-ls","951","2","450","replacement","3004","7","3345732","96416166040","96392","13962.279"
"kittens.in","baseline-ls","952","2","451","replacement","6369","9688","3448529","96419614569","96396","13973.834"
"kittens.in","baseline-ls","953","2","452","replacement","9731","116","3258609","96422873178","96399","13985.549"
"kittens.in","baseline-ls","954","2","453","replacement","2491","9688","7285999","96430159177","96406","13996.921"
"kittens.in","baseline-ls","955","2","454","replacement","2569","9688","3102177","96433261354","96409","14008.592"
"kittens.in","baseline-ls","956","2","455","replacement","6060","9688","10889736","96444151090","96420","14020.315"
"kittens.in","baseline-ls","957","2","456","replacement","188","9688","6292355","96450443445","96427","14031.681"
"kittens.in","baseline-ls","958","2","457","replacement","7929","9688","59826925","96510270370","96486","14042.879"
"kittens.in","baseline-ls","959","2","458","replacement","1083","9688","3273473","96513543843","96490","14054.843"
"kittens.in","baseline-ls","960","2","459","replacement","8209","3106","3593474","96517137317","96493","14066.160"
"kittens.in","baseline-ls","961","2","460","replacement","8907","9688","4180412","96521317729","96497","14077.427"
"kittens.in","baseline-ls","962","2","461","replacement","4091","9688","128239540","96649557269","96626","14088.898"
"kittens.in","baseline-ls","963","2","462","replacement","9032","9688","107576166","96757133435","96733","14100.300"
"kittens.in","baseline-ls","964","2","463","replacement","9444","2349","2935490","96760068925","96736","14111.588"
"kittens.in","baseline-ls","965","2","464","replacement","7053","2349","2809527","96762878452","96739","14122.806"
"kittens.in","baseline-ls","966","2","465","replacement","3905","2349","2773669","96765652121","96742","14134.086"
"kittens.in","baseline-ls","967","2","466","replacement","2304","4558","3046351","96768698472","96745","14145.420"
"kittens.in","baseline-ls","968","2","467","replacement","1986","9688","72767674","96841466146","96818","14156.933"
"kittens.in","baseline-ls","969","2","468","replacement","208","2349","3098279","96844564425","96821","14168.186"
"kittens.in","baseline-ls","970","2","469","replacement","1025","9688","98931370","96943495795","96920","14179.449"
"kittens.in","baseline-ls","971","2","470","replacement","8618","4558","2610438","96946106233","96922","14190.924"
"kittens.in","baseline-ls","972","2","471","replacement","2260","2349","2409251","96948515484","96925","14202.028"
"kittens.in","baseline-ls","973","2","472","replacement","8883","4558","3501593","96952017077","96928","14214.179"
"kittens.in","baseline-ls","974","2","473","replacement","5448","9688","2541434","96954558511","96931","14225.983"
"kittens.in","baseline-ls","975","2","474","replacement","6621","9688","135512866","97090071377","97066","14237.855"
"kittens.in","baseline-ls","976","2","475","replacement","4385","1710","3267938","97093339315","97069","14249.265"
"kittens.in","baseline-ls","977","2","476","replacement","2491","9688","5969393","97099308708","97075","14261.198"
"kittens.in","baseline-ls","978","2","477","replacement","1145","7","3868116","97103176824","97079","14272.475"
"kittens.in","baseline-ls","979","2","478","replacement","4222","9688","7518802","97110695626","97087","14284.485"
"kittens.in","baseline-ls","980","2","479","replacement","8920","1710","2695408","97113391034","97089","14296.202"
"kittens.in","baseline-ls","981","2","480","replacement","4134","9688","6290521","97119681555","97096","14308.169"
"kittens.in","baseline-ls","982","2","481","replacement","2019","9688","5271855","97124953410","97101","14319.996"
"kittens.in","baseline-ls","983","2","482","replacement","2870","2349","2327937","97127281347","97103","14331.098"
"kittens.in","baseline-ls","984","2","483","replacement","5397","4558","2861664","97130143011","97106","14343.161"
"kittens.in","baseline-ls","985","2","484","replacement","9518","4558","3392929","97133535940","97110","14354.969"
"kittens.in","baseline-ls","986","2","485","replacement","4045","9688","3258616","97136794556","97113","14366.673"
"kittens.in","baseline-ls","987","2","486","replacement","443","2349","3264636","97140059192","97116","14378.016"
"kittens.in","baseline-ls","988","2","487","replacement","2136","2349","2772623","97142831815","97119","14389.668"
"kittens.in","baseline-ls","989","2","488","replacement","4079","9688","5563110","97148394925","97124","14401.070"
"kittens.in","baseline-ls","990","2","489","replacement","8227","2349","2958236","97151353161","97127","14412.974"
"kittens.in","baseline-ls","991","2","490","replacement","1066","9688","33924426","97185277587","97161","14424.838"
"kittens.in","baseline-ls","992","2","491","replacement","2480","7","2644280","97187921867","97164","14436.263"
"kittens.in","baseline-ls","993","2","492","replacement","7987","9688","8104589","97196026456","97172","14448.215"
"kittens.in","baseline-ls","994","2","493","replacement","1607","9688","8166199","97204192655","97180","14459.412"
"kittens.in","baseline-ls","995","2","494","replacement","9219","4558","3673286","97207865941","97184","14471.133"
"kittens.in","baseline-ls","996","2","495","replacement","3964","1710","3485947","97211351888","97187","14482.766"
"kittens.in","baseline-ls","997","2","496","replacement","1079","2349","2635815","97213987703","97190","14494.725"
"kittens.in","baseline-ls","998","2","497","replacement","2929","9688","79972096","97293959799","97270","14506.277"
"kittens.in","baseline-ls","999","2","498","replacement","6360","2349","3127819","97297087618","97273","14518.310"
"kittens.in","baseline-ls","1000","2","499","replacement","552","4558","3097630","97300185248","97276","14530.150"
"kittens.in","baseline-ls","1001","3","0","replacement","6029","4558","2506367","97302691615","97279","14541.982"
"kittens.in","baseline-ls","1002","3","1","replacement","6196","2349","2860514","97305552129","97282","14555.090"
"kittens.in","baseline-ls","1003","3","2","replacement","5898","8248","3232056","97308784185","97285","14566.804"
"kittens.in","baseline-ls","1004","3","3","replacement","5887","523","3889213","97312673398","97289","14578.641"
"kittens.in","baseline-ls","1005","3","4","replacement","4967","7","3191168","97315864566","97292","14590.632"
"kittens.in","baseline-ls","1006","3","5","replacement","8248","9688","4418152","97320282718","97296","14602.295"
"kittens.in","baseline-ls","1007","3","6","replacement","3304","4558","2864597","97323147315","97299","14613.688"
"kittens.in","baseline-ls","1008","3","7","replacement","7820","9688","4622611","97327769926","97304","14625.323"
"kittens.in","baseline-ls","1009","3","8","replacement","4787","4558","3241014","97331010940","97307","14637.224"
"kittens.in","baseline-ls","1010","3","9","replacement","3379","1710","2936860","97333947800","97310","14648.689"
"kittens.in","baseline-ls","1011","3","10","replacement","673","9688","4793453","97338741253","97315","14660.505"
"kittens.in","baseline-ls","1012","3","11","replacement","5304","9688","114764926","97453506179","97429","14671.788"
"kittens.in","baseline-ls","1013","3","12","replacement","4647","5097","2204123","97455710302","97432","14683.688"
"kittens.in","baseline-ls","1014","3","13","replacement","8848","5097","2281248","97457991550","97434","14695.577"
"kittens.in","baseline-ls","1015","3","14","replacement","8907","4558","2752142","97460743692","97437","14707.361"
"kittens.in","baseline-ls","1016","3","15","replacement","6428","2349","2780209","97463523901","97439","14719.592"
"kittens.in","baseline-ls","1017","3","16","replacement","200","1710","2419920","97465943821","97442","14731.324"
"kittens.in","baseline-ls","1018","3","17","replacement","6067","4558","2626270","97468570091","97445","14743.182"
"kittens.in","baseline-ls","1019","3","18","replacement","2052","76","2455055","97471025146","97447","14754.556"
"kittens.in","baseline-ls","1020","3","19","replacement","527","4558","3159169","97474184315","97450","14766.293"
"kittens.in","baseline-ls","1021","3","20","replacement","9040","4134","2925072","97477109387","97453","14777.779"
"kittens.in","baseline-ls","1022","3","21","replacement","9600","4558","2377237","97479486624","97455","14788.978"
"kittens.in","baseline-ls","1023","3","22","replacement","2413","4558","2634981","97482121605","97458","14800.861"
"kittens.in","baseline-ls","1024","3","23","replacement","4619","511","2382785","97484504390","97460","14814.311"
"kittens.in","baseline-ls","1025","3","24","replacement","4034","2611","3510530","97488014920","97464","14826.312"
"kittens.in","baseline-ls","1026","3","25","replacement","7751","2662","3181446","97491196366","97467","14837.725"
"kittens.in","baseline-ls","1027","3","26","replacement","9940","8922","32001280","97523197646","97499","14849.557"
"kittens.in","baseline-ls","1028","3","27","replacement","4457","4558","2680682","97525878328","97502","14861.363"
"kittens.in","baseline-ls","1029","3","28","replacement","7474","1252","27089581","97552967909","97529","14872.649"
"kittens.in","baseline-ls","1030","3","29","replacement","8528","4558","2688714","97555656623","97532","14884.902"
"kittens.in","baseline-ls","1031","3","30","replacement","8345","4558","2494309","97558150932","97534","14896.454"
"kittens.in","baseline-ls","1032","3","31","replacement","5156","7","2836117","97560987049","97537","14908.762"
"kittens.in","baseline-ls","1033","3","32","replacement","1986","9688","30411831","97591398880","97567","14921.431"
"kittens.in","baseline-ls","1034","3","33","replacement","2480","7","2034018","97593432898","97569","14933.351"
"kittens.in","baseline-ls","1035","3","34","replacement","6280","2349","2339999","97595772897","97572","14945.387"
"kittens.in","baseline-ls","1036","3","35","replacement","221","2349","3686356","97599459253","97575","14957.137"
"kittens.in","baseline-ls","1037","3","36","replacement","2322","4558","3025400","97602484653","97578","14968.867"
"kittens.in","baseline-ls","1038","3","37","replacement","1252","9688","6974731","97609459384","97585","14980.836"
"kittens.in","baseline-ls","1039","3","38","replacement","6855","9688","8942532","97618401916","97594","14993.248"
"kittens.in","baseline-ls","1040","3","39","replacement","7179","7","2283225","97620685141","97597","15005.121"
"kittens.in","baseline-ls","1041","3","40","replacement","7795","4558","2562561","97623247702","97599","15017.220"
"kittens.in","baseline-ls","1042","3","41","replacement","5251","477","19854339","97643102041","97619","15028.976"
"kittens.in","baseline-ls","1043","3","42","replacement","9219","5097","2695235","97645797276","97622","15040.272"
"kittens.in","baseline-ls","1044","3","43","replacement","477","6737","14609851","97660407127","97636","15051.524"
"kittens.in","baseline-ls","1045","3","44","replacement","8484","4558","2290036","97662697163","97639","15063.235"
"kittens.in","baseline-ls","1046","3","45","replacement","8487","76","2702627","97665399790","97641","15074.527"
"kittens.in","baseline-ls","1047","3","46","replacement","9138","7","2122233","97667522023","97643","15086.016"
"kittens.in","baseline-ls","1048","3","47","replacement","6545","5097","2878712","97670400735","97646","15097.706"
"kittens.in","baseline-ls","1049","3","48","replacement","1358","4558","2031863","97672432598","97648","15108.842"
"kittens.in","baseline-ls","1050","3","49","replacement","6285","4558","2647414","97675080012","97651","15120.458"
"kittens.in","baseline-ls","1051","3","50","replacement","477","6447","5626765","97680706777","97657","15131.864"
"kittens.in","baseline-ls","1052","3","51","replacement","2768","4558","2288999","97682995776","97659","15143.161"
"kittens.in","baseline-ls","1053","3","52","replacement","9465","4558","2657890","97685653666","97662","15154.597"
"kittens.in","baseline-ls","1054","3","53","replacement","4501","2349","3527487","97689181153","97665","15165.977"
"kittens.in","baseline-ls","1055","3","54","replacement","1476","2349","2284510","97691465663","97667","15177.247"
"kittens.in","baseline-ls","1056","3","55","replacement","9836","1546","2807988","97694273651","97670","15188.749"
"kittens.in","baseline-ls","1057","3","56","replacement","6737","9688","7290603","97701564254","97677","15200.559"
"kittens.in","baseline-ls","1058","3","57","replacement","8922","9688","2681398","97704245652","97680","15212.016"
"kittens.in","baseline-ls","1059","3","58","replacement","135","4558","2466739","97706712391","97683","15224.556"
"kittens.in","baseline-ls","1060","3","59","replacement","511","9688","2979596","97709691987","97686","15235.878"
"kittens.in","baseline-ls","1061","3","60","replacement","6447","9688","2967489","97712659476","97689","15247.447"
"kittens.in","baseline-ls","1062","3","61","replacement","9933","9688","7956335","97720615811","97696","15259.295"
"kittens.in","baseline-ls","1063","3","62","replacement","9215","9688","3472068","97724087879","97700","15270.531"
"kittens.in","baseline-ls","1064","3","63","replacement","2058","9688","2984839","97727072718","97703","15281.883"
"kittens.in","baseline-ls","1065","3","64","replacement","1216","7","2363035","97729435753","97705","15293.387"
"kittens.in","baseline-ls","1066","3","65","replacement","5645","4222","91444641","97820880394","97797","15304.826"
"kittens.in","baseline-ls","1067","3","66","replacement","8209","2662","2203441","97823083835","97799","15316.140"
"kittens.in","baseline-ls","1068","3","67","replacement","1252","9688","6912119","97829995954","97806","15327.516"
"kittens.in","baseline-ls","1069","3","68","replacement","6687","4558","2588954","97832584908","97808","15341.354"
"kittens.in","baseline-ls","1070","3","69","replacement","4234","4558","2518331","97835103239","97811","15353.126"
"kittens.in","baseline-ls","1071","3","70","replacement","4367","9230","34662353","97869765592","97846","15364.246"
"kittens.in","baseline-ls","1072","3","71","replacement","6196","2662","2005367","97871770959","97848","15375.764"
"kittens.in","baseline-ls","1073","3","72","replacement","3528","5898","3525671","97875296630","97851","15387.750"
"kittens.in","baseline-ls","1074","3","73","replacement","1750","7","2506412","97877803042","97854","15398.962"
"kittens.in","baseline-ls","1075","3","74","replacement","3285","2349","1793324","97879596366","97855","15411.429"
"kittens.in","baseline-ls","1076","3","75","replacement","7519","5097","2593525","97882189891","97858","15423.117"
"kittens.in","baseline-ls","1077","3","76","replacement","4286","3106","2393653","97884583544","97860","15434.802"
"kittens.in","baseline-ls","1078","3","77","replacement","5122","4558","2273058","97886856602","97863","15447.182"
"kittens.in","baseline-ls","1079","3","78","replacement","3050","5097","2110433","97888967035","97865","15459.690"
"kittens.in","baseline-ls","1080","3","79","replacement","395","2349","2082159","97891049194","97867","15471.097"
"kittens.in","baseline-ls","1081","3","80","replacement","7545","7","2778883","97893828077","97870","15482.618"
"kittens.in","baseline-ls","1082","3","81","replacement","9107","2349","2038538","97895866615","97872","15494.842"
"kittens.in","baseline-ls","1083","3","82","replacement","3944","4558","2811827","97898678442","97875","15506.098"
"kittens.in","baseline-ls","1084","3","83","replacement","3146","4558","2938434","97901616876","97877","15517.525"
"kittens.in","baseline-ls","1085","3","84","replacement","3509","4558","2326980","97903943856","97880","15528.783"
"kittens.in","baseline-ls","1086","3","85","replacement","8248","9688","3115808","97907059664","97883","15540.653"
"kittens.in","baseline-ls","1087","3","86","replacement","4134","9688","9419904","97916479568","97892","15551.988"
"kittens.in","baseline-ls","1088","3","87","replacement","3240","4558","2395372","97918874940","97895","15563.690"
"kittens.in","baseline-ls","1089","3","88","replacement","7200","2426","25492281","97944367221","97920","15574.836"
"kittens.in","baseline-ls","1090","3","89","replacement","7088","7","3044391","97947411612","97923","15586.351"
"kittens.in","baseline-ls","1091","3","90","replacement","583","9688","6767910","97954179522","97930","15597.757"
"kittens.in","baseline-ls","1092","3","91","replacement","369","7","2238012","97956417534","97932","15608.832"
"kittens.in","baseline-ls","1093","3","92","replacement","8512","1710","2184469","97958602003","97934","15620.541"
"kittens.in","baseline-ls","1094","3","93","replacement","6487","2569","34056505","97992658508","97968","15631.365"
"kittens.in","baseline-ls","1095","3","94","replacement","4639","4558","2204159","97994862667","97971","15642.640"
"kittens.in","baseline-ls","1096","3","95","replacement","9349","9688","30275265","98025137932","98001","15654.108"
"kittens.in","baseline-ls","1097","3","96","replacement","5898","5193","3967240","98029105172","98005","15665.548"
"kittens.in","baseline-ls","1098","3","97","replacement","6744","4558","1881371","98030986543","98007","15676.677"
"kittens.in","baseline-ls","1099","3","98","replacement","3363","9688","3326381","98034312924","98010","15688.306"
"kittens.in","baseline-ls","1100","3","99","replacement","3104","9688","4897816","98039210740","98015","15699.600"
"kittens.in","baseline-ls","1101","3","100","replacement","3700","673","5650812","98044861552","98021","15710.836"
"kittens.in","baseline-ls","1102","3","101","replacement","4346","4558","2633959","98047495511","98023","15722.425"
"kittens.in","baseline-ls","1103","3","102","replacement","7481","4558","2138363","98049633874","98025","15733.759"
"kittens.in","baseline-ls","1104","3","103","replacement","3914","4558","2160904","98051794778","98028","15744.939"
"kittens.in","baseline-ls","1105","3","104","replacement","952","4558","2075096","98053869874","98030","15756.229"
"kittens.in","baseline-ls","1106","3","105","replacement","7320","2349","1870249","98055740123","98032","15767.550"
"kittens.in","baseline-ls","1107","3","106","replacement","3089","2349","2477470","98058217593","98034","15778.814"
"kittens.in","baseline-ls","1108","3","107","replacement","8145","9688","2686522","98060904115","98037","15790.139"
"kittens.in","baseline-ls","1109","3","108","replacement","2870","4558","2155156","98063059271","98039","15801.493"
"kittens.in","baseline-ls","1110","3","109","replacement","8512","3113","2110085","98065169356","98041","15812.908"
"kittens.in","baseline-ls","1111","3","110","replacement","6270","1710","2309782","98067479138","98043","15824.431"
"kittens.in","baseline-ls","1112","3","111","replacement","6978","4558","1788706","98069267844","98045","15835.717"
"kittens.in","baseline-ls","1113","3","112","replacement","3207","9688","5998651","98075266495","98051","15847.345"
"kittens.in","baseline-ls","1114","3","113","replacement","5014","4558","2054177","98077320672","98053","15858.548"
"kittens.in","baseline-ls","1115","3","114","replacement","6967","7","2391832","98079712504","98055","15869.811"
"kittens.in","baseline-ls","1116","3","115","replacement","1110","9688","5843542","98085556046","98061","15881.349"
"kittens.in","baseline-ls","1117","3","116","replacement","8235","7","2167170","98087723216","98064","15892.643"
"kittens.in","baseline-ls","1118","3","117","replacement","9230","9688","3488733","98091211949","98067","15903.978"
"kittens.in","baseline-ls","1119","3","118","replacement","3513","9688","2687890","98093899839","98070","15915.265"
"kittens.in","baseline-ls","1120","3","119","replacement","399","7","2214625","98096114464","98072","15927.516"
"kittens.in","baseline-ls","1121","3","120","replacement","5860","2349","2519421","98098633885","98074","15938.915"
"kittens.in","baseline-ls","1122","3","121","replacement","5072","4558","1915911","98100549796","98076","15950.634"
"kittens.in","baseline-ls","1123","3","122","replacement","5029","4558","1833758","98102383554","98078","15961.657"
"kittens.in","baseline-ls","1124","3","123","replacement","991","2349","2774360","98105157914","98081","15973.364"
"kittens.in","baseline-ls","1125","3","124","replacement","7105","3363","3044894","98108202808","98084","15984.804"
"kittens.in","baseline-ls","1126","3","125","replacement","8848","3113","2348950","98110551758","98086","15995.961"
"kittens.in","baseline-ls","1127","3","126","replacement","7519","4558","1796650","98112348408","98088","16007.241"
"kittens.in","baseline-ls","1128","3","127","replacement","1256","1710","2220708","98114569116","98090","16018.946"
"kittens.in","baseline-ls","1129","3","128","replacement","3905","2349","2167284","98116736400","98093","16030.388"
"kittens.in","baseline-ls","1130","3","129","replacement","753","116","1743966","98118480366","98094","16041.365"
"kittens.in","baseline-ls","1131","3","130","replacement","6737","9688","4084503","98122564869","98098","16052.978"
"kittens.in","baseline-ls","1132","3","131","replacement","4526","2662","1844132","98124409001","98100","16064.304"
"kittens.in","baseline-ls","1133","3","132","replacement","9467","4558","1897270","98126306271","98102","16075.298"
"kittens.in","baseline-ls","1134","3","133","replacement","5111","4558","2513972","98128820243","98105","16086.755"
"kittens.in","baseline-ls","1135","3","134","replacement","5821","7","1794210","98130614453","98106","16098.275"
"kittens.in","baseline-ls","1136","3","135","replacement","4884","4558","2789147","98133403600","98109","16109.472"
"kittens.in","baseline-ls","1137","3","136","replacement","2707","9349","27694990","98161098590","98137","16120.667"
"kittens.in","baseline-ls","1138","3","137","replacement","9230","9688","2574944","98163673534","98139","16132.066"
"kittens.in","baseline-ls","1139","3","138","replacement","9979","2349","1685392","98165358926","98141","16143.503"
"kittens.in","baseline-ls","1140","3","139","replacement","1934","7","2467252","98167826178","98144","16154.818"
"kittens.in","baseline-ls","1141","3","140","replacement","7439","4558","1850311","98169676489","98145","16165.835"
"kittens.in","baseline-ls","1142","3","141","replacement","952","4558","1743874","98171420363","98147","16176.864"
"kittens.in","baseline-ls","1143","3","142","replacement","7919","2662","2444862","98173865225","98150","16188.216"
"kittens.in","baseline-ls","1144","3","143","replacement","776","4558","1886301","98175751526","98152","16201.166"
"kittens.in","baseline-ls","1145","3","144","replacement","650","2349","1642313","98177393839","98153","16212.452"
"kittens.in","baseline-ls","1146","3","145","replacement","369","7","2159869","98179553708","98155","16224.205"
"kittens.in","baseline-ls","1147","3","146","replacement","6545","2349","2292345","98181846053","98158","16235.455"
"kittens.in","baseline-ls","1148","3","147","replacement","2898","1710","1684305","98183530358","98159","16246.961"
"kittens.in","baseline-ls","1149","3","148","replacement","9178","116","2115539","98185645897","98161","16258.696"
"kittens.in","baseline-ls","1150","3","149","replacement","8896","1868","25539685","98211185582","98187","16270.088"
"kittens.in","baseline-ls","1151","3","150","replacement","3630","9688","21689117","98232874699","98209","16281.433"
"kittens.in","baseline-ls","1152","3","151","replacement","2439","4558","1999165","98234873864","98211","16292.848"
"kittens.in","baseline-ls","1153","3","152","replacement","6369","4558","2856657","98237730521","98213","16304.011"
"kittens.in","baseline-ls","1154","3","153","replacement","673","3207","2202365","98239932886","98216","16315.117"
"kittens.in","baseline-ls","1155","3","154","replacement","6980","4558","1898960","98241831846","98218","16326.271"
"kittens.in","baseline-ls","1156","3","155","replacement","1375","4558","2283455","98244115301","98220","16339.121"
"kittens.in","baseline-ls","1157","3","156","replacement","9349","5251","3107839","98247223140","98223","16350.619"
"kittens.in","baseline-ls","1158","3","157","replacement","7044","9688","21998245","98269221385","98245","16362.093"
"kittens.in","baseline-ls","1159","3","158","replacement","2537","9688","3522063","98272743448","98248","16373.270"
"kittens.in","baseline-ls","1160","3","159","replacement","2182","76","2251891","98274995339","98251","16384.509"
"kittens.in","baseline-ls","1161","3","160","replacement","4400","7","2361876","98277357215","98253","16395.917"
"kittens.in","baseline-ls","1162","3","161","replacement","4079","9688","4248523","98281605738","98257","16406.960"
"kittens.in","baseline-ls","1163","3","162","replacement","2322","2349","1680878","98283286616","98259","16418.558"
"kittens.in","baseline-ls","1164","3","163","replacement","2875","2349","1845506","98285132122","98261","16430.135"
"kittens.in","baseline-ls","1165","3","164","replacement","2983","4558","1583708","98286715830","98262","16441.878"
"kittens.in","baseline-ls","1166","3","165","replacement","9931","3106","1948465","98288664295","98264","16453.557"
"kittens.in","baseline-ls","1167","3","166","replacement","1647","3106","1623963","98290288258","98266","16465.002"
"kittens.in","baseline-ls","1168","3","167","replacement","2611","9688","2088253","98292376511","98268","16476.575"
"kittens.in","baseline-ls","1169","3","168","replacement","2480","76","1842487","98294218998","98270","16487.879"
"kittens.in","baseline-ls","1170","3","169","replacement","1091","9688","6400466","98300619464","98276","16499.310"
"kittens.in","baseline-ls","1171","3","170","replacement","9008","4558","1862954","98302482418","98278","16510.430"
"kittens.in","baseline-ls","1172","3","171","replacement","7206","4558","2260742","98304743160","98280","16522.287"
"kittens.in","baseline-ls","1173","3","172","replacement","6744","8140","1628769","98306371929","98282","16533.452"
"kittens.in","baseline-ls","1174","3","173","replacement","9607","7","1839243","98308211172","98284","16544.656"
"kittens.in","baseline-ls","1175","3","174","replacement","3395","2662","1634808","98309845980","98286","16556.590"
"kittens.in","baseline-ls","1176","3","175","replacement","6306","2349","2123009","98311968989","98288","16568.729"
"kittens.in","baseline-ls","1177","3","176","replacement","1358","2349","1923249","98313892238","98290","16580.304"
"kittens.in","baseline-ls","1178","3","177","replacement","7179","116","2163338","98316055576","98292","16592.149"
"kittens.in","baseline-ls","1179","3","178","replacement","221","4558","2092979","98318148555","98294","16603.398"
"kittens.in","baseline-ls","1180","3","179","replacement","3158","2349","1801633","98319950188","98296","16614.544"
"kittens.in","baseline-ls","1181","3","180","replacement","5003","4558","1760105","98321710293","98297","16626.154"
"kittens.in","baseline-ls","1182","3","181","replacement","7053","4558","1554049","98323264342","98299","16637.656"
"kittens.in","baseline-ls","1183","3","182","replacement","1868","9688","4536002","98327800344","98304","16651.381"
"kittens.in","baseline-ls","1184","3","183","replacement","3541","2349","1692519","98329492863","98305","16662.570"
"kittens.in","baseline-ls","1185","3","184","replacement","8235","1710","1792595","98331285458","98307","16674.104"
"kittens.in","baseline-ls","1186","3","185","replacement","951","2349","1633987","98332919445","98309","16686.053"
"kittens.in","baseline-ls","1187","3","186","replacement","4962","4558","1798814","98334718259","98310","16697.964"
"kittens.in","baseline-ls","1188","3","187","replacement","2005","4558","1615923","98336334182","98312","16709.440"
"kittens.in","baseline-ls","1189","3","188","replacement","2943","2662","1495279","98337829461","98314","16720.946"
"kittens.in","baseline-ls","1190","3","189","replacement","8307","9688","5188078","98343017539","98319","16732.258"
"kittens.in","baseline-ls","1191","3","190","replacement","3757","4558","1864569","98344882108","98321","16743.533"
"kittens.in","baseline-ls","1192","3","191","replacement","8685","9688","3095055","98347977163","98324","16755.016"
"kittens.in","baseline-ls","1193","3","192","replacement","1571","2349","2160399","98350137562","98326","16767.402"
"kittens.in","baseline-ls","1194","3","193","replacement","4457","4558","2112509","98352250071","98328","16778.985"
"kittens.in","baseline-ls","1195","3","194","replacement","1552","9688","2466982","98354717053","98330","16790.873"
"kittens.in","baseline-ls","1196","3","195","replacement","6486","9688","4484438","98359201491","98335","16802.020"
"kittens.in","baseline-ls","1197","3","196","replacement","753","7","1794322","98360995813","98337","16813.964"
"kittens.in","baseline-ls","1198","3","197","replacement","7929","9688","30236686","98391232499","98367","16825.397"
"kittens.in","baseline-ls","1199","3","198","replacement","9347","5898","2343903","98393576402","98369","16836.391"
"kittens.in","baseline-ls","1200","3","199","replacement","2699","2349","2032662","98395609064","98371","16848.116"
"kittens.in","baseline-ls","1201","3","200","replacement","367","4108","22915563","98418524627","98394","16859.404"
"kittens.in","baseline-ls","1202","3","201","replacement","511","4558","2519192","98421043819","98397","16870.590"
"kittens.in","baseline-ls","1203","3","202","replacement","8062","7","1698650","98422742469","98398","16881.948"
"kittens.in","baseline-ls","1204","3","203","replacement","2407","7","2227727","98424970196","98401","16893.366"
"kittens.in","baseline-ls","1205","3","204","replacement","1401","4558","1914858","98426885054","98403","16904.741"
"kittens.in","baseline-ls","1206","3","205","replacement","2537","9688","3990391","98430875445","98407","16916.273"
"kittens.in","baseline-ls","1207","3","206","replacement","1328","2349","1891378","98432766823","98408","16927.692"
"kittens.in","baseline-ls","1208","3","207","replacement","867","9688","1929632","98434696455","98410","16939.164"
"kittens.in","baseline-ls","1209","3","208","replacement","7669","7","1847197","98436543652","98412","16950.543"
"kittens.in","baseline-ls","1210","3","209","replacement","5752","2349","1451770","98437995422","98414","16962.040"
"kittens.in","baseline-ls","1211","3","210","replacement","300","1710","2726571","98440721993","98416","16973.347"
"kittens.in","baseline-ls","1212","3","211","replacement","9659","4558","1912784","98442634777","98418","16985.340"
"kittens.in","baseline-ls","1213","3","212","replacement","5902","2349","2424201","98445058978","98421","16996.923"
"kittens.in","baseline-ls","1214","3","213","replacement","1784","7","2290455","98447349433","98423","17008.153"
"kittens.in","baseline-ls","1215","3","214","replacement","552","4558","1953694","98449303127","98425","17019.917"
"kittens.in","baseline-ls","1216","3","215","replacement","7206","4558","1302775","98450605902","98426","17031.288"
"kittens.in","baseline-ls","1217","3","216","replacement","7511","2349","1665404","98452271306","98428","17042.682"
"kittens.in","baseline-ls","1218","3","217","replacement","4108","9688","2771153","98455042459","98431","17054.758"
"kittens.in","baseline-ls","1219","3","218","replacement","5483","3528","20198911","98475241370","98451","17066.414"
"kittens.in","baseline-ls","1220","3","219","replacement","7320","4558","1915877","98477157247","98453","17077.688"
"kittens.in","baseline-ls","1221","3","220","replacement","3146","9688","2405921","98479563168","98455","17089.354"
"kittens.in","baseline-ls","1222","3","221","replacement","9713","4558","1625591","98481188759","98457","17100.730"
"kittens.in","baseline-ls","1223","3","222","replacement","3784","9688","1911368","98483100127","98459","17112.706"
"kittens.in","baseline-ls","1224","3","223","replacement","300","1710","1506628","98484606755","98460","17124.581"
"kittens.in","baseline-ls","1225","3","224","replacement","1601","5097","1844558","98486451313","98462","17135.770"
"kittens.in","baseline-ls","1226","3","225","replacement","8599","9688","2483819","98488935132","98465","17147.574"
"kittens.in","baseline-ls","1227","3","226","replacement","3528","9688","2913949","98491849081","98468","17159.241"
"kittens.in","baseline-ls","1228","3","227","replacement","2983","2349","2036658","98493885739","98470","17170.399"
"kittens.in","baseline-ls","1229","3","228","replacement","9138","7","1426278","98495312017","98471","17181.851"
"kittens.in","baseline-ls","1230","3","229","replacement","5899","4558","1840951","98497152968","98473","17193.479"
"kittens.in","baseline-ls","1231","3","230","replacement","6899","4558","2738053","98499891021","98476","17204.452"
"kittens.in","baseline-ls","1232","3","231","replacement","3158","3106","1532697","98501423718","98477","17215.700"
"kittens.in","baseline-ls","1233","3","232","replacement","5784","7","2356087","98503779805","98479","17227.080"
"kittens.in","baseline-ls","1234","3","233","replacement","4151","1710","1581981","98505361786","98481","17238.354"
"kittens.in","baseline-ls","1235","3","234","replacement","8104","4558","2207523","98507569309","98483","17249.699"
"kittens.in","baseline-ls","1236","3","235","replacement","4423","9688","2235641","98509804950","98485","17261.231"
"kittens.in","baseline-ls","1237","3","236","replacement","8848","2349","1831520","98511636470","98487","17273.286"
"kittens.in","baseline-ls","1238","3","237","replacement","6095","9688","15848535","98527485005","98503","17284.813"
"kittens.in","baseline-ls","1239","3","238","replacement","1476","2349","1418220","98528903225","98505","17295.942"
"kittens.in","baseline-ls","1240","3","239","replacement","2413","4558","1143820","98530047045","98506","17307.429"
"kittens.in","baseline-ls","1241","3","240","replacement","1091","9688","4564966","98534612011","98510","17319.056"
"kittens.in","baseline-ls","1242","3","241","replacement","2533","7","2200432","98536812443","98512","17329.952"
"kittens.in","baseline-ls","1243","3","242","replacement","4463","9688","19880624","98556693067","98532","17341.166"
"kittens.in","baseline-ls","1244","3","243","replacement","4626","4558","1910286","98558603353","98534","17352.846"
"kittens.in","baseline-ls","1245","3","244","replacement","2209","6486","3465679","98562069032","98538","17364.063"
"kittens.in","baseline-ls","1246","3","245","replacement","9933","7790","2484178","98564553210","98540","17375.437"
"kittens.in","baseline-ls","1247","3","246","replacement","4071","2349","1904712","98566457922","98542","17387.440"
"kittens.in","baseline-ls","1248","3","247","replacement","3240","2349","951855","98567409777","98543","17398.642"
"kittens.in","baseline-ls","1249","3","248","replacement","3004","7","1511847","98568921624","98545","17410.042"
"kittens.in","baseline-ls","1250","3","249","replacement","2058","4558","1774321","98570695945","98546","17421.269"
"kittens.in","baseline-ls","1251","3","250","replacement","1256","1710","1300863","98571996808","98548","17432.913"
"kittens.in","baseline-ls","1252","3","251","replacement","3089","4558","1495610","98573492418","98549","17444.959"
"kittens.in","baseline-ls","1253","3","252","replacement","707","4558","1776876","98575269294","98551","17456.533"
"kittens.in","baseline-ls","1254","3","253","replacement","541","9688","1887326","98577156620","98553","17467.851"
"kittens.in","baseline-ls","1255","3","254","replacement","1079","2349","1756431","98578913051","98555","17479.665"
"kittens.in","baseline-ls","1256","3","255","replacement","8145","9688","1982065","98580895116","98557","17491.138"
"kittens.in","baseline-ls","1257","3","256","replacement","3533","5095","7497572","98588392688","98564","17501.881"
"kittens.in","baseline-ls","1258","3","257","replacement","1546","4558","2011050","98590403738","98566","17513.304"
"kittens.in","baseline-ls","1259","3","258","replacement","5095","2518","5416997","98595820735","98571","17524.564"
"kittens.in","baseline-ls","1260","3","259","replacement","7845","4558","1641786","98597462521","98573","17535.778"
"kittens.in","baseline-ls","1261","3","260","replacement","6687","2349","1582462","98599044983","98575","17548.369"
"kittens.in","baseline-ls","1262","3","261","replacement","3043","4558","1925016","98600969999","98577","17559.720"
"kittens.in","baseline-ls","1263","3","262","replacement","9677","523","1588417","98602558416","98578","17571.043"
"kittens.in","baseline-ls","1264","3","263","replacement","8343","2349","1541227","98604099643","98580","17583.050"
"kittens.in","baseline-ls","1265","3","264","replacement","2518","5063","2784174","98606883817","98583","17594.477"
"kittens.in","baseline-ls","1266","3","265","replacement","4660","4558","1978421","98608862238","98585","17605.803"
"kittens.in","baseline-ls","1267","3","266","replacement","444","2209","4012063","98612874301","98589","17616.908"
"kittens.in","baseline-ls","1268","3","267","replacement","1739","4558","2207425","98615081726","98591","17628.186"
"kittens.in","baseline-ls","1269","3","268","replacement","8345","2349","2376079","98617457805","98593","17639.733"
"kittens.in","baseline-ls","1270","3","269","replacement","3285","4558","1349733","98618807538","98594","17651.348"
"kittens.in","baseline-ls","1271","3","270","replacement","476","3106","1479969","98620287507","98596","17662.379"
"kittens.in","baseline-ls","1272","3","271","replacement","5014","4558","1759374","98622046881","98598","17673.806"
"kittens.in","baseline-ls","1273","3","272","replacement","2847","4558","2040062","98624086943","98600","17685.394"
"kittens.in","baseline-ls","1274","3","273","replacement","9467","5097","1183413","98625270356","98601","17696.662"
"kittens.in","baseline-ls","1275","3","274","replacement","8883","4558","1317220","98626587576","98602","17707.999"
"kittens.in","baseline-ls","1276","3","275","replacement","7481","4558","1506892","98628094468","98604","17719.370"
"kittens.in","baseline-ls","1277","3","276","replacement","7474","9688","22645582","98650740050","98626","17731.045"
"kittens.in","baseline-ls","1278","3","277","replacement","8062","7","1117979","98651858029","98628","17742.098"
"kittens.in","baseline-ls","1279","3","278","replacement","5095","4558","2572223","98654430252","98630","17753.363"
"kittens.in","baseline-ls","1280","3","279","replacement","7456","2349","1294342","98655724594","98631","17765.127"
"kittens.in","baseline-ls","1281","3","280","replacement","188","9688","3956744","98659681338","98635","17776.645"
"kittens.in","baseline-ls","1282","3","281","replacement","5448","9688","2210866","98661892204","98638","17787.963"
"kittens.in","baseline-ls","1283","3","282","replacement","6797","9688","4398657","98666290861","98642","17799.380"
"kittens.in","baseline-ls","1284","3","283","replacement","7200","9688","9360574","98675651435","98651","17810.723"
"kittens.in","baseline-ls","1285","3","284","replacement","6280","4558","1894377","98677545812","98653","17822.250"
"kittens.in","baseline-ls","1286","3","285","replacement","7456","3106","1303238","98678849050","98654","17833.590"
"kittens.in","baseline-ls","1287","3","286","replacement","8068","4558","1959846","98680808896","98656","17844.808"
"kittens.in","baseline-ls","1288","3","287","replacement","1348","2349","1850524","98682659420","98658","17858.126"
"kittens.in","baseline-ls","1289","3","288","replacement","7545","7","1781179","98684440599","98660","17869.457"
"kittens.in","baseline-ls","1290","3","289","replacement","937","4558","1607587","98686048186","98662","17880.855"
"kittens.in","baseline-ls","1291","3","290","replacement","5767","4558","1942356","98687990542","98664","17892.191"
"kittens.in","baseline-ls","1292","3","291","replacement","2600","9688","40234165","98728224707","98704","17904.333"
"kittens.in","baseline-ls","1293","3","292","replacement","7439","4558","1289548","98729514255","98705","17915.489"
"kittens.in","baseline-ls","1294","3","293","replacement","4967","116","1825454","98731339709","98707","17926.982"
"kittens.in","baseline-ls","1295","3","294","replacement","7105","9688","2297617","98733637326","98709","17938.461"
"kittens.in","baseline-ls","1296","3","295","replacement","6067","4558","1571208","98735208534","98711","17949.839"
"kittens.in","baseline-ls","1297","3","296","replacement","1348","2349","1198444","98736406978","98712","17961.277"
"kittens.in","baseline-ls","1298","3","297","replacement","1790","4558","1458098","98737865076","98713","17972.598"
"kittens.in","baseline-ls","1299","3","298","replacement","2439","4558","1515956","98739381032","98715","17984.085"
"kittens.in","baseline-ls","1300","3","299","replacement","7519","4558","1243422","98740624454","98716","17996.024"
"kittens.in","baseline-ls","1301","3","300","replacement","9955","4108","5087401","98745711855","98721","18007.536"
"kittens.in","baseline-ls","1302","3","301","replacement","4108","6797","3415708","98749127563","98725","18018.973"
"kittens.in","baseline-ls","1303","3","302","replacement","4108","9688","2452514","98751580077","98727","18030.275"
"kittens.in","baseline-ls","1304","3","303","replacement","8920","7","1436456","98753016533","98729","18041.657"
"kittens.in","baseline-ls","1305","3","304","replacement","876","5097","1463333","98754479866","98730","18053.483"
"kittens.in","baseline-ls","1306","3","305","replacement","2760","2426","66493825","98820973691","98797","18064.560"
"kittens.in","baseline-ls","1307","3","306","replacement","1657","4558","1572782","98822546473","98798","18075.795"
"kittens.in","baseline-ls","1308","3","307","replacement","552","5097","1223242","98823769715","98799","18086.975"
"kittens.in","baseline-ls","1309","3","308","replacement","2426","1083","14998518","98838768233","98814","18098.173"
"kittens.in","baseline-ls","1310","3","309","replacement","4647","4558","1458780","98840227013","98816","18109.274"
"kittens.in","baseline-ls","1311","3","310","replacement","8487","7","1647013","98841874026","98817","18120.445"
"kittens.in","baseline-ls","1312","3","311","replacement","5095","4558","1422997","98843297023","98819","18131.822"
"kittens.in","baseline-ls","1313","3","312","replacement","2583","9688","17579282","98860876305","98836","18143.106"
"kittens.in","baseline-ls","1314","3","313","replacement","4108","1091","2240087","98863116392","98839","18154.397"
"kittens.in","baseline-ls","1315","3","314","replacement","4639","4558","1188285","98864304677","98840","18165.779"
"kittens.in","baseline-ls","1316","3","315","replacement","8104","4558","2185812","98866490489","98842","18176.930"
"kittens.in","baseline-ls","1317","3","316","replacement","2426","7756","2655465","98869145954","98845","18188.484"
"kittens.in","baseline-ls","1318","3","317","replacement","6980","4558","1361567","98870507521","98846","18199.686"
"kittens.in","baseline-ls","1319","3","318","replacement","3232","7","1261820","98871769341","98847","18211.261"
"kittens.in","baseline-ls","1320","3","319","replacement","952","4558","996677","98872766018","98848","18223.524"
"kittens.in","baseline-ls","1321","3","320","replacement","7919","2349","1310328","98874076346","98850","18235.194"
"kittens.in","baseline-ls","1322","3","321","replacement","1083","4423","2226561","98876302907","98852","18246.333"
"kittens.in","baseline-ls","1323","3","322","replacement","1560","4558","2065217","98878368124","98854","18257.996"
"kittens.in","baseline-ls","1324","3","323","replacement","1083","9688","3046177","98881414301","98857","18269.385"
"kittens.in","baseline-ls","1325","3","324","replacement","3363","9688","2241699","98883656000","98859","18280.729"
"kittens.in","baseline-ls","1326","3","325","replacement","3050","2349","1751770","98885407770","98861","18292.355"
"kittens.in","baseline-ls","1327","3","326","replacement","640","4558","1058292","98886466062","98862","18304.064"
"kittens.in","baseline-ls","1328","3","327","replacement","1601","2349","1427158","98887893220","98863","18315.404"
"kittens.in","baseline-ls","1329","3","328","replacement","6712","7","1359713","98889252933","98865","18327.004"
"kittens.in","baseline-ls","1330","3","329","replacement","6428","4558","1175453","98890428386","98866","18338.448"
"kittens.in","baseline-ls","1331","3","330","replacement","523","9688","2646627","98893075013","98869","18350.118"
"kittens.in","baseline-ls","1332","3","331","replacement","552","2349","1327632","98894402645","98870","18361.599"
"kittens.in","baseline-ls","1333","3","332","replacement","6095","9688","11037585","98905440230","98881","18372.940"
"kittens.in","baseline-ls","1334","3","333","replacement","2182","76","1493641","98906933871","98883","18384.156"
"kittens.in","baseline-ls","1335","3","334","replacement","7193","4558","1668322","98908602193","98884","18395.593"
"kittens.in","baseline-ls","1336","3","335","replacement","8332","4558","2463779","98911065972","98887","18406.743"
"kittens.in","baseline-ls","1337","3","336","replacement","2707","8922","28720569","98939786541","98915","18418.161"
"kittens.in","baseline-ls","1338","3","337","replacement","2413","4558","976973","98940763514","98916","18429.672"
"kittens.in","baseline-ls","1339","3","338","replacement","761","4558","1958089","98942721603","98918","18441.395"
"kittens.in","baseline-ls","1340","3","339","replacement","9465","2349","1358300","98944079903","98920","18453.226"
"kittens.in","baseline-ls","1341","3","340","replacement","5543","9688","100281257","99044361160","99020","18464.892"
"kittens.in","baseline-ls","1342","3","341","replacement","1216","7","1317332","99045678492","99021","18476.333"
"kittens.in","baseline-ls","1343","3","342","replacement","1934","7","1537563","99047216055","99023","18487.805"
"kittens.in","baseline-ls","1344","3","343","replacement","4801","5097","1343668","99048559723","99024","18499.277"
"kittens.in","baseline-ls","1345","3","344","replacement","2260","5097","1652659","99050212382","99026","18512.067"
"kittens.in","baseline-ls","1346","3","345","replacement","2005","2349","1397114","99051609496","99027","18523.951"
"kittens.in","baseline-ls","1347","3","346","replacement","1091","9688","4076347","99055685843","99031","18535.734"
"kittens.in","baseline-ls","1348","3","347","replacement","8121","2349","1318140","99057003983","99033","18547.101"
"kittens.in","baseline-ls","1349","3","348","replacement","1358","4558","844887","99057848870","99033","18558.645"
"kittens.in","baseline-ls","1350","3","349","replacement","2109","6095","1951446","99059800316","99035","18570.186"
"kittens.in","baseline-ls","1351","3","350","replacement","135","2349","1326027","99061126343","99037","18582.416"
"kittens.in","baseline-ls","1352","3","351","replacement","5885","9688","125218372","99186344715","99162","18593.968"
"kittens.in","baseline-ls","1353","3","352","replacement","8068","4558","1639141","99187983856","99164","18605.533"
"kittens.in","baseline-ls","1354","3","353","replacement","7992","7","1186298","99189170154","99165","18616.847"
"kittens.in","baseline-ls","1355","3","354","replacement","6737","9688","2913685","99192083839","99168","18628.225"
"kittens.in","baseline-ls","1356","3","355","replacement","208","4558","1013562","99193097401","99169","18640.619"
"kittens.in","baseline-ls","1357","3","356","replacement","4151","1710","1168778","99194266179","99170","18652.484"
"kittens.in","baseline-ls","1358","3","357","replacement","1647","3106","1289792","99195555971","99171","18663.840"
"kittens.in","baseline-ls","1359","3","358","replacement","991","4558","1610120","99197166091","99173","18675.137"
"kittens.in","baseline-ls","1360","3","359","replacement","4760","4367","14106855","99211272946","99187","18686.706"
"kittens.in","baseline-ls","1361","3","360","replacement","8528","5097","1389010","99212661956","99188","18698.303"
"kittens.in","baseline-ls","1362","3","361","replacement","7267","4558","1566445","99214228401","99190","18709.512"
"kittens.in","baseline-ls","1363","3","362","replacement","2875","4558","1372395","99215600796","99191","18721.364"
"kittens.in","baseline-ls","1364","3","363","replacement","46","4558","994228","99216595024","99192","18732.378"
"kittens.in","baseline-ls","1365","3","364","replacement","4619","5887","1659965","99218254989","99194","18743.928"
"kittens.in","baseline-ls","1366","3","365","replacement","1083","9688","1887829","99220142818","99196","18755.385"
"kittens.in","baseline-ls","1367","3","366","replacement","2518","4558","2042924","99222185742","99198","18766.807"
"kittens.in","baseline-ls","1368","3","367","replacement","6550","6737","2823503","99225009245","99201","18779.350"
"kittens.in","baseline-ls","1369","3","368","replacement","8528","2349","983367","99225992612","99202","18790.949"
"kittens.in","baseline-ls","1370","3","369","replacement","5063","2349","2383262","99228375874","99204","18802.291"
"kittens.in","baseline-ls","1371","3","370","replacement","8883","4558","1136079","99229511953","99205","18813.978"
"kittens.in","baseline-ls","1372","3","371","replacement","7511","4558","1066395","99230578348","99206","18826.372"
"kittens.in","baseline-ls","1373","3","372","replacement","3507","9688","2324055","99232902403","99208","18837.984"
"kittens.in","baseline-ls","1374","3","373","replacement","2437","7","1031408","99233933811","99209","18849.683"
"kittens.in","baseline-ls","1375","3","374","replacement","7200","9940","2554081","99236487892","99212","18861.578"
"kittens.in","baseline-ls","1376","3","375","replacement","5752","4558","1070236","99237558128","99213","18873.248"
"kittens.in","baseline-ls","1377","3","376","replacement","5921","9688","3452124","99241010252","99217","18885.342"
"kittens.in","baseline-ls","1378","3","377","replacement","1560","9688","1655402","99242665654","99218","18897.432"
"kittens.in","baseline-ls","1379","3","378","replacement","9219","4558","1111782","99243777436","99219","18909.011"
"kittens.in","baseline-ls","1380","3","379","replacement","776","4558","1114705","99244892141","99220","18920.418"
"kittens.in","baseline-ls","1381","3","380","replacement","6889","3106","1186301","99246078442","99222","18931.937"
"kittens.in","baseline-ls","1382","3","381","replacement","3184","4558","1917308","99247995750","99224","18943.582"
"kittens.in","baseline-ls","1383","3","382","replacement","1145","1710","1110483","99249106233","99225","18954.938"
"kittens.in","baseline-ls","1384","3","383","replacement","1571","4558","1145269","99250251502","99226","18966.689"
"kittens.in","baseline-ls","1385","3","384","replacement","9518","9688","2051505","99252303007","99228","18978.282"
"kittens.in","baseline-ls","1386","3","385","replacement","4286","3106","1352295","99253655302","99229","18989.912"
"kittens.in","baseline-ls","1387","3","386","replacement","4923","9688","2197756","99255853058","99231","19001.461"
"kittens.in","baseline-ls","1388","3","387","replacement","4400","7","1255059","99257108117","99233","19012.977"
"kittens.in","baseline-ls","1389","3","388","replacement","527","2349","1441668","99258549785","99234","19024.063"
"kittens.in","baseline-ls","1390","3","389","replacement","7481","4558","1119624","99259669409","99235","19035.642"
"kittens.in","baseline-ls","1391","3","390","replacement","4423","4108","1719088","99261388497","99237","19047.345"
"kittens.in","baseline-ls","1392","3","391","replacement","7790","9933","2241195","99263629692","99239","19058.679"
"kittens.in","baseline-ls","1393","3","392","replacement","1657","5097","1192386","99264822078","99240","19070.092"
"kittens.in","baseline-ls","1394","3","393","replacement","395","2349","1304247","99266126325","99242","19081.589"
"kittens.in","baseline-ls","1395","3","394","replacement","9040","9688","2500701","99268627026","99244","19093.413"
"kittens.in","baseline-ls","1396","3","395","replacement","6029","5097","1074477","99269701503","99245","19104.598"
"kittens.in","baseline-ls","1397","3","396","replacement","952","2349","1289313","99270990816","99246","19116.189"
"kittens.in","baseline-ls","1398","3","397","replacement","2569","4558","2071055","99273061871","99249","19127.543"
"kittens.in","baseline-ls","1399","3","398","replacement","3509","4558","1773738","99274835609","99250","19138.896"
"kittens.in","baseline-ls","1400","3","399","replacement","2052","76","1563006","99276398615","99252","19149.865"
"kittens.in","baseline-ls","1401","3","400","replacement","7710","4558","1218061","99277616676","99253","19161.099"
"kittens.in","baseline-ls","1402","3","401","replacement","7630","9688","2176037","99279792713","99255","19172.439"
"kittens.in","baseline-ls","1403","3","402","replacement","4071","9688","1282805","99281075518","99257","19183.871"
"kittens.in","baseline-ls","1404","3","403","replacement","2136","8140","1288220","99282363738","99258","19195.795"
"kittens.in","baseline-ls","1405","3","404","replacement","3395","2662","1236116","99283599854","99259","19207.544"
"kittens.in","baseline-ls","1406","3","405","replacement","5156","7","893133","99284492987","99260","19219.623"
"kittens.in","baseline-ls","1407","3","406","replacement","4884","4558","1485295","99285978282","99261","19230.965"
"kittens.in","baseline-ls","1408","3","407","replacement","4385","4558","984630","99286962912","99262","19242.337"
"kittens.in","baseline-ls","1409","3","408","replacement","523","9688","1142916","99288105828","99264","19255.371"
"kittens.in","baseline-ls","1410","3","409","replacement","2136","4558","1205817","99289311645","99265","19266.902"
"kittens.in","baseline-ls","1411","3","410","replacement","8227","4558","1415844","99290727489","99266","19278.067"
"kittens.in","baseline-ls","1412","3","411","replacement","2870","4558","1156409","99291883898","99267","19290.005"
"kittens.in","baseline-ls","1413","3","412","replacement","2611","9688","1148131","99293032029","99269","19301.422"
"kittens.in","baseline-ls","1414","3","413","replacement","4561","511","113673500","99406705529","99382","19312.768"
"kittens.in","baseline-ls","1415","3","414","replacement","5072","4558","1030949","99407736478","99383","19329.304"
"kittens.in","baseline-ls","1416","3","415","replacement","3089","4558","1518697","99409255175","99385","19340.646"
"kittens.in","baseline-ls","1417","3","416","replacement","511","4619","7510204","99416765379","99392","19352.513"
"kittens.in","baseline-ls","1418","3","417","replacement","8235","1710","1071682","99417837061","99393","19363.833"
"kittens.in","baseline-ls","1419","3","418","replacement","9933","9688","3986054","99421823115","99397","19375.481"
"kittens.in","baseline-ls","1420","3","419","replacement","5251","7200","4499152","99426322267","99402","19386.912"
"kittens.in","baseline-ls","1421","3","420","replacement","2304","2349","1241087","99427563354","99403","19398.403"
"kittens.in","baseline-ls","1422","3","421","replacement","2569","4558","1463683","99429027037","99404","19409.877"
"kittens.in","baseline-ls","1423","3","422","replacement","3541","2349","1582280","99430609317","99406","19421.756"
"kittens.in","baseline-ls","1424","3","423","replacement","5014","5097","1123364","99431732681","99407","19433.520"
"kittens.in","baseline-ls","1425","3","424","replacement","5029","5097","1250596","99432983277","99408","19445.653"
"kittens.in","baseline-ls","1426","3","425","replacement","6712","7","1079825","99434063102","99410","19457.431"
"kittens.in","baseline-ls","1427","3","426","replacement","2898","1710","1265871","99435328973","99411","19468.656"
"kittens.in","baseline-ls","1428","3","427","replacement","1750","7","1158248","99436487221","99412","19480.342"
"kittens.in","baseline-ls","1429","3","428","replacement","5193","3184","1551261","99438038482","99413","19491.660"
"kittens.in","baseline-ls","1430","3","429","replacement","7751","2662","881951","99438920433","99414","19502.848"
"kittens.in","baseline-ls","1431","3","430","replacement","4286","3106","875451","99439795884","99415","19514.531"
"kittens.in","baseline-ls","1432","3","431","replacement","951","2349","1283883","99441079767","99417","19526.042"
"kittens.in","baseline-ls","1433","3","432","replacement","7987","4222","1810431","99442890198","99418","19537.292"
"kittens.in","baseline-ls","1434","3","433","replacement","7751","2662","1581176","99444471374","99420","19548.611"
"kittens.in","baseline-ls","1435","3","434","replacement","2158","9688","2025097","99446496471","99422","19560.304"
"kittens.in","baseline-ls","1436","3","435","replacement","1252","5921","962599","99447459070","99423","19572.578"
"kittens.in","baseline-ls","1437","3","436","replacement","7795","2349","1474816","99448933886","99424","19584.391"
"kittens.in","baseline-ls","1438","3","437","replacement","3914","1710","1039346","99449973232","99425","19596.455"
"kittens.in","baseline-ls","1439","3","438","replacement","4034","9688","1772366","99451745598","99427","19608.326"
"kittens.in","baseline-ls","1440","3","439","replacement","1790","2349","1205823","99452951421","99428","19619.829"
"kittens.in","baseline-ls","1441","3","440","replacement","6889","2349","1328327","99454279748","99430","19631.234"
"kittens.in","baseline-ls","1442","3","441","replacement","8269","2679","85128089","99539407837","99515","19641.963"
"kittens.in","baseline-ls","1443","3","442","replacement","6611","1710","1045535","99540453372","99516","19653.500"
"kittens.in","baseline-ls","1444","3","443","replacement","4501","5097","1728032","99542181404","99518","19665.002"
"kittens.in","baseline-ls","1445","3","444","replacement","8528","4558","1096976","99543278380","99519","19675.999"
"kittens.in","baseline-ls","1446","3","445","replacement","7053","2349","1084091","99544362471","99520","19687.788"
"kittens.in","baseline-ls","1447","3","446","replacement","2732","1868","84304721","99628667192","99604","19699.084"
"kittens.in","baseline-ls","1448","3","447","replacement","2679","9215","1080757","99629747949","99605","19710.872"
"kittens.in","baseline-ls","1449","3","448","replacement","1868","9688","2790354","99632538303","99608","19722.605"
"kittens.in","baseline-ls","1450","3","449","replacement","1083","4558","1569486","99634107789","99610","19733.763"
"kittens.in","baseline-ls","1451","3","450","replacement","7049","9688","4308414","99638416203","99614","19745.080"
"kittens.in","baseline-ls","1452","3","451","replacement","2058","4558","1494045","99639910248","99615","19756.740"
"kittens.in","baseline-ls","1453","3","452","replacement","867","9688","1757351","99641667599","99617","19767.879"
"kittens.in","baseline-ls","1454","3","453","replacement","7845","5097","1125022","99642792621","99618","19779.075"
"kittens.in","baseline-ls","1455","3","454","replacement","8484","4558","1152360","99643944981","99619","19790.911"
"kittens.in","baseline-ls","1456","3","455","replacement","2983","4558","922156","99644867137","99620","19801.824"
"kittens.in","baseline-ls","1457","3","456","replacement","2679","188","1403973","99646271110","99622","19813.595"
"kittens.in","baseline-ls","1458","3","457","replacement","7367","7929","9500394","99655771504","99631","19825.072"
"kittens.in","baseline-ls","1459","3","458","replacement","1868","1083","1027249","99656798753","99632","19836.216"
"kittens.in","baseline-ls","1460","3","459","replacement","2569","9688","1523184","99658321937","99634","19847.733"
"kittens.in","baseline-ls","1461","3","460","replacement","4639","2349","1263064","99659585001","99635","19859.298"
"kittens.in","baseline-ls","1462","3","461","replacement","5902","2349","1065994","99660650995","99636","19870.705"
"kittens.in","baseline-ls","1463","3","462","replacement","9444","2349","1227316","99661878311","99637","19882.152"
"kittens.in","baseline-ls","1464","3","463","replacement","1252","9688","1520740","99663399051","99639","19893.492"
"kittens.in","baseline-ls","1465","3","464","replacement","2409","9688","2042645","99665441696","99641","19904.700"
"kittens.in","baseline-ls","1466","3","465","replacement","9215","9688","3908443","99669350139","99645","19916.196"
"kittens.in","baseline-ls","1467","3","466","replacement","7630","8248","1346871","99670697010","99646","19927.215"
"kittens.in","baseline-ls","1468","3","467","replacement","6744","4558","1098638","99671795648","99647","19938.609"
"kittens.in","baseline-ls","1469","3","468","replacement","9040","9688","1812854","99673608502","99649","19950.354"
"kittens.in","baseline-ls","1470","3","469","replacement","7204","4558","1341377","99674949879","99650","19961.505"
"kittens.in","baseline-ls","1471","3","470","replacement","2847","5097","963344","99675913223","99651","19972.856"
"kittens.in","baseline-ls","1472","3","471","replacement","3427","7","881106","99676794329","99652","19984.608"
"kittens.in","baseline-ls","1473","3","472","replacement","9107","5097","1161888","99677956217","99653","19998.337"
"kittens.in","baseline-ls","1474","3","473","replacement","3468","4558","1143634","99679099851","99655","20009.133"
"kittens.in","baseline-ls","1475","3","474","replacement","9731","7","1333876","99680433727","99656","20020.823"
"kittens.in","baseline-ls","1476","3","475","replacement","2005","2349","1220362","99681654089","99657","20032.423"
"kittens.in","baseline-ls","1477","3","476","replacement","3158","3106","831633","99682485722","99658","20043.803"
"kittens.in","baseline-ls","1478","3","477","replacement","1328","2349","1258744","99683744466","99659","20055.406"
"kittens.in","baseline-ls","1479","3","478","replacement","9731","1710","1083747","99684828213","99660","20066.720"
"kittens.in","baseline-ls","1480","3","479","replacement","6528","9688","1285108","99686113321","99662","20077.929"
"kittens.in","baseline-ls","1481","3","480","replacement","4399","5097","1086691","99687200012","99663","20089.545"
"kittens.in","baseline-ls","1482","3","481","replacement","1079","4558","977597","99688177609","99664","20100.967"
"kittens.in","baseline-ls","1483","3","482","replacement","399","7","1038315","99689215924","99665","20112.172"
"kittens.in","baseline-ls","1484","3","483","replacement","2518","9688","1386527","99690602451","99666","20123.777"
"kittens.in","baseline-ls","1485","3","484","replacement","3427","1710","1117751","99691720202","99667","20134.927"
"kittens.in","baseline-ls","1486","3","485","replacement","4801","2349","1176557","99692896759","99668","20146.849"
"kittens.in","baseline-ls","1487","3","486","replacement","2209","9688","2544905","99695441664","99671","20158.339"
"kittens.in","baseline-ls","1488","3","487","replacement","4071","4558","1437975","99696879639","99672","20169.172"
"kittens.in","baseline-ls","1489","3","488","replacement","4962","4558","1092268","99697971907","99673","20180.391"
"kittens.in","baseline-ls","1490","3","489","replacement","5122","4558","1280498","99699252405","99675","20191.851"
"kittens.in","baseline-ls","1491","3","490","replacement","200","1710","1146940","99700399345","99676","20202.927"
"kittens.in","baseline-ls","1492","3","491","replacement","4886","9688","3042797","99703442142","99679","20214.500"
"kittens.in","baseline-ls","1493","3","492","replacement","9931","3106","1072989","99704515131","99680","20225.835"
"kittens.in","baseline-ls","1494","3","493","replacement","3944","2349","1156799","99705671930","99681","20237.242"
"kittens.in","baseline-ls","1495","3","494","replacement","6978","2349","1184334","99706856264","99682","20248.653"
"kittens.in","baseline-ls","1496","3","495","replacement","6216","9688","1972082","99708828346","99684","20260.347"
"kittens.in","baseline-ls","1497","3","496","replacement","8343","3106","1228594","99710056940","99685","20271.867"
"kittens.in","baseline-ls","1498","3","497","replacement","1256","1710","1088211","99711145151","99687","20283.837"
"kittens.in","baseline-ls","1499","3","498","replacement","9205","477","41932609","99753077760","99728","20294.983"
"kittens.in","baseline-ls","1500","3","499","replacement","5156","7","1234964","99754312724","99730","20306.336"
"kittens.in","greedy-ls-insertion","0","0","-1","initial","-1","-1","0","1021928473402","1021681","0.000"
"kittens.in","greedy-ls-replacement","0","0","-1","initial","-1","-1","0","1021928473402","1021681","0.000"
"kittens.in","greedy-ls-replacement","1","1","3","replacement","8134","5340","39122","1021928512524","1021681","1506.203"
"kittens.in","greedy-ls-replacement","2","1","6","replacement","9842","2288","3534","1021928516058","1021681","1516.441"
"kittens.in","greedy-ls-replacement","3","1","8","replacement","8005","569","73970","1021928590028","1021681","1522.655"
"kittens.in","greedy-ls-replacement","4","1","11","replacement","7791","4170","907329","1021929497357","1021682","1531.083"
"kittens.in","greedy-ls-replacement","5","1","13","replacement","2986","3012","1708","1021929499065","1021682","1536.518"
"kittens.in","greedy-ls-replacement","6","1","15","replacement","8994","935","10752","1021929509817","1021682","1542.760"
"kittens.in","greedy-ls-replacement","7","1","17","replacement","7413","1774","36200","1021929546017","1021682","1547.217"
"kittens.in","greedy-ls-replacement","8","1","20","replacement","8125","7296","38840","1021929584857","1021682","1556.651"
"kittens.in","greedy-ls-replacement","9","1","21","replacement","7699","4855","34960","1021929619817","1021682","1559.752"
"kittens.in","greedy-ls-replacement","10","1","22","replacement","2121","9842","572","1021929620389","1021682","1562.134"
"kittens.in","greedy-ls-replacement","11","1","25","replacement","8183","9008","1313449","1021930933838","1021683","1570.618"
"kittens.in","greedy-ls-replacement","12","1","26","replacement","7413","3836","73120","1021931006958","1021683","1573.899"
"kittens.in","greedy-ls-replacement","13","1","27","replacement","205","8830","181896","1021931188854","1021684","1577.510"
"kittens.in","greedy-ls-replacement","14","1","28","replacement","1383","7713","554291","1021931743145","1021684","1582.229"
"kittens.in","greedy-ls-replacement","15","1","29","replacement","5064","8293","167664","1021931910809","1021684","1584.331"
"kittens.in","greedy-ls-replacement","16","1","34","replacement","1343","9930","31288","1021931942097","1021684","1590.548"
"kittens.in","greedy-ls-replacement","17","1","36","replacement","7153","2240","10790","1021931952887","1021684","1593.109"
"kittens.in","greedy-ls-replacement","18","1","39","replacement","4326","1534","92644","1021932045531","1021684","1596.786"
"kittens.in","greedy-ls-replacement","19","1","40","replacement","5340","4314","60570","1021932106101","1021685","1598.425"
"kittens.in","greedy-ls-replacement","20","1","41","replacement","4377","4909","237119","1021932343220","1021685","1599.949"
"kittens.in","greedy-ls-replacement","21","1","50","replacement","5880","5748","20422","1021932363642","1021685","1608.882"
"kittens.in","greedy-ls-replacement","22","1","51","replacement","369","647","324059","1021932687701","1021685","1610.634"
"kittens.in","greedy-ls-replacement","23","1","52","replacement","4199","6938","3856","1021932691557","1021685","1612.355"
"kittens.in","greedy-ls-replacement","24","1","54","replacement","2340","4765","111569","1021932803126","1021685","1614.960"
"kittens.in","greedy-ls-replacement","25","1","56","replacement","6938","3012","5708","1021932808834","1021685","1617.904"
"kittens.in","greedy-ls-replacement","26","1","58","replacement","5412","7153","5574","1021932814408","1021685","1620.796"
"kittens.in","greedy-ls-replacement","27","1","64","replacement","1105","3144","207067","1021933021475","1021685","1627.031"
"kittens.in","greedy-ls-replacement","28","1","69","replacement","6547","8134","74626","1021933096101","1021686","1631.991"
"kittens.in","greedy-ls-replacement","29","1","70","replacement","4855","9842","35748","1021933131849","1021686","1633.784"
"kittens.in","greedy-ls-replacement","30","1","72","replacement","199","9270","148391","1021933280240","1021686","1636.799"
"kittens.in","greedy-ls-replacement","31","1","73","replacement","4199","8994","8176","1021933288416","1021686","1638.544"
"kittens.in","greedy-ls-replacement","32","1","75","replacement","1625","8722","328533","1021933616949","1021686","1641.612"
"kittens.in","greedy-ls-replacement","33","1","76","replacement","2685","1763","254354","1021933871303","1021686","1643.420"
"kittens.in","greedy-ls-replacement","34","1","80","replacement","4855","8491","33504","1021933904807","1021686","1648.262"
"kittens.in","greedy-ls-replacement","35","1","82","replacement","3836","5869","6135","1021933910942","1021686","1650.871"
"kittens.in","greedy-ls-replacement","36","1","85","replacement","5307","1625","182294","1021934093236","1021687","1654.878"
"kittens.in","greedy-ls-replacement","37","1","90","replacement","4352","6547","148050","1021934241286","1021687","1660.895"
"kittens.in","greedy-ls-replacement","38","1","97","replacement","6613","5715","29420","1021934270706","1021687","1668.651"
"kittens.in","greedy-ls-replacement","39","1","105","replacement","6613","427","14348","1021934285054","1021687","1677.437"
"kittens.in","greedy-ls-replacement","40","1","109","replacement","8293","7709","58185","1021934343239","1021687","1682.118"
"kittens.in","greedy-ls-replacement","41","1","112","replacement","9968","5715","6873","1021934350112","1021687","1686.069"
"kittens.in","greedy-ls-replacement","42","1","114","replacement","4199","3877","3680","1021934353792","1021687","1688.661"
"kittens.in","greedy-ls-replacement","43","1","116","replacement","4020","4314","115272","1021934469064","1021687","1691.297"
"kittens.in","greedy-ls-replacement","44","1","117","replacement","1534","2013","159751","1021934628815","1021687","1692.755"
"kittens.in","greedy-ls-replacement","45","1","120","replacement","2327","2340","70304","1021934699119","1021687","1696.735"
"kittens.in","greedy-ls-replacement","46","1","121","replacement","5507","1984","31515","1021934730634","1021687","1697.998"
"kittens.in","greedy-ls-replacement","47","1","122","replacement","4180","5917","583742","1021935314376","1021688","1699.354"
"kittens.in","greedy-ls-replacement","48","1","123","replacement","6196","4526","1051476","1021936365852","1021689","1700.812"
"kittens.in","greedy-ls-replacement","49","1","132","replacement","4664","6537","176337","1021936542189","1021689","1709.811"
"kittens.in","greedy-ls-replacement","50","1","133","replacement","3023","7997","25934","1021936568123","1021689","1711.117"
"kittens.in","greedy-ls-replacement","51","1","136","replacement","5748","3982","92448","1021936660571","1021689","1714.545"
"kittens.in","greedy-ls-replacement","52","1","137","replacement","5307","3521","182770","1021936843341","1021689","1715.945"
"kittens.in","greedy-ls-replacement","53","1","138","replacement","7240","4855","14440","1021936857781","1021689","1717.523"
"kittens.in","greedy-ls-replacement","54","1","144","replacement","3894","2555","12516","1021936870297","1021689","1723.181"
"kittens.in","greedy-ls-replacement","55","1","146","replacement","6613","7153","630","1021936870927","1021689","1725.216"
"kittens.in","greedy-ls-replacement","56","1","148","replacement","6827","7438","52868","1021936923795","1021689","1727.652"
"kittens.in","greedy-ls-replacement","57","1","149","replacement","9075","3830","76455","1021937000250","1021689","1729.133"
"kittens.in","greedy-ls-replacement","58","1","150","replacement","3111","8910","190390","1021937190640","1021690","1730.541"
"kittens.in","greedy-ls-replacement","59","1","151","replacement","8406","4035","21880","1021937212520","1021690","1731.878"
"kittens.in","greedy-ls-replacement","60","1","153","replacement","7949","3877","23704","1021937236224","1021690","1734.065"
"kittens.in","greedy-ls-replacement","61","1","154","replacement","8491","2986","1679","1021937237903","1021690","1735.242"
"kittens.in","greedy-ls-replacement","62","1","156","replacement","1534","5507","36924","1021937274827","1021690","1737.664"
"kittens.in","greedy-ls-replacement","63","1","160","replacement","148","3521","193610","1021937468437","1021690","1741.612"
"kittens.in","greedy-ls-replacement","64","1","163","replacement","2121","8387","32950","1021937501387","1021690","1744.948"
"kittens.in","greedy-ls-replacement","65","1","168","replacement","447","8293","107240","1021937608627","1021690","1751.239"
"kittens.in","greedy-ls-replacement","66","1","169","replacement","9075","8431","185068","1021937793695","1021690","1753.132"
"kittens.in","greedy-ls-replacement","67","1","170","replacement","9848","8387","41964","1021937835659","1021690","1754.524"
"kittens.in","greedy-ls-replacement","68","1","171","replacement","7762","5962","3914","1021937839573","1021690","1755.810"
"kittens.in","greedy-ls-replacement","69","1","174","replacement","4176","3316","111938","1021937951511","1021690","1759.159"
"kittens.in","greedy-ls-replacement","70","1","176","replacement","9842","2288","32670","1021937984181","1021690","1761.626"
"kittens.in","greedy-ls-replacement","71","1","177","replacement","3836","2643","64967","1021938049148","1021690","1762.959"
"kittens.in","greedy-ls-replacement","72","1","181","replacement","1668","2288","16132","1021938065280","1021690","1767.297"
"kittens.in","greedy-ls-replacement","73","1","182","replacement","412","1134","134490","1021938199770","1021691","1768.981"
"kittens.in","greedy-ls-replacement","74","1","185","replacement","3160","2818","177267","1021938377037","1021691","1772.077"
"kittens.in","greedy-ls-replacement","75","1","187","replacement","5869","2643","3003","1021938380040","1021691","1779.447"
"kittens.in","greedy-ls-replacement","76","1","189","replacement","3103","412","127274","1021938507314","1021691","1785.088"
"kittens.in","greedy-ls-replacement","77","1","195","replacement","9265","625","573237","1021939080551","1021692","1801.298"
"kittens.in","greedy-ls-replacement","78","1","197","replacement","8794","1353","142744","1021939223295","1021692","1806.120"
"kittens.in","greedy-ls-replacement","79","1","198","replacement","7709","447","11377","1021939234672","1021692","1810.215"
"kittens.in","greedy-ls-replacement","80","1","199","replacement","7795","1375","1670194","1021940904866","1021693","1813.399"
"kittens.in","greedy-ls-replacement","81","1","200","replacement","9013","420","60448","1021940965314","1021693","1816.649"
"kittens.in","greedy-ls-replacement","82","1","201","replacement","952","8140","396126","1021941361440","1021694","1819.929"
"kittens.in","greedy-ls-replacement","83","1","207","replacement","8134","4020","29012","1021941390452","1021694","1836.810"
"kittens.in","greedy-ls-replacement","84","1","208","replacement","6465","1149","178622","1021941569074","1021694","1840.595"
"kittens.in","greedy-ls-replacement","85","1","210","replacement","3012","3877","6630","1021941575704","1021694","1845.468"
"kittens.in","greedy-ls-replacement","86","1","211","replacement","9129","6054","167029","1021941742733","1021694","1849.086"
"kittens.in","greedy-ls-replacement","87","1","216","replacement","8134","4855","43076","1021941785809","1021694","1860.829"
"kittens.in","greedy-ls-replacement","88","1","217","replacement","1117","6049","364534","1021942150343","1021695","1862.596"
"kittens.in","greedy-ls-replacement","89","1","218","replacement","8130","2327","148475","1021942298818","1021695","1864.231"
"kittens.in","greedy-ls-replacement","90","1","219","replacement","8830","2666","262798","1021942561616","1021695","1865.778"
"kittens.in","greedy-ls-replacement","91","1","227","replacement","8994","3894","1449","1021942563065","1021695","1873.887"
"kittens.in","greedy-ls-replacement","92","1","236","replacement","5748","8406","29408","1021942592473","1021695","1882.850"
"kittens.in","greedy-ls-replacement","93","1","238","replacement","2643","2121","10836","1021942603309","1021695","1885.500"
"kittens.in","greedy-ls-replacement","94","1","240","replacement","3982","4199","4628","1021942607937","1021695","1887.926"
"kittens.in","greedy-ls-replacement","95","1","242","replacement","8491","3877","8892","1021942616829","1021695","1890.662"
"kittens.in","greedy-ls-replacement","96","1","248","replacement","1601","6067","1029387","1021943646216","1021696","1896.674"
"kittens.in","greedy-ls-replacement","97","1","249","replacement","4962","5003","1846760","1021945492976","1021698","1898.024"
"kittens.in","greedy-ls-replacement","98","1","251","replacement","8105","7545","455605","1021945948581","1021698","1900.221"
"kittens.in","greedy-ls-replacement","99","1","253","replacement","5848","1984","89486","1021946038067","1021698","1902.674"
"kittens.in","greedy-ls-replacement","100","1","257","replacement","3894","2240","16258","1021946054325","1021698","1907.421"
"kittens.in","greedy-ls-replacement","101","1","259","replacement","4340","3103","76780","1021946131105","1021699","1909.555"
"kittens.in","greedy-ls-replacement","102","1","261","replacement","6044","1429","328986","1021946460091","1021699","1911.951"
"kittens.in","greedy-ls-replacement","103","1","262","replacement","4326","2340","183094","1021946643185","1021699","1913.404"
"kittens.in","greedy-ls-replacement","104","1","263","replacement","935","2962","296","1021946643481","1021699","1914.947"
"kittens.in","greedy-ls-replacement","105","1","267","replacement","5507","7883","62876","1021946706357","1021699","1919.663"
"kittens.in","greedy-ls-replacement","106","1","269","replacement","4985","4909","225274","1021946931631","1021699","1922.569"
"kittens.in","greedy-ls-replacement","107","1","276","replacement","6054","7413","74814","1021947006445","1021699","1929.581"
"kittens.in","greedy-ls-replacement","108","1","279","replacement","5412","7652","32662","1021947039107","1021699","1932.746"
"kittens.in","greedy-ls-replacement","109","1","280","replacement","183","3023","77390","1021947116497","1021700","1934.007"
"kittens.in","greedy-ls-replacement","110","1","282","replacement","8722","8212","86211","1021947202708","1021700","1936.396"
"kittens.in","greedy-ls-replacement","111","1","285","replacement","2986","7762","1162","1021947203870","1021700","1939.491"
"kittens.in","greedy-ls-replacement","112","1","287","replacement","5762","7438","28187","1021947232057","1021700","1941.799"
"kittens.in","greedy-ls-replacement","113","1","290","replacement","1476","8920","976771","1021948208828","1021701","1944.841"
"kittens.in","greedy-ls-replacement","114","1","297","replacement","9533","7652","1674","1021948210502","1021701","1951.170"
"kittens.in","greedy-ls-replacement","115","1","298","replacement","745","9007","6173","1021948216675","1021701","1952.718"
"kittens.in","greedy-ls-replacement","116","1","299","replacement","1496","838","859423","1021949076098","1021701","1954.328"
"kittens.in","greedy-ls-replacement","117","1","303","replacement","5412","7762","4480","1021949080578","1021702","1958.357"
"kittens.in","greedy-ls-replacement","118","1","304","replacement","3982","79","5620","1021949086198","1021702","1959.842"
"kittens.in","greedy-ls-replacement","119","1","305","replacement","1299","5880","27038","1021949113236","1021702","1961.131"
"kittens.in","greedy-ls-replacement","120","1","306","replacement","7949","2986","19193","1021949132429","1021702","1962.413"
"kittens.in","greedy-ls-replacement","121","1","308","replacement","9453","1125","92850","1021949225279","1021702","1965.074"
"kittens.in","greedy-ls-replacement","122","1","310","replacement","5340","4855","60912","1021949286191","1021702","1967.506"
"kittens.in","greedy-ls-replacement","123","1","311","replacement","7997","8711","7861","1021949294052","1021702","1968.905"
"kittens.in","greedy-ls-replacement","124","1","312","replacement","2327","6547","97400","1021949391452","1021702","1970.261"
"kittens.in","greedy-ls-replacement","125","1","313","replacement","5446","8462","410839","1021949802291","1021702","1971.755"
"kittens.in","greedy-ls-replacement","126","1","314","replacement","259","6030","48484","1021949850775","1021702","1973.223"
"kittens.in","greedy-ls-replacement","127","1","316","replacement","1299","7438","110747","1021949961522","1021702","1975.252"
"kittens.in","greedy-ls-replacement","128","1","320","replacement","8830","7713","110162","1021950071684","1021702","1979.388"
"kittens.in","greedy-ls-replacement","129","1","325","replacement","2288","1668","350","1021950072034","1021702","1984.489"
"kittens.in","greedy-ls-replacement","130","1","326","replacement","3982","5412","4921","1021950076955","1021702","1985.667"
"kittens.in","greedy-ls-replacement","131","1","327","replacement","199","1125","341190","1021950418145","1021703","1987.191"
"kittens.in","greedy-ls-replacement","132","1","329","replacement","7285","843","457530","1021950875675","1021703","1989.762"
"kittens.in","greedy-ls-replacement","133","1","330","replacement","7949","2288","5809","1021950881484","1021703","1991.025"
"kittens.in","greedy-ls-replacement","134","1","331","replacement","8644","2155","90520","1021950972004","1021703","1992.389"
"kittens.in","greedy-ls-replacement","135","1","332","replacement","6369","6550","297281","1021951269285","1021704","1993.834"
"kittens.in","greedy-ls-replacement","136","1","334","replacement","6134","3885","128247","1021951397532","1021704","1996.278"
"kittens.in","greedy-ls-replacement","137","1","335","replacement","9842","3982","2562","1021951400094","1021704","1997.545"
"kittens.in","greedy-ls-replacement","138","1","337","replacement","5762","7699","8506","1021951408600","1021704","1999.900"
"kittens.in","greedy-ls-replacement","139","1","340","replacement","7883","7762","33525","1021951442125","1021704","2003.293"
"kittens.in","greedy-ls-replacement","140","1","342","replacement","9842","3936","2817","1021951444942","1021704","2005.526"
"kittens.in","greedy-ls-replacement","141","1","343","replacement","9007","7949","36238","1021951481180","1021704","2006.634"
"kittens.in","greedy-ls-replacement","142","1","348","replacement","6547","5880","63693","1021951544873","1021704","2011.489"
"kittens.in","greedy-ls-replacement","143","1","350","replacement","5762","321","10304","1021951555177","1021704","2013.659"
"kittens.in","greedy-ls-replacement","144","1","352","replacement","7517","6534","122664","1021951677841","1021704","2016.701"
"kittens.in","greedy-ls-replacement","145","1","354","replacement","8406","7438","54393","1021951732234","1021704","2019.369"
"kittens.in","greedy-ls-replacement","146","1","357","replacement","7413","1299","41388","1021951773622","1021704","2022.435"
"kittens.in","greedy-ls-replacement","147","1","358","replacement","3144","8293","115105","1021951888727","1021704","2023.623"
"kittens.in","greedy-ls-replacement","148","1","359","replacement","3830","7732","102744","1021951991471","1021704","2025.016"
"kittens.in","greedy-ls-replacement","149","1","360","replacement","3103","8812","50641","1021952042112","1021704","2026.166"
"kittens.in","greedy-ls-replacement","150","1","370","replacement","6692","6101","2237","1021952044349","1021704","2035.443"
"kittens.in","greedy-ls-replacement","151","1","372","replacement","3468","9688","396082","1021952440431","1021705","2037.926"
"kittens.in","greedy-ls-replacement","152","1","373","replacement","7240","9129","65021","1021952505452","1021705","2039.228"
"kittens.in","greedy-ls-replacement","153","1","376","replacement","7296","7413","71176","1021952576628","1021705","2042.383"
"kittens.in","greedy-ls-replacement","154","1","381","replacement","8134","8406","38699","1021952615327","1021705","2047.268"
"kittens.in","greedy-ls-replacement","155","1","385","replacement","7517","4340","71026","1021952686353","1021705","2051.870"
"kittens.in","greedy-ls-replacement","156","1","390","replacement","935","8994","38480","1021952724833","1021705","2057.803"
"kittens.in","greedy-ls-replacement","157","1","393","replacement","4377","7736","91389","1021952816222","1021705","2061.027"
"kittens.in","greedy-ls-replacement","158","1","396","replacement","9842","9968","4485","1021952820707","1021705","2064.428"
"kittens.in","greedy-ls-replacement","159","1","397","replacement","3023","8644","152793","1021952973500","1021705","2065.735"
"kittens.in","greedy-ls-replacement","160","1","399","replacement","5880","745","39575","1021953013075","1021705","2067.951"
"kittens.in","greedy-ls-replacement","161","1","400","replacement","4728","1557","529931","1021953543006","1021706","2069.263"
"kittens.in","greedy-ls-replacement","162","1","401","replacement","2986","5412","47736","1021953590742","1021706","2070.683"
"kittens.in","greedy-ls-replacement","163","1","402","replacement","2340","6547","24058","1021953614800","1021706","2072.036"
"kittens.in","greedy-ls-replacement","164","1","403","replacement","8644","7413","377450","1021953992250","1021706","2073.500"
"kittens.in","greedy-ls-replacement","165","1","404","replacement","5762","2555","72040","1021954064290","1021706","2074.672"
"kittens.in","greedy-ls-replacement","166","1","407","replacement","979","3074","4134","1021954068424","1021706","2078.123"
"kittens.in","greedy-ls-replacement","167","1","408","replacement","7413","1774","207502","1021954275926","1021707","2079.465"
"kittens.in","greedy-ls-replacement","168","1","409","replacement","4377","1117","46778","1021954322704","1021707","2080.863"
"kittens.in","greedy-ls-replacement","169","1","413","replacement","9129","1979","164614","1021954487318","1021707","2085.410"
"kittens.in","greedy-ls-replacement","170","1","415","replacement","5099","6141","68993","1021954556311","1021707","2088.164"
"kittens.in","greedy-ls-replacement","171","1","419","replacement","5437","6021","166581","1021954722892","1021707","2092.453"
"kittens.in","greedy-ls-replacement","172","1","422","replacement","9244","6613","21461","1021954744353","1021707","2096.008"
"kittens.in","greedy-ls-replacement","173","1","423","replacement","3074","979","789","1021954745142","1021707","2097.531"
"kittens.in","greedy-ls-replacement","174","1","427","replacement","9299","2666","126867","1021954872009","1021707","2101.893"
"kittens.in","greedy-ls-replacement","175","1","428","replacement","9244","7652","2259","1021954874268","1021707","2103.182"
"kittens.in","greedy-ls-replacement","176","1","429","replacement","6101","6547","118140","1021954992408","1021707","2104.796"
"kittens.in","greedy-ls-replacement","177","1","437","replacement","2327","6101","38556","1021955030964","1021707","2112.598"
"kittens.in","greedy-ls-replacement","178","1","438","replacement","9968","3894","24498","1021955055462","1021707","2113.895"
"kittens.in","greedy-ls-replacement","179","1","440","replacement","569","2327","161842","1021955217304","1021708","2116.200"
"kittens.in","greedy-ls-replacement","180","1","441","replacement","7883","9842","15873","1021955233177","1021708","2117.353"
"kittens.in","greedy-ls-replacement","181","1","443","replacement","3012","4199","19932","1021955253109","1021708","2119.988"
"kittens.in","greedy-ls-replacement","182","1","444","replacement","1042","4824","211813","1021955464922","1021708","2121.532"
"kittens.in","greedy-ls-replacement","183","1","447","replacement","6547","5748","815","1021955465737","1021708","2124.900"
"kittens.in","greedy-ls-replacement","184","1","452","replacement","4035","745","81856","1021955547593","1021708","2130.341"
"kittens.in","greedy-ls-replacement","185","1","454","replacement","8644","8134","84870","1021955632463","1021708","2132.681"
"kittens.in","greedy-ls-replacement","186","1","456","replacement","8293","4664","206461","1021955838924","1021708","2134.853"
"kittens.in","greedy-ls-replacement","187","1","458","replacement","7709","5437","142138","1021955981062","1021708","2136.999"
"kittens.in","greedy-ls-replacement","188","1","459","replacement","7240","6327","100728","1021956081790","1021709","2138.343"
"kittens.in","greedy-ls-replacement","189","1","460","replacement","5445","6467","761269","1021956843059","1021709","2139.634"
"kittens.in","greedy-ls-replacement","190","1","462","replacement","745","6327","66249","1021956909308","1021709","2141.943"
"kittens.in","greedy-ls-replacement","191","1","468","replacement","569","8644","84109","1021956993417","1021709","2148.971"
"kittens.in","greedy-ls-replacement","192","1","470","replacement","3012","1668","20800","1021957014217","1021709","2151.069"
"kittens.in","greedy-ls-replacement","193","1","472","replacement","7762","8994","14364","1021957028581","1021709","2153.267"
"kittens.in","greedy-ls-replacement","194","1","473","replacement","5412","5962","13892","1021957042473","1021709","2154.939"
"kittens.in","greedy-ls-replacement","195","1","476","replacement","6584","8130","18106","1021957060579","1021709","2158.303"
"kittens.in","greedy-ls-replacement","196","1","478","replacement","5715","2240","10832","1021957071411","1021709","2160.986"
"kittens.in","greedy-ls-replacement","197","1","479","replacement","8130","6134","222092","1021957293503","1021710","2162.259"
"kittens.in","greedy-ls-replacement","198","1","480","replacement","5446","8794","438949","1021957732452","1021710","2163.595"
"kittens.in","greedy-ls-replacement","199","1","481","replacement","5340","4314","68420","1021957800872","1021710","2165.110"
"kittens.in","greedy-ls-replacement","200","1","483","replacement","3981","7806","1347890","1021959148762","1021712","2167.475"
"kittens.in","greedy-ls-replacement","201","1","485","replacement","7266","2790","425576","1021959574338","1021712","2169.713"
"kittens.in","greedy-ls-replacement","202","1","486","replacement","7880","9199","201163","1021959775501","1021712","2171.207"
"kittens.in","greedy-ls-replacement","203","1","487","replacement","3830","1774","46925","1021959822426","1021712","2172.420"
"kittens.in","greedy-ls-replacement","204","1","491","replacement","8663","7852","280058","1021960102484","1021713","2176.624"
"kittens.in","greedy-ls-replacement","205","1","492","replacement","8387","5507","21060","1021960123544","1021713","2177.760"
"kittens.in","greedy-ls-replacement","206","1","493","replacement","5097","2136","2829334","1021962952878","1021715","2179.130"
"kittens.in","greedy-ls-replacement","207","1","494","replacement","8140","4639","1017485","1021963970363","1021716","2180.571"
"kittens.in","greedy-ls-replacement","208","1","495","replacement","6827","5880","87096","1021964057459","1021716","2182.231"
"kittens.in","greedy-ls-replacement","209","1","496","replacement","5340","8387","62865","1021964120324","1021717","2183.863"
"kittens.in","greedy-ls-replacement","210","1","498","replacement","6014","6170","322635","1021964442959","1021717","2186.346"
"kittens.in","greedy-ls-replacement","211","2","0","replacement","9903","148","205598","1021964648557","1021717","2188.833"
"kittens.in","greedy-ls-replacement","212","2","8","replacement","2986","8125","4274","1021964652831","1021717","2236.101"
"kittens.in","greedy-ls-replacement","213","2","9","replacement","9848","6692","47954","1021964700785","1021717","2237.652"
"kittens.in","greedy-ls-replacement","214","2","11","replacement","6827","5064","55562","1021964756347","1021717","2239.845"
"kittens.in","greedy-ls-replacement","215","2","20","replacement","5507","8125","72962","1021964829309","1021717","2248.207"
"kittens.in","greedy-ls-replacement","216","2","21","replacement","6067","6306","323136","1021965152445","1021718","2249.452"
"kittens.in","greedy-ls-replacement","217","2","23","replacement","5715","7153","16510","1021965168955","1021718","2251.533"
"kittens.in","greedy-ls-replacement","218","2","26","replacement","7732","5064","80620","1021965249575","1021718","2255.295"
"kittens.in","greedy-ls-replacement","219","2","27","replacement","7438","5412","2664","1021965252239","1021718","2256.676"
"kittens.in","greedy-ls-replacement","220","2","34","replacement","8812","4176","59584","1021965311823","1021718","2264.624"
"kittens.in","greedy-ls-replacement","221","2","40","replacement","3877","979","675","1021965312498","1021718","2271.234"
"kittens.in","greedy-ls-replacement","222","2","41","replacement","4176","8812","108247","1021965420745","1021718","2272.533"
"kittens.in","greedy-ls-replacement","223","2","50","replacement","5437","7732","35658","1021965456403","1021718","2281.298"
"kittens.in","greedy-ls-replacement","224","2","51","replacement","2643","5762","7529","1021965463932","1021718","2282.702"
"kittens.in","greedy-ls-replacement","225","2","54","replacement","7732","2340","8519","1021965472451","1021718","2286.569"
"kittens.in","greedy-ls-replacement","226","2","67","replacement","3836","9848","7527","1021965479978","1021718","2299.107"
"kittens.in","greedy-ls-replacement","227","2","69","replacement","2114","8663","12898","1021965492876","1021718","2301.377"
"kittens.in","greedy-ls-replacement","228","2","75","replacement","3543","4035","62677","1021965555553","1021718","2308.012"
"kittens.in","greedy-ls-replacement","229","2","76","replacement","3074","7762","15665","1021965571218","1021718","2309.407"
"kittens.in","greedy-ls-replacement","230","2","90","replacement","4311","4377","378","1021965571596","1021718","2323.519"
"kittens.in","greedy-ls-replacement","231","2","91","replacement","5064","7240","31795","1021965603391","1021718","2324.879"
"kittens.in","greedy-ls-replacement","232","2","93","replacement","1353","5862","142749","1021965746140","1021718","2327.400"
"kittens.in","greedy-ls-replacement","233","2","110","replacement","6827","5340","34454","1021965780594","1021718","2343.742"
"kittens.in","greedy-ls-replacement","234","2","116","replacement","3163","7517","238738","1021966019332","1021718","2349.625"
"kittens.in","greedy-ls-replacement","235","2","117","replacement","7709","7120","143500","1021966162832","1021719","2351.180"
"kittens.in","greedy-ls-replacement","236","2","120","replacement","2643","4326","34220","1021966197052","1021719","2354.341"
"kittens.in","greedy-ls-replacement","237","2","123","replacement","753","300","811170","1021967008222","1021719","2357.770"
"kittens.in","greedy-ls-replacement","238","2","127","replacement","7153","7949","5596","1021967013818","1021719","2361.784"
"kittens.in","greedy-ls-replacement","239","2","132","replacement","5869","259","87504","1021967101322","1021720","2366.864"
"kittens.in","greedy-ls-replacement","240","2","138","replacement","9244","3074","11540","1021967112862","1021720","2372.945"
"kittens.in","greedy-ls-replacement","241","2","152","replacement","4377","6778","107171","1021967220033","1021720","2386.183"
"kittens.in","greedy-ls-replacement","242","2","162","replacement","1524","7285","24792","1021967244825","1021720","2395.744"
"kittens.in","greedy-ls-replacement","243","2","163","replacement","935","7949","8602","1021967253427","1021720","2397.409"
"kittens.in","greedy-ls-replacement","244","2","164","replacement","5848","447","122851","1021967376278","1021720","2398.985"
"kittens.in","greedy-ls-replacement","245","2","168","replacement","9842","2986","10402","1021967386680","1021720","2403.059"
"kittens.in","greedy-ls-replacement","246","2","169","replacement","1984","5762","19115","1021967405795","1021720","2404.541"
"kittens.in","greedy-ls-replacement","247","2","171","replacement","7949","7762","6823","1021967412618","1021720","2406.845"
"kittens.in","greedy-ls-replacement","248","2","174","replacement","9545","3012","14652","1021967427270","1021720","2409.836"
"kittens.in","greedy-ls-replacement","249","2","194","replacement","5962","9968","3861","1021967431131","1021720","2429.692"
"kittens.in","greedy-ls-replacement","250","2","195","replacement","4341","9615","208060","1021967639191","1021720","2431.546"
"kittens.in","greedy-ls-replacement","251","2","196","replacement","7240","745","6857","1021967646048","1021720","2432.850"
"kittens.in","greedy-ls-replacement","252","2","197","replacement","3894","3936","9202","1021967655250","1021720","2434.054"
"kittens.in","greedy-ls-replacement","253","2","198","replacement","6067","1601","1002865","1021968658115","1021721","2435.467"
"kittens.in","greedy-ls-replacement","254","2","202","replacement","447","6584","142149","1021968800264","1021721","2439.834"
"kittens.in","greedy-ls-replacement","255","2","207","replacement","7120","4035","8668","1021968808932","1021721","2445.296"
"kittens.in","greedy-ls-replacement","256","2","208","replacement","4855","5880","79047","1021968887979","1021721","2446.904"
"kittens.in","greedy-ls-replacement","257","2","210","replacement","745","5340","62576","1021968950555","1021721","2449.277"
"kittens.in","greedy-ls-replacement","258","2","211","replacement","8910","8284","37343","1021968987898","1021721","2450.770"
"kittens.in","greedy-ls-replacement","259","2","213","replacement","6537","5848","22910","1021969010808","1021721","2453.243"
"kittens.in","greedy-ls-replacement","260","2","219","replacement","6827","9075","128793","1021969139601","1021722","2459.993"
"kittens.in","greedy-ls-replacement","261","2","224","replacement","3584","5445","312627","1021969452228","1021722","2465.172"
"kittens.in","greedy-ls-replacement","262","2","227","replacement","7652","8994","7869","1021969460097","1021722","2468.529"
"kittens.in","greedy-ls-replacement","263","2","230","replacement","9007","2962","8511","1021969468608","1021722","2471.841"
"kittens.in","greedy-ls-replacement","264","2","238","replacement","5748","2643","27559","1021969496167","1021722","2480.876"
"kittens.in","greedy-ls-replacement","265","2","248","replacement","9533","7949","15624","1021969511791","1021722","2490.690"
"kittens.in","greedy-ls-replacement","266","2","249","replacement","450","8212","637867","1021970149658","1021723","2492.085"
"kittens.in","greedy-ls-replacement","267","2","255","replacement","6778","3885","131819","1021970281477","1021723","2498.445"
"kittens.in","greedy-ls-replacement","268","2","259","replacement","2121","5507","51019","1021970332496","1021723","2502.448"
"kittens.in","greedy-ls-replacement","269","2","265","replacement","8470","8830","174227","1021970506723","1021723","2508.529"
"kittens.in","greedy-ls-replacement","270","2","267","replacement","5748","5762","21472","1021970528195","1021723","2511.065"
"kittens.in","greedy-ls-replacement","271","2","269","replacement","8711","7517","206793","1021970734988","1021723","2513.379"
"kittens.in","greedy-ls-replacement","272","2","270","replacement","9007","9244","230","1021970735218","1021723","2514.757"
"kittens.in","greedy-ls-replacement","273","2","282","replacement","8130","2121","158883","1021970894101","1021723","2526.324"
"kittens.in","greedy-ls-replacement","274","2","287","replacement","1117","4377","10922","1021970905023","1021723","2531.335"
"kittens.in","greedy-ls-replacement","275","2","291","replacement","4352","3836","117393","1021971022416","1021723","2535.204"
"kittens.in","greedy-ls-replacement","276","2","303","replacement","8125","5412","15388","1021971037804","1021723","2546.090"
"kittens.in","greedy-ls-replacement","277","2","308","replacement","8284","2615","31246","1021971069050","1021723","2551.907"
"kittens.in","greedy-ls-replacement","278","2","310","replacement","979","8125","795","1021971069845","1021723","2554.143"
"kittens.in","greedy-ls-replacement","279","2","312","replacement","374","6014","622013","1021971691858","1021724","2556.711"
"kittens.in","greedy-ls-replacement","280","2","313","replacement","6141","5446","510309","1021972202167","1021725","2558.361"
"kittens.in","greedy-ls-replacement","281","2","319","replacement","2986","3074","7924","1021972210091","1021725","2564.366"
"kittens.in","greedy-ls-replacement","282","2","326","replacement","8495","5446","164397","1021972374488","1021725","2571.049"
"kittens.in","greedy-ls-replacement","283","2","329","replacement","6258","9968","131983","1021972506471","1021725","2574.536"
"kittens.in","greedy-ls-replacement","284","2","331","replacement","6327","1774","25749","1021972532220","1021725","2576.774"
"kittens.in","greedy-ls-replacement","285","2","332","replacement","420","5219","24694","1021972556914","1021725","2578.135"
"kittens.in","greedy-ls-replacement","286","2","337","replacement","5848","5437","133802","1021972690716","1021725","2583.020"
"kittens.in","greedy-ls-replacement","287","2","343","replacement","4765","3032","5948","1021972696664","1021725","2589.176"
"kittens.in","greedy-ls-replacement","288","2","348","replacement","6938","7652","1427","1021972698091","1021725","2594.143"
"kittens.in","greedy-ls-replacement","289","2","359","replacement","5762","7762","31847","1021972729938","1021725","2604.957"
"kittens.in","greedy-ls-replacement","290","2","360","replacement","9842","9244","15372","1021972745310","1021725","2606.341"
"kittens.in","greedy-ls-replacement","291","2","364","replacement","412","8130","130351","1021972875661","1021725","2610.100"
"kittens.in","greedy-ls-replacement","292","2","372","replacement","6296","3111","303474","1021973179135","1021726","2617.491"
"kittens.in","greedy-ls-replacement","293","2","376","replacement","3936","935","1749","1021973180884","1021726","2622.143"
"kittens.in","greedy-ls-replacement","294","2","381","replacement","5715","79","11325","1021973192209","1021726","2627.344"
"kittens.in","greedy-ls-replacement","295","2","384","replacement","3012","79","3051","1021973195260","1021726","2630.397"
"kittens.in","greedy-ls-replacement","296","2","399","replacement","1979","4035","30552","1021973225812","1021726","2644.841"
"kittens.in","greedy-ls-replacement","297","2","400","replacement","3111","4527","368538","1021973594350","1021726","2646.243"
"kittens.in","greedy-ls-replacement","298","2","409","replacement","9842","3894","5967","1021973600317","1021726","2655.460"
"kittens.in","greedy-ls-replacement","299","2","413","replacement","2349","5097","368038","1021973968355","1021726","2660.017"
"kittens.in","greedy-ls-replacement","300","2","415","replacement","8663","5099","80893","1021974049248","1021726","2662.493"
"kittens.in","greedy-ls-replacement","301","2","421","replacement","5848","2327","26243","1021974075491","1021726","2668.387"
"kittens.in","greedy-ls-replacement","302","2","456","replacement","7709","7120","21076","1021974096567","1021727","2702.777"
"kittens.in","greedy-ls-replacement","303","2","459","replacement","8491","9545","18447","1021974115014","1021727","2705.860"
"kittens.in","greedy-ls-replacement","304","2","462","replacement","9848","745","19539","1021974134553","1021727","2708.976"
"kittens.in","greedy-ls-replacement","305","2","476","replacement","7296","7949","79772","1021974214325","1021727","2723.760"
"kittens.in","greedy-ls-replacement","306","2","477","replacement","4377","925","75489","1021974289814","1021727","2725.230"
"kittens.in","greedy-ls-replacement","307","2","479","replacement","238","7880","71274","1021974361088","1021727","2727.296"
"kittens.in","greedy-ls-replacement","308","2","480","replacement","9224","5677","151728","1021974512816","1021727","2728.637"
"kittens.in","greedy-ls-replacement","309","2","483","replacement","9013","238","186712","1021974699528","1021727","2732.360"
"kittens.in","greedy-ls-replacement","310","2","485","replacement","745","7949","140802","1021974840330","1021727","2734.700"
"kittens.in","greedy-ls-replacement","311","2","486","replacement","8431","8644","71576","1021974911906","1021727","2736.106"
"kittens.in","greedy-ls-replacement","312","2","488","replacement","1524","450","189901","1021975101807","1021728","2738.623"
"kittens.in","greedy-ls-replacement","313","2","489","replacement","4180","753","960550","1021976062357","1021728","2739.666"
"kittens.in","greedy-ls-replacement","314","2","492","replacement","3936","9842","11067","1021976073424","1021728","2742.374"
"kittens.in","greedy-ls-replacement","315","2","498","replacement","6030","9848","58825","1021976132249","1021729","2749.139"
"kittens.in","greedy-ls-replacement","316","3","8","replacement","6054","8005","13018","1021976145267","1021729","2759.591"
"kittens.in","greedy-ls-replacement","317","3","11","replacement","9848","6827","60165","1021976205432","1021729","2762.549"
"kittens.in","greedy-ls-replacement","318","3","21","replacement","6306","6067","558005","1021976763437","1021729","2771.806"
"kittens.in","greedy-ls-replacement","319","3","22","replacement","9968","2121","4226","1021976767663","1021729","2772.845"
"kittens.in","greedy-ls-replacement","320","3","27","replacement","5762","7438","32238","1021976799901","1021729","2777.704"
"kittens.in","greedy-ls-replacement","321","3","39","replacement","6547","6827","31980","1021976831881","1021729","2790.047"
"kittens.in","greedy-ls-replacement","322","3","40","replacement","8005","5340","24772","1021976856653","1021729","2791.354"
"kittens.in","greedy-ls-replacement","323","3","49","replacement","1383","8284","27201","1021976883854","1021729","2802.130"
"kittens.in","greedy-ls-replacement","324","3","63","replacement","7949","9842","2972","1021976886826","1021729","2815.996"
"kittens.in","greedy-ls-replacement","325","3","68","replacement","4326","7709","94614","1021976981440","1021729","2820.373"
"kittens.in","greedy-ls-replacement","326","3","77","replacement","3758","5848","39993","1021977021433","1021729","2830.417"
"kittens.in","greedy-ls-replacement","327","3","79","replacement","7179","374","423406","1021977444839","1021730","2832.681"
"kittens.in","greedy-ls-replacement","328","3","89","replacement","3982","3936","6233","1021977451072","1021730","2842.434"
"kittens.in","greedy-ls-replacement","329","3","93","replacement","979","5412","1587","1021977452659","1021730","2846.819"
"kittens.in","greedy-ls-replacement","330","3","120","replacement","6534","9075","176361","1021977629020","1021730","2872.055"
"kittens.in","greedy-ls-replacement","331","3","122","replacement","9461","4180","304059","1021977933079","1021730","2874.190"
"kittens.in","greedy-ls-replacement","332","3","123","replacement","4385","6196","361767","1021978294846","1021731","2875.604"
"kittens.in","greedy-ls-replacement","333","3","133","replacement","5219","3023","33146","1021978327992","1021731","2885.331"
"kittens.in","greedy-ls-replacement","334","3","143","replacement","238","2013","99292","1021978427284","1021731","2894.681"
"kittens.in","greedy-ls-replacement","335","3","171","replacement","7762","7652","3914","1021978431198","1021731","2924.100"
"kittens.in","greedy-ls-replacement","336","3","174","replacement","4909","4176","5340","1021978436538","1021731","2927.485"
"kittens.in","greedy-ls-replacement","337","3","185","replacement","7267","2349","510021","1021978946559","1021731","2938.380"
"kittens.in","greedy-ls-replacement","338","3","195","replacement","450","4341","238643","1021979185202","1021732","2948.515"
"kittens.in","greedy-ls-replacement","339","3","199","replacement","2349","7795","649573","1021979834775","1021732","2952.681"
"kittens.in","greedy-ls-replacement","340","3","200","replacement","1125","9013","146658","1021979981433","1021732","2954.497"
"kittens.in","greedy-ls-replacement","341","3","203","replacement","5748","7296","10674","1021979992107","1021732","2957.851"
"kittens.in","greedy-ls-replacement","342","3","207","replacement","3012","5412","4825","1021979996932","1021732","2962.620"
"kittens.in","greedy-ls-replacement","343","3","217","replacement","2121","8491","4877","1021980001809","1021732","2972.269"
"kittens.in","greedy-ls-replacement","344","3","219","replacement","8212","8830","24330","1021980026139","1021732","2974.954"
"kittens.in","greedy-ls-replacement","345","3","232","replacement","9545","2121","15953","1021980042092","1021732","2988.083"
"kittens.in","greedy-ls-replacement","346","3","234","replacement","4340","238","247642","1021980289734","1021733","2990.623"
"kittens.in","greedy-ls-replacement","347","3","236","replacement","5340","5748","56068","1021980345802","1021733","2992.702"
"kittens.in","greedy-ls-replacement","348","3","241","replacement","1149","7179","15500","1021980361302","1021733","2998.140"
"kittens.in","greedy-ls-replacement","349","3","246","replacement","925","4909","83023","1021980444325","1021733","3003.179"
"kittens.in","greedy-ls-replacement","350","3","249","replacement","4531","9139","363040","1021980807365","1021733","3006.543"
"kittens.in","greedy-ls-replacement","351","3","259","replacement","4176","4340","88121","1021980895486","1021733","3016.630"
"kittens.in","greedy-ls-replacement","352","3","267","replacement","7153","2288","10790","1021980906276","1021733","3025.236"
"kittens.in","greedy-ls-replacement","353","3","270","replacement","7883","3074","10808","1021980917084","1021733","3028.682"
"kittens.in","greedy-ls-replacement","354","3","278","replacement","2340","3758","30402","1021980947486","1021733","3036.511"
"kittens.in","greedy-ls-replacement","355","3","283","replacement","7438","8491","2594","1021980950080","1021733","3041.530"
"kittens.in","greedy-ls-replacement","356","3","285","replacement","7762","2986","2254","1021980952334","1021733","3043.738"
"kittens.in","greedy-ls-replacement","357","3","286","replacement","2013","3371","55182","1021981007516","1021733","3045.089"
"kittens.in","greedy-ls-replacement","358","3","293","replacement","9013","4531","365446","1021981372962","1021734","3052.328"
"kittens.in","greedy-ls-replacement","359","3","304","replacement","8284","8495","374851","1021981747813","1021734","3063.421"
"kittens.in","greedy-ls-replacement","360","3","313","replacement","5880","935","44561","1021981792374","1021734","3073.402"
"kittens.in","greedy-ls-replacement","361","3","329","replacement","2643","6258","1731","1021981794105","1021734","3089.024"
"kittens.in","greedy-ls-replacement","362","3","337","replacement","6054","5848","94392","1021981888497","1021734","3097.334"
"kittens.in","greedy-ls-replacement","363","3","364","replacement","9453","4176","82725","1021981971222","1021734","3124.095"
"kittens.in","greedy-ls-replacement","364","3","371","replacement","7429","2013","76760","1021982047982","1021734","3131.344"
"kittens.in","greedy-ls-replacement","365","3","376","replacement","7153","9007","632","1021982048614","1021734","3136.511"
"kittens.in","greedy-ls-replacement","366","3","418","replacement","7880","6327","40014","1021982088628","1021735","3178.770"
"kittens.in","greedy-ls-replacement","367","3","461","replacement","7179","9178","280753","1021982369381","1021735","3220.396"
"kittens.in","greedy-ls-replacement","368","3","467","replacement","8005","745","15540","1021982384921","1021735","3226.574"
"kittens.in","greedy-ls-replacement","369","3","480","replacement","4176","9224","108883","1021982493804","1021735","3239.984"
"kittens.in","greedy-ls-replacement","370","3","496","replacement","7883","5340","15837","1021982509641","1021735","3256.896"
