"dataset","model","level","seed","scenario","algorithm","score","total_requests"
"me_at_the_zoo.in","nominal","0","-1","nominal","baseline","330592","53311"
"me_at_the_zoo.in","nominal","0","-1","nominal","greedy","507906","53311"
"me_at_the_zoo.in","nominal","0","-1","nominal","greedy-ls","507906","53311"
"me_at_the_zoo.in","nominal","0","-1","nominal","ocag","507906","53311"
"me_at_the_zoo.in","nominal","0","-1","nominal","ocag-ls","507906","53311"
"me_at_the_zoo.in","multiplicative","0.05","10001","noise_0.05_seed_10001","baseline","324595","52849"
"me_at_the_zoo.in","multiplicative","0.05","10001","noise_0.05_seed_10001","greedy","501782","52849"
"me_at_the_zoo.in","multiplicative","0.05","10001","noise_0.05_seed_10001","greedy-ls","501782","52849"
"me_at_the_zoo.in","multiplicative","0.05","10001","noise_0.05_seed_10001","ocag","501782","52849"
"me_at_the_zoo.in","multiplicative","0.05","10001","noise_0.05_seed_10001","ocag-ls","501782","52849"
"me_at_the_zoo.in","multiplicative","0.05","10002","noise_0.05_seed_10002","baseline","327398","53777"
"me_at_the_zoo.in","multiplicative","0.05","10002","noise_0.05_seed_10002","greedy","508796","53777"
"me_at_the_zoo.in","multiplicative","0.05","10002","noise_0.05_seed_10002","greedy-ls","508796","53777"
"me_at_the_zoo.in","multiplicative","0.05","10002","noise_0.05_seed_10002","ocag","508796","53777"
"me_at_the_zoo.in","multiplicative","0.05","10002","noise_0.05_seed_10002","ocag-ls","508796","53777"
"me_at_the_zoo.in","multiplicative","0.05","10003","noise_0.05_seed_10003","baseline","328882","53283"
"me_at_the_zoo.in","multiplicative","0.05","10003","noise_0.05_seed_10003","greedy","507816","53283"
"me_at_the_zoo.in","multiplicative","0.05","10003","noise_0.05_seed_10003","greedy-ls","507816","53283"
"me_at_the_zoo.in","multiplicative","0.05","10003","noise_0.05_seed_10003","ocag","507816","53283"
"me_at_the_zoo.in","multiplicative","0.05","10003","noise_0.05_seed_10003","ocag-ls","507816","53283"
"me_at_the_zoo.in","multiplicative","0.05","10004","noise_0.05_seed_10004","baseline","331516","53215"
"me_at_the_zoo.in","multiplicative","0.05","10004","noise_0.05_seed_10004","greedy","508377","53215"
"me_at_the_zoo.in","multiplicative","0.05","10004","noise_0.05_seed_10004","greedy-ls","508377","53215"
"me_at_the_zoo.in","multiplicative","0.05","10004","noise_0.05_seed_10004","ocag","508377","53215"
"me_at_the_zoo.in","multiplicative","0.05","10004","noise_0.05_seed_10004","ocag-ls","508377","53215"
"me_at_the_zoo.in","multiplicative","0.05","10005","noise_0.05_seed_10005","baseline","333375","53797"
"me_at_the_zoo.in","multiplicative","0.05","10005","noise_0.05_seed_10005","greedy","511890","53797"
"me_at_the_zoo.in","multiplicative","0.05","10005","noise_0.05_seed_10005","greedy-ls","511890","53797"
"me_at_the_zoo.in","multiplicative","0.05","10005","noise_0.05_seed_10005","ocag","511890","53797"
"me_at_the_zoo.in","multiplicative","0.05","10005","noise_0.05_seed_10005","ocag-ls","511890","53797"
"me_at_the_zoo.in","multiplicative","0.05","10006","noise_0.05_seed_10006","baseline","327581","54103"
"me_at_the_zoo.in","multiplicative","0.05","10006","noise_0.05_seed_10006","greedy","505094","54103"
"me_at_the_zoo.in","multiplicative","0.05","10006","noise_0.05_seed_10006","greedy-ls","505094","54103"
"me_at_the_zoo.in","multiplicative","0.05","10006","noise_0.05_seed_10006","ocag","505094","54103"
"me_at_the_zoo.in","multiplicative","0.05","10006","noise_0.05_seed_10006","ocag-ls","505094","54103"
"me_at_the_zoo.in","multiplicative","0.05","10007","noise_0.05_seed_10007","baseline","331610","54352"
"me_at_the_zoo.in","multiplicative","0.05","10007","noise_0.05_seed_10007","greedy","508328","54352"
"me_at_the_zoo.in","multiplicative","0.05","10007","noise_0.05_seed_10007","greedy-ls","508328","54352"
"me_at_the_zoo.in","multiplicative","0.05","10007","noise_0.05_seed_10007","ocag","508328","54352"
"me_at_the_zoo.in","multiplicative","0.05","10007","noise_0.05_seed_10007","ocag-ls","508328","54352"
"me_at_the_zoo.in","multiplicative","0.05","10008","noise_0.05_seed_10008","baseline","330317","54003"
"me_at_the_zoo.in","multiplicative","0.05","10008","noise_0.05_seed_10008","greedy","507388","54003"
"me_at_the_zoo.in","multiplicative","0.05","10008","noise_0.05_seed_10008","greedy-ls","507388","54003"
"me_at_the_zoo.in","multiplicative","0.05","10008","noise_0.05_seed_10008","ocag","507388","54003"
"me_at_the_zoo.in","multiplicative","0.05","10008","noise_0.05_seed_10008","ocag-ls","507388","54003"
"me_at_the_zoo.in","multiplicative","0.05","10009","noise_0.05_seed_10009","baseline","330330","53689"
"me_at_the_zoo.in","multiplicative","0.05","10009","noise_0.05_seed_10009","greedy","509721","53689"
"me_at_the_zoo.in","multiplicative","0.05","10009","noise_0.05_seed_10009","greedy-ls","509721","53689"
"me_at_the_zoo.in","multiplicative","0.05","10009","noise_0.05_seed_10009","ocag","509721","53689"
"me_at_the_zoo.in","multiplicative","0.05","10009","noise_0.05_seed_10009","ocag-ls","509721","53689"
"me_at_the_zoo.in","multiplicative","0.05","10010","noise_0.05_seed_10010","baseline","333069","53596"
"me_at_the_zoo.in","multiplicative","0.05","10010","noise_0.05_seed_10010","greedy","511980","53596"
"me_at_the_zoo.in","multiplicative","0.05","10010","noise_0.05_seed_10010","greedy-ls","511980","53596"
"me_at_the_zoo.in","multiplicative","0.05","10010","noise_0.05_seed_10010","ocag","511980","53596"
"me_at_the_zoo.in","multiplicative","0.05","10010","noise_0.05_seed_10010","ocag-ls","511980","53596"
"me_at_the_zoo.in","multiplicative","0.05","10011","noise_0.05_seed_10011","baseline","331884","53382"
"me_at_the_zoo.in","multiplicative","0.05","10011","noise_0.05_seed_10011","greedy","507835","53382"
"me_at_the_zoo.in","multiplicative","0.05","10011","noise_0.05_seed_10011","greedy-ls","507835","53382"
"me_at_the_zoo.in","multiplicative","0.05","10011","noise_0.05_seed_10011","ocag","507835","53382"
"me_at_the_zoo.in","multiplicative","0.05","10011","noise_0.05_seed_10011","ocag-ls","507835","53382"
"me_at_the_zoo.in","multiplicative","0.05","10012","noise_0.05_seed_10012","baseline","333839","53094"
"me_at_the_zoo.in","multiplicative","0.05","10012","noise_0.05_seed_10012","greedy","510845","53094"
"me_at_the_zoo.in","multiplicative","0.05","10012","noise_0.05_seed_10012","greedy-ls","510845","53094"
"me_at_the_zoo.in","multiplicative","0.05","10012","noise_0.05_seed_10012","ocag","510845","53094"
"me_at_the_zoo.in","multiplicative","0.05","10012","noise_0.05_seed_10012","ocag-ls","510845","53094"
"me_at_the_zoo.in","multiplicative","0.05","10013","noise_0.05_seed_10013","baseline","327218","53660"
"me_at_the_zoo.in","multiplicative","0.05","10013","noise_0.05_seed_10013","greedy","503697","53660"
"me_at_the_zoo.in","multiplicative","0.05","10013","noise_0.05_seed_10013","greedy-ls","503697","53660"
"me_at_the_zoo.in","multiplicative","0.05","10013","noise_0.05_seed_10013","ocag","503697","53660"
"me_at_the_zoo.in","multiplicative","0.05","10013","noise_0.05_seed_10013","ocag-ls","503697","53660"
"me_at_the_zoo.in","multiplicative","0.05","10014","noise_0.05_seed_10014","baseline","330540","53555"
"me_at_the_zoo.in","multiplicative","0.05","10014","noise_0.05_seed_10014","greedy","510813","53555"
"me_at_the_zoo.in","multiplicative","0.05","10014","noise_0.05_seed_10014","greedy-ls","510813","53555"
"me_at_the_zoo.in","multiplicative","0.05","10014","noise_0.05_seed_10014","ocag","510813","53555"
"me_at_the_zoo.in","multiplicative","0.05","10014","noise_0.05_seed_10014","ocag-ls","510813","53555"
"me_at_the_zoo.in","multiplicative","0.05","10015","noise_0.05_seed_10015","baseline","325705","52897"
"me_at_the_zoo.in","multiplicative","0.05","10015","noise_0.05_seed_10015","greedy","503240","52897"
"me_at_the_zoo.in","multiplicative","0.05","10015","noise_0.05_seed_10015","greedy-ls","503240","52897"
"me_at_the_zoo.in","multiplicative","0.05","10015","noise_0.05_seed_10015","ocag","503240","52897"
"me_at_the_zoo.in","multiplicative","0.05","10015","noise_0.05_seed_10015","ocag-ls","503240","52897"
"me_at_the_zoo.in","multiplicative","0.05","10016","noise_0.05_seed_10016","baseline","325967","53056"
"me_at_the_zoo.in","multiplicative","0.05","10016","noise_0.05_seed_10016","greedy","506176","53056"
"me_at_the_zoo.in","multiplicative","0.05","10016","noise_0.05_seed_10016","greedy-ls","506176","53056"
"me_at_the_zoo.in","multiplicative","0.05","10016","noise_0.05_seed_10016","ocag","506176","53056"
"me_at_the_zoo.in","multiplicative","0.05","10016","noise_0.05_seed_10016","ocag-ls","506176","53056"
"me_at_the_zoo.in","multiplicative","0.05","10017","noise_0.05_seed_10017","baseline","328819","53146"
"me_at_the_zoo.in","multiplicative","0.05","10017","noise_0.05_seed_10017","greedy","507634","53146"
"me_at_the_zoo.in","multiplicative","0.05","10017","noise_0.05_seed_10017","greedy-ls","507634","53146"
"me_at_the_zoo.in","multiplicative","0.05","10017","noise_0.05_seed_10017","ocag","507634","53146"
"me_at_the_zoo.in","multiplicative","0.05","10017","noise_0.05_seed_10017","ocag-ls","507634","53146"
"me_at_the_zoo.in","multiplicative","0.05","10018","noise_0.05_seed_10018","baseline","329113","52771"
"me_at_the_zoo.in","multiplicative","0.05","10018","noise_0.05_seed_10018","greedy","507557","52771"
"me_at_the_zoo.in","multiplicative","0.05","10018","noise_0.05_seed_10018","greedy-ls","507557","52771"
"me_at_the_zoo.in","multiplicative","0.05","10018","noise_0.05_seed_10018","ocag","507557","52771"
"me_at_the_zoo.in","multiplicative","0.05","10018","noise_0.05_seed_10018","ocag-ls","507557","52771"
"me_at_the_zoo.in","multiplicative","0.05","10019","noise_0.05_seed_10019","baseline","329182","53255"
"me_at_the_zoo.in","multiplicative","0.05","10019","noise_0.05_seed_10019","greedy","505743","53255"
"me_at_the_zoo.in","multiplicative","0.05","10019","noise_0.05_seed_10019","greedy-ls","505743","53255"
"me_at_the_zoo.in","multiplicative","0.05","10019","noise_0.05_seed_10019","ocag","505743","53255"
"me_at_the_zoo.in","multiplicative","0.05","10019","noise_0.05_seed_10019","ocag-ls","505743","53255"
"me_at_the_zoo.in","multiplicative","0.05","10020","noise_0.05_seed_10020","baseline","329454","52593"
"me_at_the_zoo.in","multiplicative","0.05","10020","noise_0.05_seed_10020","greedy","503999","52593"
"me_at_the_zoo.in","multiplicative","0.05","10020","noise_0.05_seed_10020","greedy-ls","503999","52593"
"me_at_the_zoo.in","multiplicative","0.05","10020","noise_0.05_seed_10020","ocag","503999","52593"
"me_at_the_zoo.in","multiplicative","0.05","10020","noise_0.05_seed_10020","ocag-ls","503999","52593"
"me_at_the_zoo.in","multiplicative","0.05","10021","noise_0.05_seed_10021","baseline","329743","53341"
"me_at_the_zoo.in","multiplicative","0.05","10021","noise_0.05_seed_10021","greedy","510399","53341"
"me_at_the_zoo.in","multiplicative","0.05","10021","noise_0.05_seed_10021","greedy-ls","510399","53341"
"me_at_the_zoo.in","multiplicative","0.05","10021","noise_0.05_seed_10021","ocag","510399","53341"
"me_at_the_zoo.in","multiplicative","0.05","10021","noise_0.05_seed_10021","ocag-ls","510399","53341"
"me_at_the_zoo.in","multiplicative","0.05","10022","noise_0.05_seed_10022","baseline","328559","53060"
"me_at_the_zoo.in","multiplicative","0.05","10022","noise_0.05_seed_10022","greedy","509328","53060"
"me_at_the_zoo.in","multiplicative","0.05","10022","noise_0.05_seed_10022","greedy-ls","509328","53060"
"me_at_the_zoo.in","multiplicative","0.05","10022","noise_0.05_seed_10022","ocag","509328","53060"
"me_at_the_zoo.in","multiplicative","0.05","10022","noise_0.05_seed_10022","ocag-ls","509328","53060"
"me_at_the_zoo.in","multiplicative","0.05","10023","noise_0.05_seed_10023","baseline","335187","53289"
"me_at_the_zoo.in","multiplicative","0.05","10023","noise_0.05_seed_10023","greedy","509961","53289"
"me_at_the_zoo.in","multiplicative","0.05","10023","noise_0.05_seed_10023","greedy-ls","509961","53289"
"me_at_the_zoo.in","multiplicative","0.05","10023","noise_0.05_seed_10023","ocag","509961","53289"
"me_at_the_zoo.in","multiplicative","0.05","10023","noise_0.05_seed_10023","ocag-ls","509961","53289"
"me_at_the_zoo.in","multiplicative","0.05","10024","noise_0.05_seed_10024","baseline","333860","53804"
"me_at_the_zoo.in","multiplicative","0.05","10024","noise_0.05_seed_10024","greedy","510203","53804"
"me_at_the_zoo.in","multiplicative","0.05","10024","noise_0.05_seed_10024","greedy-ls","510203","53804"
"me_at_the_zoo.in","multiplicative","0.05","10024","noise_0.05_seed_10024","ocag","510203","53804"
"me_at_the_zoo.in","multiplicative","0.05","10024","noise_0.05_seed_10024","ocag-ls","510203","53804"
"me_at_the_zoo.in","multiplicative","0.05","10025","noise_0.05_seed_10025","baseline","335303","52289"
"me_at_the_zoo.in","multiplicative","0.05","10025","noise_0.05_seed_10025","greedy","510990","52289"
"me_at_the_zoo.in","multiplicative","0.05","10025","noise_0.05_seed_10025","greedy-ls","510990","52289"
"me_at_the_zoo.in","multiplicative","0.05","10025","noise_0.05_seed_10025","ocag","510990","52289"
"me_at_the_zoo.in","multiplicative","0.05","10025","noise_0.05_seed_10025","ocag-ls","510990","52289"
"me_at_the_zoo.in","multiplicative","0.05","10026","noise_0.05_seed_10026","baseline","326886","53035"
"me_at_the_zoo.in","multiplicative","0.05","10026","noise_0.05_seed_10026","greedy","507410","53035"
"me_at_the_zoo.in","multiplicative","0.05","10026","noise_0.05_seed_10026","greedy-ls","507410","53035"
"me_at_the_zoo.in","multiplicative","0.05","10026","noise_0.05_seed_10026","ocag","507410","53035"
"me_at_the_zoo.in","multiplicative","0.05","10026","noise_0.05_seed_10026","ocag-ls","507410","53035"
"me_at_the_zoo.in","multiplicative","0.05","10027","noise_0.05_seed_10027","baseline","328381","53263"
"me_at_the_zoo.in","multiplicative","0.05","10027","noise_0.05_seed_10027","greedy","508093","53263"
"me_at_the_zoo.in","multiplicative","0.05","10027","noise_0.05_seed_10027","greedy-ls","508093","53263"
"me_at_the_zoo.in","multiplicative","0.05","10027","noise_0.05_seed_10027","ocag","508093","53263"
"me_at_the_zoo.in","multiplicative","0.05","10027","noise_0.05_seed_10027","ocag-ls","508093","53263"
"me_at_the_zoo.in","multiplicative","0.05","10028","noise_0.05_seed_10028","baseline","330532","53376"
"me_at_the_zoo.in","multiplicative","0.05","10028","noise_0.05_seed_10028","greedy","510949","53376"
"me_at_the_zoo.in","multiplicative","0.05","10028","noise_0.05_seed_10028","greedy-ls","510949","53376"
"me_at_the_zoo.in","multiplicative","0.05","10028","noise_0.05_seed_10028","ocag","510949","53376"
"me_at_the_zoo.in","multiplicative","0.05","10028","noise_0.05_seed_10028","ocag-ls","510949","53376"
"me_at_the_zoo.in","multiplicative","0.05","10029","noise_0.05_seed_10029","baseline","328881","53613"
"me_at_the_zoo.in","multiplicative","0.05","10029","noise_0.05_seed_10029","greedy","506487","53613"
"me_at_the_zoo.in","multiplicative","0.05","10029","noise_0.05_seed_10029","greedy-ls","506487","53613"
"me_at_the_zoo.in","multiplicative","0.05","10029","noise_0.05_seed_10029","ocag","506487","53613"
"me_at_the_zoo.in","multiplicative","0.05","10029","noise_0.05_seed_10029","ocag-ls","506487","53613"
"me_at_the_zoo.in","multiplicative","0.05","10030","noise_0.05_seed_10030","baseline","327593","53172"
"me_at_the_zoo.in","multiplicative","0.05","10030","noise_0.05_seed_10030","greedy","504415","53172"
"me_at_the_zoo.in","multiplicative","0.05","10030","noise_0.05_seed_10030","greedy-ls","504415","53172"
"me_at_the_zoo.in","multiplicative","0.05","10030","noise_0.05_seed_10030","ocag","504415","53172"
"me_at_the_zoo.in","multiplicative","0.05","10030","noise_0.05_seed_10030","ocag-ls","504415","53172"
"me_at_the_zoo.in","multiplicative","0.10","10001","noise_0.10_seed_10001","baseline","318430","52397"
"me_at_the_zoo.in","multiplicative","0.10","10001","noise_0.10_seed_10001","greedy","495501","52397"
"me_at_the_zoo.in","multiplicative","0.10","10001","noise_0.10_seed_10001","greedy-ls","495501","52397"
"me_at_the_zoo.in","multiplicative","0.10","10001","noise_0.10_seed_10001","ocag","495501","52397"
"me_at_the_zoo.in","multiplicative","0.10","10001","noise_0.10_seed_10001","ocag-ls","495501","52397"
"me_at_the_zoo.in","multiplicative","0.10","10002","noise_0.10_seed_10002","baseline","324232","54231"
"me_at_the_zoo.in","multiplicative","0.10","10002","noise_0.10_seed_10002","greedy","509637","54231"
"me_at_the_zoo.in","multiplicative","0.10","10002","noise_0.10_seed_10002","greedy-ls","509637","54231"
"me_at_the_zoo.in","multiplicative","0.10","10002","noise_0.10_seed_10002","ocag","509637","54231"
"me_at_the_zoo.in","multiplicative","0.10","10002","noise_0.10_seed_10002","ocag-ls","509637","54231"
"me_at_the_zoo.in","multiplicative","0.10","10003","noise_0.10_seed_10003","baseline","327203","53258"
"me_at_the_zoo.in","multiplicative","0.10","10003","noise_0.10_seed_10003","greedy","507732","53258"
"me_at_the_zoo.in","multiplicative","0.10","10003","noise_0.10_seed_10003","greedy-ls","507732","53258"
"me_at_the_zoo.in","multiplicative","0.10","10003","noise_0.10_seed_10003","ocag","507732","53258"
"me_at_the_zoo.in","multiplicative","0.10","10003","noise_0.10_seed_10003","ocag-ls","507732","53258"
"me_at_the_zoo.in","multiplicative","0.10","10004","noise_0.10_seed_10004","baseline","332460","53107"
"me_at_the_zoo.in","multiplicative","0.10","10004","noise_0.10_seed_10004","greedy","508894","53107"
"me_at_the_zoo.in","multiplicative","0.10","10004","noise_0.10_seed_10004","greedy-ls","508894","53107"
"me_at_the_zoo.in","multiplicative","0.10","10004","noise_0.10_seed_10004","ocag","508894","53107"
"me_at_the_zoo.in","multiplicative","0.10","10004","noise_0.10_seed_10004","ocag-ls","508894","53107"
"me_at_the_zoo.in","multiplicative","0.10","10005","noise_0.10_seed_10005","baseline","336126","54293"
"me_at_the_zoo.in","multiplicative","0.10","10005","noise_0.10_seed_10005","greedy","515806","54293"
"me_at_the_zoo.in","multiplicative","0.10","10005","noise_0.10_seed_10005","greedy-ls","515806","54293"
"me_at_the_zoo.in","multiplicative","0.10","10005","noise_0.10_seed_10005","ocag","515806","54293"
"me_at_the_zoo.in","multiplicative","0.10","10005","noise_0.10_seed_10005","ocag-ls","515806","54293"
"me_at_the_zoo.in","multiplicative","0.10","10006","noise_0.10_seed_10006","baseline","324730","54892"
"me_at_the_zoo.in","multiplicative","0.10","10006","noise_0.10_seed_10006","greedy","502400","54892"
"me_at_the_zoo.in","multiplicative","0.10","10006","noise_0.10_seed_10006","greedy-ls","502400","54892"
"me_at_the_zoo.in","multiplicative","0.10","10006","noise_0.10_seed_10006","ocag","502400","54892"
"me_at_the_zoo.in","multiplicative","0.10","10006","noise_0.10_seed_10006","ocag-ls","502400","54892"
"me_at_the_zoo.in","multiplicative","0.10","10007","noise_0.10_seed_10007","baseline","332534","55394"
"me_at_the_zoo.in","multiplicative","0.10","10007","noise_0.10_seed_10007","greedy","508682","55394"
"me_at_the_zoo.in","multiplicative","0.10","10007","noise_0.10_seed_10007","greedy-ls","508682","55394"
"me_at_the_zoo.in","multiplicative","0.10","10007","noise_0.10_seed_10007","ocag","508682","55394"
"me_at_the_zoo.in","multiplicative","0.10","10007","noise_0.10_seed_10007","ocag-ls","508682","55394"
"me_at_the_zoo.in","multiplicative","0.10","10008","noise_0.10_seed_10008","baseline","330029","54691"
"me_at_the_zoo.in","multiplicative","0.10","10008","noise_0.10_seed_10008","greedy","506894","54691"
"me_at_the_zoo.in","multiplicative","0.10","10008","noise_0.10_seed_10008","greedy-ls","506894","54691"
"me_at_the_zoo.in","multiplicative","0.10","10008","noise_0.10_seed_10008","ocag","506894","54691"
"me_at_the_zoo.in","multiplicative","0.10","10008","noise_0.10_seed_10008","ocag-ls","506894","54691"
"me_at_the_zoo.in","multiplicative","0.10","10009","noise_0.10_seed_10009","baseline","330025","54071"
"me_at_the_zoo.in","multiplicative","0.10","10009","noise_0.10_seed_10009","greedy","511506","54071"
"me_at_the_zoo.in","multiplicative","0.10","10009","noise_0.10_seed_10009","greedy-ls","511506","54071"
"me_at_the_zoo.in","multiplicative","0.10","10009","noise_0.10_seed_10009","ocag","511506","54071"
"me_at_the_zoo.in","multiplicative","0.10","10009","noise_0.10_seed_10009","ocag-ls","511506","54071"
"me_at_the_zoo.in","multiplicative","0.10","10010","noise_0.10_seed_10010","baseline","335527","53879"
"me_at_the_zoo.in","multiplicative","0.10","10010","noise_0.10_seed_10010","greedy","515954","53879"
"me_at_the_zoo.in","multiplicative","0.10","10010","noise_0.10_seed_10010","greedy-ls","515954","53879"
"me_at_the_zoo.in","multiplicative","0.10","10010","noise_0.10_seed_10010","ocag","515954","53879"
"me_at_the_zoo.in","multiplicative","0.10","10010","noise_0.10_seed_10010","ocag-ls","515954","53879"
"me_at_the_zoo.in","multiplicative","0.10","10011","noise_0.10_seed_10011","baseline","333216","53459"
"me_at_the_zoo.in","multiplicative","0.10","10011","noise_0.10_seed_10011","greedy","507849","53459"
"me_at_the_zoo.in","multiplicative","0.10","10011","noise_0.10_seed_10011","greedy-ls","507849","53459"
"me_at_the_zoo.in","multiplicative","0.10","10011","noise_0.10_seed_10011","ocag","507849","53459"
"me_at_the_zoo.in","multiplicative","0.10","10011","noise_0.10_seed_10011","ocag-ls","507849","53459"
"me_at_the_zoo.in","multiplicative","0.10","10012","noise_0.10_seed_10012","baseline","337101","52867"
"me_at_the_zoo.in","multiplicative","0.10","10012","noise_0.10_seed_10012","greedy","513789","52867"
"me_at_the_zoo.in","multiplicative","0.10","10012","noise_0.10_seed_10012","greedy-ls","513789","52867"
"me_at_the_zoo.in","multiplicative","0.10","10012","noise_0.10_seed_10012","ocag","513789","52867"
"me_at_the_zoo.in","multiplicative","0.10","10012","noise_0.10_seed_10012","ocag-ls","513789","52867"
"me_at_the_zoo.in","multiplicative","0.10","10013","noise_0.10_seed_10013","baseline","323938","54003"
"me_at_the_zoo.in","multiplicative","0.10","10013","noise_0.10_seed_10013","greedy","499586","54003"
"me_at_the_zoo.in","multiplicative","0.10","10013","noise_0.10_seed_10013","greedy-ls","499586","54003"
"me_at_the_zoo.in","multiplicative","0.10","10013","noise_0.10_seed_10013","ocag","499586","54003"
"me_at_the_zoo.in","multiplicative","0.10","10013","noise_0.10_seed_10013","ocag-ls","499586","54003"
"me_at_the_zoo.in","multiplicative","0.10","10014","noise_0.10_seed_10014","baseline","330499","53796"
"me_at_the_zoo.in","multiplicative","0.10","10014","noise_0.10_seed_10014","greedy","513717","53796"
"me_at_the_zoo.in","multiplicative","0.10","10014","noise_0.10_seed_10014","greedy-ls","513717","53796"
"me_at_the_zoo.in","multiplicative","0.10","10014","noise_0.10_seed_10014","ocag","513717","53796"
"me_at_the_zoo.in","multiplicative","0.10","10014","noise_0.10_seed_10014","ocag-ls","513717","53796"
"me_at_the_zoo.in","multiplicative","0.10","10015","noise_0.10_seed_10015","baseline","320695","52480"
"me_at_the_zoo.in","multiplicative","0.10","10015","noise_0.10_seed_10015","greedy","498518","52480"
"me_at_the_zoo.in","multiplicative","0.10","10015","noise_0.10_seed_10015","greedy-ls","498518","52480"
"me_at_the_zoo.in","multiplicative","0.10","10015","noise_0.10_seed_10015","ocag","498518","52480"
"me_at_the_zoo.in","multiplicative","0.10","10015","noise_0.10_seed_10015","ocag-ls","498518","52480"
"me_at_the_zoo.in","multiplicative","0.10","10016","noise_0.10_seed_10016","baseline","321290","52800"
"me_at_the_zoo.in","multiplicative","0.10","10016","noise_0.10_seed_10016","greedy","504427","52800"
"me_at_the_zoo.in","multiplicative","0.10","10016","noise_0.10_seed_10016","greedy-ls","504427","52800"
"me_at_the_zoo.in","multiplicative","0.10","10016","noise_0.10_seed_10016","ocag","504427","52800"
"me_at_the_zoo.in","multiplicative","0.10","10016","noise_0.10_seed_10016","ocag-ls","504427","52800"
"me_at_the_zoo.in","multiplicative","0.10","10017","noise_0.10_seed_10017","baseline","327051","52980"
"me_at_the_zoo.in","multiplicative","0.10","10017","noise_0.10_seed_10017","greedy","507342","52980"
"me_at_the_zoo.in","multiplicative","0.10","10017","noise_0.10_seed_10017","greedy-ls","507342","52980"
"me_at_the_zoo.in","multiplicative","0.10","10017","noise_0.10_seed_10017","ocag","507342","52980"
"me_at_the_zoo.in","multiplicative","0.10","10017","noise_0.10_seed_10017","ocag-ls","507342","52980"
"me_at_the_zoo.in","multiplicative","0.10","10018","noise_0.10_seed_10018","baseline","327548","52228"
"me_at_the_zoo.in","multiplicative","0.10","10018","noise_0.10_seed_10018","greedy","507165","52228"
"me_at_the_zoo.in","multiplicative","0.10","10018","noise_0.10_seed_10018","greedy-ls","507165","52228"
"me_at_the_zoo.in","multiplicative","0.10","10018","noise_0.10_seed_10018","ocag","507165","52228"
"me_at_the_zoo.in","multiplicative","0.10","10018","noise_0.10_seed_10018","ocag-ls","507165","52228"
"me_at_the_zoo.in","multiplicative","0.10","10019","noise_0.10_seed_10019","baseline","327817","53201"
"me_at_the_zoo.in","multiplicative","0.10","10019","noise_0.10_seed_10019","greedy","503519","53201"
"me_at_the_zoo.in","multiplicative","0.10","10019","noise_0.10_seed_10019","greedy-ls","503519","53201"
"me_at_the_zoo.in","multiplicative","0.10","10019","noise_0.10_seed_10019","ocag","503519","53201"
"me_at_the_zoo.in","multiplicative","0.10","10019","noise_0.10_seed_10019","ocag-ls","503519","53201"
"me_at_the_zoo.in","multiplicative","0.10","10020","noise_0.10_seed_10020","baseline","328277","51876"
"me_at_the_zoo.in","multiplicative","0.10","10020","noise_0.10_seed_10020","greedy","499903","51876"
"me_at_the_zoo.in","multiplicative","0.10","10020","noise_0.10_seed_10020","greedy-ls","499903","51876"
"me_at_the_zoo.in","multiplicative","0.10","10020","noise_0.10_seed_10020","ocag","499903","51876"
"me_at_the_zoo.in","multiplicative","0.10","10020","noise_0.10_seed_10020","ocag-ls","499903","51876"
"me_at_the_zoo.in","multiplicative","0.10","10021","noise_0.10_seed_10021","baseline","328905","53368"
"me_at_the_zoo.in","multiplicative","0.10","10021","noise_0.10_seed_10021","greedy","512931","53368"
"me_at_the_zoo.in","multiplicative","0.10","10021","noise_0.10_seed_10021","greedy-ls","512931","53368"
"me_at_the_zoo.in","multiplicative","0.10","10021","noise_0.10_seed_10021","ocag","512931","53368"
"me_at_the_zoo.in","multiplicative","0.10","10021","noise_0.10_seed_10021","ocag-ls","512931","53368"
"me_at_the_zoo.in","multiplicative","0.10","10022","noise_0.10_seed_10022","baseline","326529","52808"
"me_at_the_zoo.in","multiplicative","0.10","10022","noise_0.10_seed_10022","greedy","510770","52808"
"me_at_the_zoo.in","multiplicative","0.10","10022","noise_0.10_seed_10022","greedy-ls","510770","52808"
"me_at_the_zoo.in","multiplicative","0.10","10022","noise_0.10_seed_10022","ocag","510770","52808"
"me_at_the_zoo.in","multiplicative","0.10","10022","noise_0.10_seed_10022","ocag-ls","510770","52808"
"me_at_the_zoo.in","multiplicative","0.10","10023","noise_0.10_seed_10023","baseline","339735","53268"
"me_at_the_zoo.in","multiplicative","0.10","10023","noise_0.10_seed_10023","greedy","511949","53268"
"me_at_the_zoo.in","multiplicative","0.10","10023","noise_0.10_seed_10023","greedy-ls","511949","53268"
"me_at_the_zoo.in","multiplicative","0.10","10023","noise_0.10_seed_10023","ocag","511949","53268"
"me_at_the_zoo.in","multiplicative","0.10","10023","noise_0.10_seed_10023","ocag-ls","511949","53268"
"me_at_the_zoo.in","multiplicative","0.10","10024","noise_0.10_seed_10024","baseline","337130","54299"
"me_at_the_zoo.in","multiplicative","0.10","10024","noise_0.10_seed_10024","greedy","512509","54299"
"me_at_the_zoo.in","multiplicative","0.10","10024","noise_0.10_seed_10024","greedy-ls","512509","54299"
"me_at_the_zoo.in","multiplicative","0.10","10024","noise_0.10_seed_10024","ocag","512509","54299"
"me_at_the_zoo.in","multiplicative","0.10","10024","noise_0.10_seed_10024","ocag-ls","512509","54299"
"me_at_the_zoo.in","multiplicative","0.10","10025","noise_0.10_seed_10025","baseline","340108","51272"
"me_at_the_zoo.in","multiplicative","0.10","10025","noise_0.10_seed_10025","greedy","514156","51272"
"me_at_the_zoo.in","multiplicative","0.10","10025","noise_0.10_seed_10025","greedy-ls","514156","51272"
"me_at_the_zoo.in","multiplicative","0.10","10025","noise_0.10_seed_10025","ocag","514156","51272"
"me_at_the_zoo.in","multiplicative","0.10","10025","noise_0.10_seed_10025","ocag-ls","514156","51272"
"me_at_the_zoo.in","multiplicative","0.10","10026","noise_0.10_seed_10026","baseline","323175","52762"
"me_at_the_zoo.in","multiplicative","0.10","10026","noise_0.10_seed_10026","greedy","506938","52762"
"me_at_the_zoo.in","multiplicative","0.10","10026","noise_0.10_seed_10026","greedy-ls","506938","52762"
"me_at_the_zoo.in","multiplicative","0.10","10026","noise_0.10_seed_10026","ocag","506938","52762"
"me_at_the_zoo.in","multiplicative","0.10","10026","noise_0.10_seed_10026","ocag-ls","506938","52762"
"me_at_the_zoo.in","multiplicative","0.10","10027","noise_0.10_seed_10027","baseline","326121","53222"
"me_at_the_zoo.in","multiplicative","0.10","10027","noise_0.10_seed_10027","greedy","508260","53222"
"me_at_the_zoo.in","multiplicative","0.10","10027","noise_0.10_seed_10027","greedy-ls","508260","53222"
"me_at_the_zoo.in","multiplicative","0.10","10027","noise_0.10_seed_10027","ocag","508260","53222"
"me_at_the_zoo.in","multiplicative","0.10","10027","noise_0.10_seed_10027","ocag-ls","508260","53222"
"me_at_the_zoo.in","multiplicative","0.10","10028","noise_0.10_seed_10028","baseline","330475","53440"
"me_at_the_zoo.in","multiplicative","0.10","10028","noise_0.10_seed_10028","greedy","514013","53440"
"me_at_the_zoo.in","multiplicative","0.10","10028","noise_0.10_seed_10028","greedy-ls","514013","53440"
"me_at_the_zoo.in","multiplicative","0.10","10028","noise_0.10_seed_10028","ocag","514013","53440"
"me_at_the_zoo.in","multiplicative","0.10","10028","noise_0.10_seed_10028","ocag-ls","514013","53440"
"me_at_the_zoo.in","multiplicative","0.10","10029","noise_0.10_seed_10029","baseline","327200","53919"
"me_at_the_zoo.in","multiplicative","0.10","10029","noise_0.10_seed_10029","greedy","505112","53919"
"me_at_the_zoo.in","multiplicative","0.10","10029","noise_0.10_seed_10029","greedy-ls","505112","53919"
"me_at_the_zoo.in","multiplicative","0.10","10029","noise_0.10_seed_10029","ocag","505112","53919"
"me_at_the_zoo.in","multiplicative","0.10","10029","noise_0.10_seed_10029","ocag-ls","505112","53919"
"me_at_the_zoo.in","multiplicative","0.10","10030","noise_0.10_seed_10030","baseline","324664","53028"
"me_at_the_zoo.in","multiplicative","0.10","10030","noise_0.10_seed_10030","greedy","501011","53028"
"me_at_the_zoo.in","multiplicative","0.10","10030","noise_0.10_seed_10030","greedy-ls","501011","53028"
"me_at_the_zoo.in","multiplicative","0.10","10030","noise_0.10_seed_10030","ocag","501011","53028"
"me_at_the_zoo.in","multiplicative","0.10","10030","noise_0.10_seed_10030","ocag-ls","501011","53028"
"me_at_the_zoo.in","multiplicative","0.20","10001","noise_0.20_seed_10001","baseline","305847","51483"
"me_at_the_zoo.in","multiplicative","0.20","10001","noise_0.20_seed_10001","greedy","482662","51483"
"me_at_the_zoo.in","multiplicative","0.20","10001","noise_0.20_seed_10001","greedy-ls","482662","51483"
"me_at_the_zoo.in","multiplicative","0.20","10001","noise_0.20_seed_10001","ocag","482662","51483"
"me_at_the_zoo.in","multiplicative","0.20","10001","noise_0.20_seed_10001","ocag-ls","482662","51483"
"me_at_the_zoo.in","multiplicative","0.20","10002","noise_0.20_seed_10002","baseline","318060","55151"
"me_at_the_zoo.in","multiplicative","0.20","10002","noise_0.20_seed_10002","greedy","511298","55151"
"me_at_the_zoo.in","multiplicative","0.20","10002","noise_0.20_seed_10002","greedy-ls","511298","55151"
"me_at_the_zoo.in","multiplicative","0.20","10002","noise_0.20_seed_10002","ocag","511298","55151"
"me_at_the_zoo.in","multiplicative","0.20","10002","noise_0.20_seed_10002","ocag-ls","511298","55151"
"me_at_the_zoo.in","multiplicative","0.20","10003","noise_0.20_seed_10003","baseline","323732","53201"
"me_at_the_zoo.in","multiplicative","0.20","10003","noise_0.20_seed_10003","greedy","507526","53201"
"me_at_the_zoo.in","multiplicative","0.20","10003","noise_0.20_seed_10003","greedy-ls","507526","53201"
"me_at_the_zoo.in","multiplicative","0.20","10003","noise_0.20_seed_10003","ocag","507526","53201"
"me_at_the_zoo.in","multiplicative","0.20","10003","noise_0.20_seed_10003","ocag-ls","507526","53201"
"me_at_the_zoo.in","multiplicative","0.20","10004","noise_0.20_seed_10004","baseline","334363","52904"
"me_at_the_zoo.in","multiplicative","0.20","10004","noise_0.20_seed_10004","greedy","509840","52904"
"me_at_the_zoo.in","multiplicative","0.20","10004","noise_0.20_seed_10004","greedy-ls","509840","52904"
"me_at_the_zoo.in","multiplicative","0.20","10004","noise_0.20_seed_10004","ocag","509840","52904"
"me_at_the_zoo.in","multiplicative","0.20","10004","noise_0.20_seed_10004","ocag-ls","509840","52904"
"me_at_the_zoo.in","multiplicative","0.20","10005","noise_0.20_seed_10005","baseline","341476","55269"
"me_at_the_zoo.in","multiplicative","0.20","10005","noise_0.20_seed_10005","greedy","523434","55269"
"me_at_the_zoo.in","multiplicative","0.20","10005","noise_0.20_seed_10005","greedy-ls","523434","55269"
"me_at_the_zoo.in","multiplicative","0.20","10005","noise_0.20_seed_10005","ocag","523434","55269"
"me_at_the_zoo.in","multiplicative","0.20","10005","noise_0.20_seed_10005","ocag-ls","523434","55269"
"me_at_the_zoo.in","multiplicative","0.20","10006","noise_0.20_seed_10006","baseline","319157","56475"
"me_at_the_zoo.in","multiplicative","0.20","10006","noise_0.20_seed_10006","greedy","497213","56475"
"me_at_the_zoo.in","multiplicative","0.20","10006","noise_0.20_seed_10006","greedy-ls","497213","56475"
"me_at_the_zoo.in","multiplicative","0.20","10006","noise_0.20_seed_10006","ocag","497213","56475"
"me_at_the_zoo.in","multiplicative","0.20","10006","noise_0.20_seed_10006","ocag-ls","497213","56475"
"me_at_the_zoo.in","multiplicative","0.20","10007","noise_0.20_seed_10007","baseline","334411","57479"
"me_at_the_zoo.in","multiplicative","0.20","10007","noise_0.20_seed_10007","greedy","509476","57479"
"me_at_the_zoo.in","multiplicative","0.20","10007","noise_0.20_seed_10007","greedy-ls","509476","57479"
"me_at_the_zoo.in","multiplicative","0.20","10007","noise_0.20_seed_10007","ocag","509476","57479"
"me_at_the_zoo.in","multiplicative","0.20","10007","noise_0.20_seed_10007","ocag-ls","509476","57479"
"me_at_the_zoo.in","multiplicative","0.20","10008","noise_0.20_seed_10008","baseline","329505","56073"
"me_at_the_zoo.in","multiplicative","0.20","10008","noise_0.20_seed_10008","greedy","505926","56073"
"me_at_the_zoo.in","multiplicative","0.20","10008","noise_0.20_seed_10008","greedy-ls","505926","56073"
"me_at_the_zoo.in","multiplicative","0.20","10008","noise_0.20_seed_10008","ocag","505926","56073"
"me_at_the_zoo.in","multiplicative","0.20","10008","noise_0.20_seed_10008","ocag-ls","505926","56073"
"me_at_the_zoo.in","multiplicative","0.20","10009","noise_0.20_seed_10009","baseline","329557","54828"
"me_at_the_zoo.in","multiplicative","0.20","10009","noise_0.20_seed_10009","greedy","515076","54828"
"me_at_the_zoo.in","multiplicative","0.20","10009","noise_0.20_seed_10009","greedy-ls","515076","54828"
"me_at_the_zoo.in","multiplicative","0.20","10009","noise_0.20_seed_10009","ocag","515076","54828"
"me_at_the_zoo.in","multiplicative","0.20","10009","noise_0.20_seed_10009","ocag-ls","515076","54828"
"me_at_the_zoo.in","multiplicative","0.20","10010","noise_0.20_seed_10010","baseline","340345","54446"
"me_at_the_zoo.in","multiplicative","0.20","10010","noise_0.20_seed_10010","greedy","523898","54446"
"me_at_the_zoo.in","multiplicative","0.20","10010","noise_0.20_seed_10010","greedy-ls","523898","54446"
"me_at_the_zoo.in","multiplicative","0.20","10010","noise_0.20_seed_10010","ocag","523898","54446"
"me_at_the_zoo.in","multiplicative","0.20","10010","noise_0.20_seed_10010","ocag-ls","523898","54446"
"me_at_the_zoo.in","multiplicative","0.20","10011","noise_0.20_seed_10011","baseline","335882","53602"
"me_at_the_zoo.in","multiplicative","0.20","10011","noise_0.20_seed_10011","greedy","507745","53602"
"me_at_the_zoo.in","multiplicative","0.20","10011","noise_0.20_seed_10011","greedy-ls","507745","53602"
"me_at_the_zoo.in","multiplicative","0.20","10011","noise_0.20_seed_10011","ocag","507745","53602"
"me_at_the_zoo.in","multiplicative","0.20","10011","noise_0.20_seed_10011","ocag-ls","507745","53602"
"me_at_the_zoo.in","multiplicative","0.20","10012","noise_0.20_seed_10012","baseline","343676","52422"
"me_at_the_zoo.in","multiplicative","0.20","10012","noise_0.20_seed_10012","greedy","519760","52422"
"me_at_the_zoo.in","multiplicative","0.20","10012","noise_0.20_seed_10012","greedy-ls","519760","52422"
"me_at_the_zoo.in","multiplicative","0.20","10012","noise_0.20_seed_10012","ocag","519760","52422"
"me_at_the_zoo.in","multiplicative","0.20","10012","noise_0.20_seed_10012","ocag-ls","519760","52422"
"me_at_the_zoo.in","multiplicative","0.20","10013","noise_0.20_seed_10013","baseline","317402","54700"
"me_at_the_zoo.in","multiplicative","0.20","10013","noise_0.20_seed_10013","greedy","491436","54700"
"me_at_the_zoo.in","multiplicative","0.20","10013","noise_0.20_seed_10013","greedy-ls","491436","54700"
"me_at_the_zoo.in","multiplicative","0.20","10013","noise_0.20_seed_10013","ocag","491436","54700"
"me_at_the_zoo.in","multiplicative","0.20","10013","noise_0.20_seed_10013","ocag-ls","491436","54700"
"me_at_the_zoo.in","multiplicative","0.20","10014","noise_0.20_seed_10014","baseline","330360","54287"
"me_at_the_zoo.in","multiplicative","0.20","10014","noise_0.20_seed_10014","greedy","519374","54287"
"me_at_the_zoo.in","multiplicative","0.20","10014","noise_0.20_seed_10014","greedy-ls","519374","54287"
"me_at_the_zoo.in","multiplicative","0.20","10014","noise_0.20_seed_10014","ocag","519374","54287"
"me_at_the_zoo.in","multiplicative","0.20","10014","noise_0.20_seed_10014","ocag-ls","519374","54287"
"me_at_the_zoo.in","multiplicative","0.20","10015","noise_0.20_seed_10015","baseline","310526","51645"
"me_at_the_zoo.in","multiplicative","0.20","10015","noise_0.20_seed_10015","greedy","488825","51645"
"me_at_the_zoo.in","multiplicative","0.20","10015","noise_0.20_seed_10015","greedy-ls","488825","51645"
"me_at_the_zoo.in","multiplicative","0.20","10015","noise_0.20_seed_10015","ocag","488825","51645"
"me_at_the_zoo.in","multiplicative","0.20","10015","noise_0.20_seed_10015","ocag-ls","488825","51645"
"me_at_the_zoo.in","multiplicative","0.20","10016","noise_0.20_seed_10016","baseline","311878","52289"
"me_at_the_zoo.in","multiplicative","0.20","10016","noise_0.20_seed_10016","greedy","500955","52289"
"me_at_the_zoo.in","multiplicative","0.20","10016","noise_0.20_seed_10016","greedy-ls","500955","52289"
"me_at_the_zoo.in","multiplicative","0.20","10016","noise_0.20_seed_10016","ocag","500955","52289"
"me_at_the_zoo.in","multiplicative","0.20","10016","noise_0.20_seed_10016","ocag-ls","500955","52289"
"me_at_the_zoo.in","multiplicative","0.20","10017","noise_0.20_seed_10017","baseline","323461","52645"
"me_at_the_zoo.in","multiplicative","0.20","10017","noise_0.20_seed_10017","greedy","506801","52645"
"me_at_the_zoo.in","multiplicative","0.20","10017","noise_0.20_seed_10017","greedy-ls","506801","52645"
"me_at_the_zoo.in","multiplicative","0.20","10017","noise_0.20_seed_10017","ocag","506801","52645"
"me_at_the_zoo.in","multiplicative","0.20","10017","noise_0.20_seed_10017","ocag-ls","506801","52645"
"me_at_the_zoo.in","multiplicative","0.20","10018","noise_0.20_seed_10018","baseline","324444","51146"
"me_at_the_zoo.in","multiplicative","0.20","10018","noise_0.20_seed_10018","greedy","506430","51146"
"me_at_the_zoo.in","multiplicative","0.20","10018","noise_0.20_seed_10018","greedy-ls","506430","51146"
"me_at_the_zoo.in","multiplicative","0.20","10018","noise_0.20_seed_10018","ocag","506430","51146"
"me_at_the_zoo.in","multiplicative","0.20","10018","noise_0.20_seed_10018","ocag-ls","506430","51146"
"me_at_the_zoo.in","multiplicative","0.20","10019","noise_0.20_seed_10019","baseline","325066","53080"
"me_at_the_zoo.in","multiplicative","0.20","10019","noise_0.20_seed_10019","greedy","499165","53080"
"me_at_the_zoo.in","multiplicative","0.20","10019","noise_0.20_seed_10019","greedy-ls","499165","53080"
"me_at_the_zoo.in","multiplicative","0.20","10019","noise_0.20_seed_10019","ocag","499165","53080"
"me_at_the_zoo.in","multiplicative","0.20","10019","noise_0.20_seed_10019","ocag-ls","499165","53080"
"me_at_the_zoo.in","multiplicative","0.20","10020","noise_0.20_seed_10020","baseline","325942","50439"
"me_at_the_zoo.in","multiplicative","0.20","10020","noise_0.20_seed_10020","greedy","491629","50439"
"me_at_the_zoo.in","multiplicative","0.20","10020","noise_0.20_seed_10020","greedy-ls","491629","50439"
"me_at_the_zoo.in","multiplicative","0.20","10020","noise_0.20_seed_10020","ocag","491629","50439"
"me_at_the_zoo.in","multiplicative","0.20","10020","noise_0.20_seed_10020","ocag-ls","491629","50439"
"me_at_the_zoo.in","multiplicative","0.20","10021","noise_0.20_seed_10021","baseline","327232","53427"
"me_at_the_zoo.in","multiplicative","0.20","10021","noise_0.20_seed_10021","greedy","517940","53427"
"me_at_the_zoo.in","multiplicative","0.20","10021","noise_0.20_seed_10021","greedy-ls","517940","53427"
"me_at_the_zoo.in","multiplicative","0.20","10021","noise_0.20_seed_10021","ocag","517940","53427"
"me_at_the_zoo.in","multiplicative","0.20","10021","noise_0.20_seed_10021","ocag-ls","517940","53427"
"me_at_the_zoo.in","multiplicative","0.20","10022","noise_0.20_seed_10022","baseline","322327","52309"
"me_at_the_zoo.in","multiplicative","0.20","10022","noise_0.20_seed_10022","greedy","513623","52309"
"me_at_the_zoo.in","multiplicative","0.20","10022","noise_0.20_seed_10022","greedy-ls","513623","52309"
"me_at_the_zoo.in","multiplicative","0.20","10022","noise_0.20_seed_10022","ocag","513623","52309"
"me_at_the_zoo.in","multiplicative","0.20","10022","noise_0.20_seed_10022","ocag-ls","513623","52309"
"me_at_the_zoo.in","multiplicative","0.20","10023","noise_0.20_seed_10023","baseline","348970","53217"
"me_at_the_zoo.in","multiplicative","0.20","10023","noise_0.20_seed_10023","greedy","516035","53217"
"me_at_the_zoo.in","multiplicative","0.20","10023","noise_0.20_seed_10023","greedy-ls","516035","53217"
"me_at_the_zoo.in","multiplicative","0.20","10023","noise_0.20_seed_10023","ocag","516035","53217"
"me_at_the_zoo.in","multiplicative","0.20","10023","noise_0.20_seed_10023","ocag-ls","516035","53217"
"me_at_the_zoo.in","multiplicative","0.20","10024","noise_0.20_seed_10024","baseline","343400","55292"
"me_at_the_zoo.in","multiplicative","0.20","10024","noise_0.20_seed_10024","greedy","516898","55292"
"me_at_the_zoo.in","multiplicative","0.20","10024","noise_0.20_seed_10024","greedy-ls","516898","55292"
"me_at_the_zoo.in","multiplicative","0.20","10024","noise_0.20_seed_10024","ocag","516898","55292"
"me_at_the_zoo.in","multiplicative","0.20","10024","noise_0.20_seed_10024","ocag-ls","516898","55292"
"me_at_the_zoo.in","multiplicative","0.20","10025","noise_0.20_seed_10025","baseline","350490","49229"
"me_at_the_zoo.in","multiplicative","0.20","10025","noise_0.20_seed_10025","greedy","520943","49229"
"me_at_the_zoo.in","multiplicative","0.20","10025","noise_0.20_seed_10025","greedy-ls","520943","49229"
"me_at_the_zoo.in","multiplicative","0.20","10025","noise_0.20_seed_10025","ocag","520943","49229"
"me_at_the_zoo.in","multiplicative","0.20","10025","noise_0.20_seed_10025","ocag-ls","520943","49229"
"me_at_the_zoo.in","multiplicative","0.20","10026","noise_0.20_seed_10026","baseline","315650","52213"
"me_at_the_zoo.in","multiplicative","0.20","10026","noise_0.20_seed_10026","greedy","505926","52213"
"me_at_the_zoo.in","multiplicative","0.20","10026","noise_0.20_seed_10026","greedy-ls","505926","52213"
"me_at_the_zoo.in","multiplicative","0.20","10026","noise_0.20_seed_10026","ocag","505926","52213"
"me_at_the_zoo.in","multiplicative","0.20","10026","noise_0.20_seed_10026","ocag-ls","505926","52213"
"me_at_the_zoo.in","multiplicative","0.20","10027","noise_0.20_seed_10027","baseline","321622","53130"
"me_at_the_zoo.in","multiplicative","0.20","10027","noise_0.20_seed_10027","greedy","508608","53130"
"me_at_the_zoo.in","multiplicative","0.20","10027","noise_0.20_seed_10027","greedy-ls","508608","53130"
"me_at_the_zoo.in","multiplicative","0.20","10027","noise_0.20_seed_10027","ocag","508608","53130"
"me_at_the_zoo.in","multiplicative","0.20","10027","noise_0.20_seed_10027","ocag-ls","508608","53130"
"me_at_the_zoo.in","multiplicative","0.20","10028","noise_0.20_seed_10028","baseline","330311","53566"
"me_at_the_zoo.in","multiplicative","0.20","10028","noise_0.20_seed_10028","greedy","519994","53566"
"me_at_the_zoo.in","multiplicative","0.20","10028","noise_0.20_seed_10028","greedy-ls","519994","53566"
"me_at_the_zoo.in","multiplicative","0.20","10028","noise_0.20_seed_10028","ocag","519994","53566"
"me_at_the_zoo.in","multiplicative","0.20","10028","noise_0.20_seed_10028","ocag-ls","519994","53566"
"me_at_the_zoo.in","multiplicative","0.20","10029","noise_0.20_seed_10029","baseline","323874","54531"
"me_at_the_zoo.in","multiplicative","0.20","10029","noise_0.20_seed_10029","greedy","502298","54531"
"me_at_the_zoo.in","multiplicative","0.20","10029","noise_0.20_seed_10029","greedy-ls","502298","54531"
"me_at_the_zoo.in","multiplicative","0.20","10029","noise_0.20_seed_10029","ocag","502298","54531"
"me_at_the_zoo.in","multiplicative","0.20","10029","noise_0.20_seed_10029","ocag-ls","502298","54531"
"me_at_the_zoo.in","multiplicative","0.20","10030","noise_0.20_seed_10030","baseline","318638","52742"
"me_at_the_zoo.in","multiplicative","0.20","10030","noise_0.20_seed_10030","greedy","494059","52742"
"me_at_the_zoo.in","multiplicative","0.20","10030","noise_0.20_seed_10030","greedy-ls","494059","52742"
"me_at_the_zoo.in","multiplicative","0.20","10030","noise_0.20_seed_10030","ocag","494059","52742"
"me_at_the_zoo.in","multiplicative","0.20","10030","noise_0.20_seed_10030","ocag-ls","494059","52742"
"me_at_the_zoo.in","multiplicative","0.30","10001","noise_0.30_seed_10001","baseline","349294","53563"
"me_at_the_zoo.in","multiplicative","0.30","10001","noise_0.30_seed_10001","greedy","531975","53563"
"me_at_the_zoo.in","multiplicative","0.30","10001","noise_0.30_seed_10001","greedy-ls","531975","53563"
"me_at_the_zoo.in","multiplicative","0.30","10001","noise_0.30_seed_10001","ocag","531975","53563"
"me_at_the_zoo.in","multiplicative","0.30","10001","noise_0.30_seed_10001","ocag-ls","531975","53563"
"me_at_the_zoo.in","multiplicative","0.30","10002","noise_0.30_seed_10002","baseline","332819","52384"
"me_at_the_zoo.in","multiplicative","0.30","10002","noise_0.30_seed_10002","greedy","515010","52384"
"me_at_the_zoo.in","multiplicative","0.30","10002","noise_0.30_seed_10002","greedy-ls","515010","52384"
"me_at_the_zoo.in","multiplicative","0.30","10002","noise_0.30_seed_10002","ocag","515010","52384"
"me_at_the_zoo.in","multiplicative","0.30","10002","noise_0.30_seed_10002","ocag-ls","515010","52384"
"me_at_the_zoo.in","multiplicative","0.30","10003","noise_0.30_seed_10003","baseline","332479","50469"
"me_at_the_zoo.in","multiplicative","0.30","10003","noise_0.30_seed_10003","greedy","525403","50469"
"me_at_the_zoo.in","multiplicative","0.30","10003","noise_0.30_seed_10003","greedy-ls","525403","50469"
"me_at_the_zoo.in","multiplicative","0.30","10003","noise_0.30_seed_10003","ocag","525403","50469"
"me_at_the_zoo.in","multiplicative","0.30","10003","noise_0.30_seed_10003","ocag-ls","525403","50469"
"me_at_the_zoo.in","multiplicative","0.30","10004","noise_0.30_seed_10004","baseline","348085","51778"
"me_at_the_zoo.in","multiplicative","0.30","10004","noise_0.30_seed_10004","greedy","533164","51778"
"me_at_the_zoo.in","multiplicative","0.30","10004","noise_0.30_seed_10004","greedy-ls","533164","51778"
"me_at_the_zoo.in","multiplicative","0.30","10004","noise_0.30_seed_10004","ocag","533164","51778"
"me_at_the_zoo.in","multiplicative","0.30","10004","noise_0.30_seed_10004","ocag-ls","533164","51778"
"me_at_the_zoo.in","multiplicative","0.30","10005","noise_0.30_seed_10005","baseline","322060","56528"
"me_at_the_zoo.in","multiplicative","0.30","10005","noise_0.30_seed_10005","greedy","490223","56528"
"me_at_the_zoo.in","multiplicative","0.30","10005","noise_0.30_seed_10005","greedy-ls","490223","56528"
"me_at_the_zoo.in","multiplicative","0.30","10005","noise_0.30_seed_10005","ocag","490223","56528"
"me_at_the_zoo.in","multiplicative","0.30","10005","noise_0.30_seed_10005","ocag-ls","490223","56528"
"me_at_the_zoo.in","multiplicative","0.30","10006","noise_0.30_seed_10006","baseline","307183","54244"
"me_at_the_zoo.in","multiplicative","0.30","10006","noise_0.30_seed_10006","greedy","499086","54244"
"me_at_the_zoo.in","multiplicative","0.30","10006","noise_0.30_seed_10006","greedy-ls","499086","54244"
"me_at_the_zoo.in","multiplicative","0.30","10006","noise_0.30_seed_10006","ocag","499086","54244"
"me_at_the_zoo.in","multiplicative","0.30","10006","noise_0.30_seed_10006","ocag-ls","499086","54244"
"me_at_the_zoo.in","multiplicative","0.30","10007","noise_0.30_seed_10007","baseline","346790","52440"
"me_at_the_zoo.in","multiplicative","0.30","10007","noise_0.30_seed_10007","greedy","520736","52440"
"me_at_the_zoo.in","multiplicative","0.30","10007","noise_0.30_seed_10007","greedy-ls","520736","52440"
"me_at_the_zoo.in","multiplicative","0.30","10007","noise_0.30_seed_10007","ocag","520736","52440"
"me_at_the_zoo.in","multiplicative","0.30","10007","noise_0.30_seed_10007","ocag-ls","520736","52440"
"me_at_the_zoo.in","multiplicative","0.30","10008","noise_0.30_seed_10008","baseline","346274","51345"
"me_at_the_zoo.in","multiplicative","0.30","10008","noise_0.30_seed_10008","greedy","531600","51345"
"me_at_the_zoo.in","multiplicative","0.30","10008","noise_0.30_seed_10008","greedy-ls","531600","51345"
"me_at_the_zoo.in","multiplicative","0.30","10008","noise_0.30_seed_10008","ocag","531600","51345"
"me_at_the_zoo.in","multiplicative","0.30","10008","noise_0.30_seed_10008","ocag-ls","531600","51345"
"me_at_the_zoo.in","multiplicative","0.30","10009","noise_0.30_seed_10009","baseline","340460","53464"
"me_at_the_zoo.in","multiplicative","0.30","10009","noise_0.30_seed_10009","greedy","507965","53464"
"me_at_the_zoo.in","multiplicative","0.30","10009","noise_0.30_seed_10009","greedy-ls","507965","53464"
"me_at_the_zoo.in","multiplicative","0.30","10009","noise_0.30_seed_10009","ocag","507965","53464"
"me_at_the_zoo.in","multiplicative","0.30","10009","noise_0.30_seed_10009","ocag-ls","507965","53464"
"me_at_the_zoo.in","multiplicative","0.30","10010","noise_0.30_seed_10010","baseline","320215","50182"
"me_at_the_zoo.in","multiplicative","0.30","10010","noise_0.30_seed_10010","greedy","511446","50182"
"me_at_the_zoo.in","multiplicative","0.30","10010","noise_0.30_seed_10010","greedy-ls","511446","50182"
"me_at_the_zoo.in","multiplicative","0.30","10010","noise_0.30_seed_10010","ocag","511446","50182"
"me_at_the_zoo.in","multiplicative","0.30","10010","noise_0.30_seed_10010","ocag-ls","511446","50182"
"me_at_the_zoo.in","multiplicative","0.30","10011","noise_0.30_seed_10011","baseline","337971","52921"
"me_at_the_zoo.in","multiplicative","0.30","10011","noise_0.30_seed_10011","greedy","524274","52921"
"me_at_the_zoo.in","multiplicative","0.30","10011","noise_0.30_seed_10011","greedy-ls","524274","52921"
"me_at_the_zoo.in","multiplicative","0.30","10011","noise_0.30_seed_10011","ocag","524274","52921"
"me_at_the_zoo.in","multiplicative","0.30","10011","noise_0.30_seed_10011","ocag-ls","524274","52921"
"me_at_the_zoo.in","multiplicative","0.30","10012","noise_0.30_seed_10012","baseline","342965","56227"
"me_at_the_zoo.in","multiplicative","0.30","10012","noise_0.30_seed_10012","greedy","514371","56227"
"me_at_the_zoo.in","multiplicative","0.30","10012","noise_0.30_seed_10012","greedy-ls","514371","56227"
"me_at_the_zoo.in","multiplicative","0.30","10012","noise_0.30_seed_10012","ocag","514371","56227"
"me_at_the_zoo.in","multiplicative","0.30","10012","noise_0.30_seed_10012","ocag-ls","514371","56227"
"me_at_the_zoo.in","multiplicative","0.30","10013","noise_0.30_seed_10013","baseline","315732","54677"
"me_at_the_zoo.in","multiplicative","0.30","10013","noise_0.30_seed_10013","greedy","508268","54677"
"me_at_the_zoo.in","multiplicative","0.30","10013","noise_0.30_seed_10013","greedy-ls","508268","54677"
"me_at_the_zoo.in","multiplicative","0.30","10013","noise_0.30_seed_10013","ocag","508268","54677"
"me_at_the_zoo.in","multiplicative","0.30","10013","noise_0.30_seed_10013","ocag-ls","508268","54677"
"me_at_the_zoo.in","multiplicative","0.30","10014","noise_0.30_seed_10014","baseline","308791","55450"
"me_at_the_zoo.in","multiplicative","0.30","10014","noise_0.30_seed_10014","greedy","501186","55450"
"me_at_the_zoo.in","multiplicative","0.30","10014","noise_0.30_seed_10014","greedy-ls","501186","55450"
"me_at_the_zoo.in","multiplicative","0.30","10014","noise_0.30_seed_10014","ocag","501186","55450"
"me_at_the_zoo.in","multiplicative","0.30","10014","noise_0.30_seed_10014","ocag-ls","501186","55450"
"me_at_the_zoo.in","multiplicative","0.30","10015","noise_0.30_seed_10015","baseline","322325","52440"
"me_at_the_zoo.in","multiplicative","0.30","10015","noise_0.30_seed_10015","greedy","509477","52440"
"me_at_the_zoo.in","multiplicative","0.30","10015","noise_0.30_seed_10015","greedy-ls","509477","52440"
"me_at_the_zoo.in","multiplicative","0.30","10015","noise_0.30_seed_10015","ocag","509477","52440"
"me_at_the_zoo.in","multiplicative","0.30","10015","noise_0.30_seed_10015","ocag-ls","509477","52440"
"me_at_the_zoo.in","multiplicative","0.30","10016","noise_0.30_seed_10016","baseline","317257","56575"
"me_at_the_zoo.in","multiplicative","0.30","10016","noise_0.30_seed_10016","greedy","506942","56575"
"me_at_the_zoo.in","multiplicative","0.30","10016","noise_0.30_seed_10016","greedy-ls","506942","56575"
"me_at_the_zoo.in","multiplicative","0.30","10016","noise_0.30_seed_10016","ocag","506942","56575"
"me_at_the_zoo.in","multiplicative","0.30","10016","noise_0.30_seed_10016","ocag-ls","506942","56575"
"me_at_the_zoo.in","multiplicative","0.30","10017","noise_0.30_seed_10017","baseline","352396","55329"
"me_at_the_zoo.in","multiplicative","0.30","10017","noise_0.30_seed_10017","greedy","513894","55329"
"me_at_the_zoo.in","multiplicative","0.30","10017","noise_0.30_seed_10017","greedy-ls","513894","55329"
"me_at_the_zoo.in","multiplicative","0.30","10017","noise_0.30_seed_10017","ocag","513894","55329"
"me_at_the_zoo.in","multiplicative","0.30","10017","noise_0.30_seed_10017","ocag-ls","513894","55329"
"me_at_the_zoo.in","multiplicative","0.30","10018","noise_0.30_seed_10018","baseline","329759","57364"
"me_at_the_zoo.in","multiplicative","0.30","10018","noise_0.30_seed_10018","greedy","514576","57364"
"me_at_the_zoo.in","multiplicative","0.30","10018","noise_0.30_seed_10018","greedy-ls","514576","57364"
"me_at_the_zoo.in","multiplicative","0.30","10018","noise_0.30_seed_10018","ocag","514576","57364"
"me_at_the_zoo.in","multiplicative","0.30","10018","noise_0.30_seed_10018","ocag-ls","514576","57364"
"me_at_the_zoo.in","multiplicative","0.30","10019","noise_0.30_seed_10019","baseline","327716","53447"
"me_at_the_zoo.in","multiplicative","0.30","10019","noise_0.30_seed_10019","greedy","507249","53447"
"me_at_the_zoo.in","multiplicative","0.30","10019","noise_0.30_seed_10019","greedy-ls","507249","53447"
"me_at_the_zoo.in","multiplicative","0.30","10019","noise_0.30_seed_10019","ocag","507249","53447"
"me_at_the_zoo.in","multiplicative","0.30","10019","noise_0.30_seed_10019","ocag-ls","507249","53447"
"me_at_the_zoo.in","multiplicative","0.30","10020","noise_0.30_seed_10020","baseline","324616","52627"
"me_at_the_zoo.in","multiplicative","0.30","10020","noise_0.30_seed_10020","greedy","507297","52627"
"me_at_the_zoo.in","multiplicative","0.30","10020","noise_0.30_seed_10020","greedy-ls","507297","52627"
"me_at_the_zoo.in","multiplicative","0.30","10020","noise_0.30_seed_10020","ocag","507297","52627"
"me_at_the_zoo.in","multiplicative","0.30","10020","noise_0.30_seed_10020","ocag-ls","507297","52627"
"me_at_the_zoo.in","multiplicative","0.30","10021","noise_0.30_seed_10021","baseline","326333","54125"
"me_at_the_zoo.in","multiplicative","0.30","10021","noise_0.30_seed_10021","greedy","510339","54125"
"me_at_the_zoo.in","multiplicative","0.30","10021","noise_0.30_seed_10021","greedy-ls","510339","54125"
"me_at_the_zoo.in","multiplicative","0.30","10021","noise_0.30_seed_10021","ocag","510339","54125"
"me_at_the_zoo.in","multiplicative","0.30","10021","noise_0.30_seed_10021","ocag-ls","510339","54125"
"me_at_the_zoo.in","multiplicative","0.30","10022","noise_0.30_seed_10022","baseline","327408","54021"
"me_at_the_zoo.in","multiplicative","0.30","10022","noise_0.30_seed_10022","greedy","491928","54021"
"me_at_the_zoo.in","multiplicative","0.30","10022","noise_0.30_seed_10022","greedy-ls","491928","54021"
"me_at_the_zoo.in","multiplicative","0.30","10022","noise_0.30_seed_10022","ocag","491928","54021"
"me_at_the_zoo.in","multiplicative","0.30","10022","noise_0.30_seed_10022","ocag-ls","491928","54021"
"me_at_the_zoo.in","multiplicative","0.30","10023","noise_0.30_seed_10023","baseline","334058","51786"
"me_at_the_zoo.in","multiplicative","0.30","10023","noise_0.30_seed_10023","greedy","508667","51786"
"me_at_the_zoo.in","multiplicative","0.30","10023","noise_0.30_seed_10023","greedy-ls","508667","51786"
"me_at_the_zoo.in","multiplicative","0.30","10023","noise_0.30_seed_10023","ocag","508667","51786"
"me_at_the_zoo.in","multiplicative","0.30","10023","noise_0.30_seed_10023","ocag-ls","508667","51786"
"me_at_the_zoo.in","multiplicative","0.30","10024","noise_0.30_seed_10024","baseline","337121","48762"
"me_at_the_zoo.in","multiplicative","0.30","10024","noise_0.30_seed_10024","greedy","527543","48762"
"me_at_the_zoo.in","multiplicative","0.30","10024","noise_0.30_seed_10024","greedy-ls","527543","48762"
"me_at_the_zoo.in","multiplicative","0.30","10024","noise_0.30_seed_10024","ocag","527543","48762"
"me_at_the_zoo.in","multiplicative","0.30","10024","noise_0.30_seed_10024","ocag-ls","527543","48762"
"me_at_the_zoo.in","multiplicative","0.30","10025","noise_0.30_seed_10025","baseline","322778","54448"
"me_at_the_zoo.in","multiplicative","0.30","10025","noise_0.30_seed_10025","greedy","504549","54448"
"me_at_the_zoo.in","multiplicative","0.30","10025","noise_0.30_seed_10025","greedy-ls","504549","54448"
"me_at_the_zoo.in","multiplicative","0.30","10025","noise_0.30_seed_10025","ocag","504549","54448"
"me_at_the_zoo.in","multiplicative","0.30","10025","noise_0.30_seed_10025","ocag-ls","504549","54448"
"me_at_the_zoo.in","multiplicative","0.30","10026","noise_0.30_seed_10026","baseline","343954","50691"
"me_at_the_zoo.in","multiplicative","0.30","10026","noise_0.30_seed_10026","greedy","514448","50691"
"me_at_the_zoo.in","multiplicative","0.30","10026","noise_0.30_seed_10026","greedy-ls","514448","50691"
"me_at_the_zoo.in","multiplicative","0.30","10026","noise_0.30_seed_10026","ocag","514448","50691"
"me_at_the_zoo.in","multiplicative","0.30","10026","noise_0.30_seed_10026","ocag-ls","514448","50691"
"me_at_the_zoo.in","multiplicative","0.30","10027","noise_0.30_seed_10027","baseline","314895","54096"
"me_at_the_zoo.in","multiplicative","0.30","10027","noise_0.30_seed_10027","greedy","508574","54096"
"me_at_the_zoo.in","multiplicative","0.30","10027","noise_0.30_seed_10027","greedy-ls","508574","54096"
"me_at_the_zoo.in","multiplicative","0.30","10027","noise_0.30_seed_10027","ocag","508574","54096"
"me_at_the_zoo.in","multiplicative","0.30","10027","noise_0.30_seed_10027","ocag-ls","508574","54096"
"me_at_the_zoo.in","multiplicative","0.30","10028","noise_0.30_seed_10028","baseline","325360","49925"
"me_at_the_zoo.in","multiplicative","0.30","10028","noise_0.30_seed_10028","greedy","526218","49925"
"me_at_the_zoo.in","multiplicative","0.30","10028","noise_0.30_seed_10028","greedy-ls","526218","49925"
"me_at_the_zoo.in","multiplicative","0.30","10028","noise_0.30_seed_10028","ocag","526218","49925"
"me_at_the_zoo.in","multiplicative","0.30","10028","noise_0.30_seed_10028","ocag-ls","526218","49925"
"me_at_the_zoo.in","multiplicative","0.30","10029","noise_0.30_seed_10029","baseline","342878","55627"
"me_at_the_zoo.in","multiplicative","0.30","10029","noise_0.30_seed_10029","greedy","532528","55627"
"me_at_the_zoo.in","multiplicative","0.30","10029","noise_0.30_seed_10029","greedy-ls","532528","55627"
"me_at_the_zoo.in","multiplicative","0.30","10029","noise_0.30_seed_10029","ocag","532528","55627"
"me_at_the_zoo.in","multiplicative","0.30","10029","noise_0.30_seed_10029","ocag-ls","532528","55627"
"me_at_the_zoo.in","multiplicative","0.30","10030","noise_0.30_seed_10030","baseline","325280","59040"
"me_at_the_zoo.in","multiplicative","0.30","10030","noise_0.30_seed_10030","greedy","494506","59040"
"me_at_the_zoo.in","multiplicative","0.30","10030","noise_0.30_seed_10030","greedy-ls","494506","59040"
"me_at_the_zoo.in","multiplicative","0.30","10030","noise_0.30_seed_10030","ocag","494506","59040"
"me_at_the_zoo.in","multiplicative","0.30","10030","noise_0.30_seed_10030","ocag-ls","494506","59040"
"me_at_the_zoo.in","localized_shift","3x","10001","localized_3x_seed_10001","baseline","334094","53551"
"me_at_the_zoo.in","localized_shift","3x","10001","localized_3x_seed_10001","greedy","510614","53551"
"me_at_the_zoo.in","localized_shift","3x","10001","localized_3x_seed_10001","greedy-ls","510614","53551"
"me_at_the_zoo.in","localized_shift","3x","10001","localized_3x_seed_10001","ocag","510614","53551"
"me_at_the_zoo.in","localized_shift","3x","10001","localized_3x_seed_10001","ocag-ls","510614","53551"
"me_at_the_zoo.in","localized_shift","3x","10002","localized_3x_seed_10002","baseline","397887","60575"
"me_at_the_zoo.in","localized_shift","3x","10002","localized_3x_seed_10002","greedy","553938","60575"
"me_at_the_zoo.in","localized_shift","3x","10002","localized_3x_seed_10002","greedy-ls","553938","60575"
"me_at_the_zoo.in","localized_shift","3x","10002","localized_3x_seed_10002","ocag","553938","60575"
"me_at_the_zoo.in","localized_shift","3x","10002","localized_3x_seed_10002","ocag-ls","553938","60575"
"me_at_the_zoo.in","localized_shift","3x","10003","localized_3x_seed_10003","baseline","329160","53543"
"me_at_the_zoo.in","localized_shift","3x","10003","localized_3x_seed_10003","greedy","505706","53543"
"me_at_the_zoo.in","localized_shift","3x","10003","localized_3x_seed_10003","greedy-ls","505706","53543"
"me_at_the_zoo.in","localized_shift","3x","10003","localized_3x_seed_10003","ocag","505706","53543"
"me_at_the_zoo.in","localized_shift","3x","10003","localized_3x_seed_10003","ocag-ls","505706","53543"
"me_at_the_zoo.in","localized_shift","3x","10004","localized_3x_seed_10004","baseline","318097","58473"
"me_at_the_zoo.in","localized_shift","3x","10004","localized_3x_seed_10004","greedy","484180","58473"
"me_at_the_zoo.in","localized_shift","3x","10004","localized_3x_seed_10004","greedy-ls","484180","58473"
"me_at_the_zoo.in","localized_shift","3x","10004","localized_3x_seed_10004","ocag","484180","58473"
"me_at_the_zoo.in","localized_shift","3x","10004","localized_3x_seed_10004","ocag-ls","484180","58473"
"me_at_the_zoo.in","localized_shift","3x","10005","localized_3x_seed_10005","baseline","343589","55317"
"me_at_the_zoo.in","localized_shift","3x","10005","localized_3x_seed_10005","greedy","513776","55317"
"me_at_the_zoo.in","localized_shift","3x","10005","localized_3x_seed_10005","greedy-ls","513776","55317"
"me_at_the_zoo.in","localized_shift","3x","10005","localized_3x_seed_10005","ocag","513776","55317"
"me_at_the_zoo.in","localized_shift","3x","10005","localized_3x_seed_10005","ocag-ls","513776","55317"
"me_at_the_zoo.in","localized_shift","3x","10006","localized_3x_seed_10006","baseline","330493","53327"
"me_at_the_zoo.in","localized_shift","3x","10006","localized_3x_seed_10006","greedy","507754","53327"
"me_at_the_zoo.in","localized_shift","3x","10006","localized_3x_seed_10006","greedy-ls","507754","53327"
"me_at_the_zoo.in","localized_shift","3x","10006","localized_3x_seed_10006","ocag","507754","53327"
"me_at_the_zoo.in","localized_shift","3x","10006","localized_3x_seed_10006","ocag-ls","507754","53327"
"me_at_the_zoo.in","localized_shift","3x","10007","localized_3x_seed_10007","baseline","333969","55009"
"me_at_the_zoo.in","localized_shift","3x","10007","localized_3x_seed_10007","greedy","505810","55009"
"me_at_the_zoo.in","localized_shift","3x","10007","localized_3x_seed_10007","greedy-ls","505810","55009"
"me_at_the_zoo.in","localized_shift","3x","10007","localized_3x_seed_10007","ocag","505810","55009"
"me_at_the_zoo.in","localized_shift","3x","10007","localized_3x_seed_10007","ocag-ls","505810","55009"
"me_at_the_zoo.in","localized_shift","3x","10008","localized_3x_seed_10008","baseline","330592","53311"
"me_at_the_zoo.in","localized_shift","3x","10008","localized_3x_seed_10008","greedy","507906","53311"
"me_at_the_zoo.in","localized_shift","3x","10008","localized_3x_seed_10008","greedy-ls","507906","53311"
"me_at_the_zoo.in","localized_shift","3x","10008","localized_3x_seed_10008","ocag","507906","53311"
"me_at_the_zoo.in","localized_shift","3x","10008","localized_3x_seed_10008","ocag-ls","507906","53311"
"me_at_the_zoo.in","localized_shift","3x","10009","localized_3x_seed_10009","baseline","330057","55355"
"me_at_the_zoo.in","localized_shift","3x","10009","localized_3x_seed_10009","greedy","500824","55355"
"me_at_the_zoo.in","localized_shift","3x","10009","localized_3x_seed_10009","greedy-ls","500824","55355"
"me_at_the_zoo.in","localized_shift","3x","10009","localized_3x_seed_10009","ocag","500824","55355"
"me_at_the_zoo.in","localized_shift","3x","10009","localized_3x_seed_10009","ocag-ls","500824","55355"
"me_at_the_zoo.in","localized_shift","3x","10010","localized_3x_seed_10010","baseline","330592","53311"
"me_at_the_zoo.in","localized_shift","3x","10010","localized_3x_seed_10010","greedy","507906","53311"
"me_at_the_zoo.in","localized_shift","3x","10010","localized_3x_seed_10010","greedy-ls","507906","53311"
"me_at_the_zoo.in","localized_shift","3x","10010","localized_3x_seed_10010","ocag","507906","53311"
"me_at_the_zoo.in","localized_shift","3x","10010","localized_3x_seed_10010","ocag-ls","507906","53311"
"me_at_the_zoo.in","localized_shift","3x","10011","localized_3x_seed_10011","baseline","329160","53543"
"me_at_the_zoo.in","localized_shift","3x","10011","localized_3x_seed_10011","greedy","505706","53543"
"me_at_the_zoo.in","localized_shift","3x","10011","localized_3x_seed_10011","greedy-ls","505706","53543"
"me_at_the_zoo.in","localized_shift","3x","10011","localized_3x_seed_10011","ocag","505706","53543"
"me_at_the_zoo.in","localized_shift","3x","10011","localized_3x_seed_10011","ocag-ls","505706","53543"
"me_at_the_zoo.in","localized_shift","3x","10012","localized_3x_seed_10012","baseline","325451","56769"
"me_at_the_zoo.in","localized_shift","3x","10012","localized_3x_seed_10012","greedy","491964","56769"
"me_at_the_zoo.in","localized_shift","3x","10012","localized_3x_seed_10012","greedy-ls","491964","56769"
"me_at_the_zoo.in","localized_shift","3x","10012","localized_3x_seed_10012","ocag","491964","56769"
"me_at_the_zoo.in","localized_shift","3x","10012","localized_3x_seed_10012","ocag-ls","491964","56769"
"me_at_the_zoo.in","localized_shift","3x","10013","localized_3x_seed_10013","baseline","317136","55573"
"me_at_the_zoo.in","localized_shift","3x","10013","localized_3x_seed_10013","greedy","496978","55573"
"me_at_the_zoo.in","localized_shift","3x","10013","localized_3x_seed_10013","greedy-ls","496978","55573"
"me_at_the_zoo.in","localized_shift","3x","10013","localized_3x_seed_10013","ocag","496978","55573"
"me_at_the_zoo.in","localized_shift","3x","10013","localized_3x_seed_10013","ocag-ls","496978","55573"
"me_at_the_zoo.in","localized_shift","3x","10014","localized_3x_seed_10014","baseline","330592","53311"
"me_at_the_zoo.in","localized_shift","3x","10014","localized_3x_seed_10014","greedy","507906","53311"
"me_at_the_zoo.in","localized_shift","3x","10014","localized_3x_seed_10014","greedy-ls","507906","53311"
"me_at_the_zoo.in","localized_shift","3x","10014","localized_3x_seed_10014","ocag","507906","53311"
"me_at_the_zoo.in","localized_shift","3x","10014","localized_3x_seed_10014","ocag-ls","507906","53311"
"me_at_the_zoo.in","localized_shift","3x","10015","localized_3x_seed_10015","baseline","330592","53311"
"me_at_the_zoo.in","localized_shift","3x","10015","localized_3x_seed_10015","greedy","507906","53311"
"me_at_the_zoo.in","localized_shift","3x","10015","localized_3x_seed_10015","greedy-ls","507906","53311"
"me_at_the_zoo.in","localized_shift","3x","10015","localized_3x_seed_10015","ocag","507906","53311"
"me_at_the_zoo.in","localized_shift","3x","10015","localized_3x_seed_10015","ocag-ls","507906","53311"
"me_at_the_zoo.in","localized_shift","3x","10016","localized_3x_seed_10016","baseline","324338","54339"
"me_at_the_zoo.in","localized_shift","3x","10016","localized_3x_seed_10016","greedy","500561","54339"
"me_at_the_zoo.in","localized_shift","3x","10016","localized_3x_seed_10016","greedy-ls","500561","54339"
"me_at_the_zoo.in","localized_shift","3x","10016","localized_3x_seed_10016","ocag","500561","54339"
"me_at_the_zoo.in","localized_shift","3x","10016","localized_3x_seed_10016","ocag-ls","500561","54339"
"me_at_the_zoo.in","localized_shift","3x","10017","localized_3x_seed_10017","baseline","359107","55519"
"me_at_the_zoo.in","localized_shift","3x","10017","localized_3x_seed_10017","greedy","528683","55519"
"me_at_the_zoo.in","localized_shift","3x","10017","localized_3x_seed_10017","greedy-ls","528683","55519"
"me_at_the_zoo.in","localized_shift","3x","10017","localized_3x_seed_10017","ocag","528683","55519"
"me_at_the_zoo.in","localized_shift","3x","10017","localized_3x_seed_10017","ocag-ls","528683","55519"
"me_at_the_zoo.in","localized_shift","3x","10018","localized_3x_seed_10018","baseline","320655","57641"
"me_at_the_zoo.in","localized_shift","3x","10018","localized_3x_seed_10018","greedy","484453","57641"
"me_at_the_zoo.in","localized_shift","3x","10018","localized_3x_seed_10018","greedy-ls","484453","57641"
"me_at_the_zoo.in","localized_shift","3x","10018","localized_3x_seed_10018","ocag","484453","57641"
"me_at_the_zoo.in","localized_shift","3x","10018","localized_3x_seed_10018","ocag-ls","484453","57641"
"me_at_the_zoo.in","localized_shift","3x","10019","localized_3x_seed_10019","baseline","330592","53311"
"me_at_the_zoo.in","localized_shift","3x","10019","localized_3x_seed_10019","greedy","507906","53311"
"me_at_the_zoo.in","localized_shift","3x","10019","localized_3x_seed_10019","greedy-ls","507906","53311"
"me_at_the_zoo.in","localized_shift","3x","10019","localized_3x_seed_10019","ocag","507906","53311"
"me_at_the_zoo.in","localized_shift","3x","10019","localized_3x_seed_10019","ocag-ls","507906","53311"
"me_at_the_zoo.in","localized_shift","3x","10020","localized_3x_seed_10020","baseline","343433","55773"
"me_at_the_zoo.in","localized_shift","3x","10020","localized_3x_seed_10020","greedy","529232","55773"
"me_at_the_zoo.in","localized_shift","3x","10020","localized_3x_seed_10020","greedy-ls","529232","55773"
"me_at_the_zoo.in","localized_shift","3x","10020","localized_3x_seed_10020","ocag","529232","55773"
"me_at_the_zoo.in","localized_shift","3x","10020","localized_3x_seed_10020","ocag-ls","529232","55773"
"me_at_the_zoo.in","localized_shift","3x","10021","localized_3x_seed_10021","baseline","330592","53311"
"me_at_the_zoo.in","localized_shift","3x","10021","localized_3x_seed_10021","greedy","507906","53311"
"me_at_the_zoo.in","localized_shift","3x","10021","localized_3x_seed_10021","greedy-ls","507906","53311"
"me_at_the_zoo.in","localized_shift","3x","10021","localized_3x_seed_10021","ocag","507906","53311"
"me_at_the_zoo.in","localized_shift","3x","10021","localized_3x_seed_10021","ocag-ls","507906","53311"
"me_at_the_zoo.in","localized_shift","3x","10022","localized_3x_seed_10022","baseline","327168","53869"
"me_at_the_zoo.in","localized_shift","3x","10022","localized_3x_seed_10022","greedy","506550","53869"
"me_at_the_zoo.in","localized_shift","3x","10022","localized_3x_seed_10022","greedy-ls","506550","53869"
"me_at_the_zoo.in","localized_shift","3x","10022","localized_3x_seed_10022","ocag","506550","53869"
"me_at_the_zoo.in","localized_shift","3x","10022","localized_3x_seed_10022","ocag-ls","506550","53869"
"me_at_the_zoo.in","localized_shift","3x","10023","localized_3x_seed_10023","baseline","339441","56461"
"me_at_the_zoo.in","localized_shift","3x","10023","localized_3x_seed_10023","greedy","504943","56461"
"me_at_the_zoo.in","localized_shift","3x","10023","localized_3x_seed_10023","greedy-ls","504943","56461"
"me_at_the_zoo.in","localized_shift","3x","10023","localized_3x_seed_10023","ocag","504943","56461"
"me_at_the_zoo.in","localized_shift","3x","10023","localized_3x_seed_10023","ocag-ls","504943","56461"
"me_at_the_zoo.in","localized_shift","3x","10024","localized_3x_seed_10024","baseline","319482","55165"
"me_at_the_zoo.in","localized_shift","3x","10024","localized_3x_seed_10024","greedy","498163","55165"
"me_at_the_zoo.in","localized_shift","3x","10024","localized_3x_seed_10024","greedy-ls","498163","55165"
"me_at_the_zoo.in","localized_shift","3x","10024","localized_3x_seed_10024","ocag","498163","55165"
"me_at_the_zoo.in","localized_shift","3x","10024","localized_3x_seed_10024","ocag-ls","498163","55165"
"me_at_the_zoo.in","localized_shift","3x","10025","localized_3x_seed_10025","baseline","330592","53311"
"me_at_the_zoo.in","localized_shift","3x","10025","localized_3x_seed_10025","greedy","507906","53311"
"me_at_the_zoo.in","localized_shift","3x","10025","localized_3x_seed_10025","greedy-ls","507906","53311"
"me_at_the_zoo.in","localized_shift","3x","10025","localized_3x_seed_10025","ocag","507906","53311"
"me_at_the_zoo.in","localized_shift","3x","10025","localized_3x_seed_10025","ocag-ls","507906","53311"
"me_at_the_zoo.in","localized_shift","3x","10026","localized_3x_seed_10026","baseline","331569","58529"
"me_at_the_zoo.in","localized_shift","3x","10026","localized_3x_seed_10026","greedy","524356","58529"
"me_at_the_zoo.in","localized_shift","3x","10026","localized_3x_seed_10026","greedy-ls","524356","58529"
"me_at_the_zoo.in","localized_shift","3x","10026","localized_3x_seed_10026","ocag","524356","58529"
"me_at_the_zoo.in","localized_shift","3x","10026","localized_3x_seed_10026","ocag-ls","524356","58529"
"me_at_the_zoo.in","localized_shift","3x","10027","localized_3x_seed_10027","baseline","321999","59003"
"me_at_the_zoo.in","localized_shift","3x","10027","localized_3x_seed_10027","greedy","479741","59003"
"me_at_the_zoo.in","localized_shift","3x","10027","localized_3x_seed_10027","greedy-ls","479741","59003"
"me_at_the_zoo.in","localized_shift","3x","10027","localized_3x_seed_10027","ocag","479741","59003"
"me_at_the_zoo.in","localized_shift","3x","10027","localized_3x_seed_10027","ocag-ls","479741","59003"
"me_at_the_zoo.in","localized_shift","3x","10028","localized_3x_seed_10028","baseline","357965","55189"
"me_at_the_zoo.in","localized_shift","3x","10028","localized_3x_seed_10028","greedy","529245","55189"
"me_at_the_zoo.in","localized_shift","3x","10028","localized_3x_seed_10028","greedy-ls","529245","55189"
"me_at_the_zoo.in","localized_shift","3x","10028","localized_3x_seed_10028","ocag","529245","55189"
"me_at_the_zoo.in","localized_shift","3x","10028","localized_3x_seed_10028","ocag-ls","529245","55189"
"me_at_the_zoo.in","localized_shift","3x","10029","localized_3x_seed_10029","baseline","325346","54991"
"me_at_the_zoo.in","localized_shift","3x","10029","localized_3x_seed_10029","greedy","504968","54991"
"me_at_the_zoo.in","localized_shift","3x","10029","localized_3x_seed_10029","greedy-ls","504968","54991"
"me_at_the_zoo.in","localized_shift","3x","10029","localized_3x_seed_10029","ocag","504968","54991"
"me_at_the_zoo.in","localized_shift","3x","10029","localized_3x_seed_10029","ocag-ls","504968","54991"
"me_at_the_zoo.in","localized_shift","3x","10030","localized_3x_seed_10030","baseline","330592","53311"
"me_at_the_zoo.in","localized_shift","3x","10030","localized_3x_seed_10030","greedy","507906","53311"
"me_at_the_zoo.in","localized_shift","3x","10030","localized_3x_seed_10030","greedy-ls","507906","53311"
"me_at_the_zoo.in","localized_shift","3x","10030","localized_3x_seed_10030","ocag","507906","53311"
"me_at_the_zoo.in","localized_shift","3x","10030","localized_3x_seed_10030","ocag-ls","507906","53311"
"videos_worth_spreading.in","nominal","0","-1","nominal","baseline","464407","499686635"
"videos_worth_spreading.in","nominal","0","-1","nominal","greedy","608302","499686635"
"videos_worth_spreading.in","nominal","0","-1","nominal","greedy-ls","609221","499686635"
"videos_worth_spreading.in","nominal","0","-1","nominal","ocag","608329","499686635"
"videos_worth_spreading.in","nominal","0","-1","nominal","ocag-ls","609323","499686635"
"videos_worth_spreading.in","multiplicative","0.05","10001","noise_0.05_seed_10001","baseline","464624","499210585"
"videos_worth_spreading.in","multiplicative","0.05","10001","noise_0.05_seed_10001","greedy","608469","499210585"
"videos_worth_spreading.in","multiplicative","0.05","10001","noise_0.05_seed_10001","greedy-ls","609394","499210585"
"videos_worth_spreading.in","multiplicative","0.05","10001","noise_0.05_seed_10001","ocag","608506","499210585"
"videos_worth_spreading.in","multiplicative","0.05","10001","noise_0.05_seed_10001","ocag-ls","609493","499210585"
"videos_worth_spreading.in","multiplicative","0.05","10002","noise_0.05_seed_10002","baseline","465173","499827494"
"videos_worth_spreading.in","multiplicative","0.05","10002","noise_0.05_seed_10002","greedy","608806","499827494"
"videos_worth_spreading.in","multiplicative","0.05","10002","noise_0.05_seed_10002","greedy-ls","609724","499827494"
"videos_worth_spreading.in","multiplicative","0.05","10002","noise_0.05_seed_10002","ocag","608840","499827494"
"videos_worth_spreading.in","multiplicative","0.05","10002","noise_0.05_seed_10002","ocag-ls","609820","499827494"
"videos_worth_spreading.in","multiplicative","0.05","10003","noise_0.05_seed_10003","baseline","464853","499911971"
"videos_worth_spreading.in","multiplicative","0.05","10003","noise_0.05_seed_10003","greedy","608623","499911971"
"videos_worth_spreading.in","multiplicative","0.05","10003","noise_0.05_seed_10003","greedy-ls","609555","499911971"
"videos_worth_spreading.in","multiplicative","0.05","10003","noise_0.05_seed_10003","ocag","608643","499911971"
"videos_worth_spreading.in","multiplicative","0.05","10003","noise_0.05_seed_10003","ocag-ls","609653","499911971"
"videos_worth_spreading.in","multiplicative","0.05","10004","noise_0.05_seed_10004","baseline","463623","499861534"
"videos_worth_spreading.in","multiplicative","0.05","10004","noise_0.05_seed_10004","greedy","607508","499861534"
"videos_worth_spreading.in","multiplicative","0.05","10004","noise_0.05_seed_10004","greedy-ls","608426","499861534"
"videos_worth_spreading.in","multiplicative","0.05","10004","noise_0.05_seed_10004","ocag","607524","499861534"
"videos_worth_spreading.in","multiplicative","0.05","10004","noise_0.05_seed_10004","ocag-ls","608511","499861534"
"videos_worth_spreading.in","multiplicative","0.05","10005","noise_0.05_seed_10005","baseline","464234","498921535"
"videos_worth_spreading.in","multiplicative","0.05","10005","noise_0.05_seed_10005","greedy","608330","498921535"
"videos_worth_spreading.in","multiplicative","0.05","10005","noise_0.05_seed_10005","greedy-ls","609254","498921535"
"videos_worth_spreading.in","multiplicative","0.05","10005","noise_0.05_seed_10005","ocag","608379","498921535"
"videos_worth_spreading.in","multiplicative","0.05","10005","noise_0.05_seed_10005","ocag-ls","609360","498921535"
"videos_worth_spreading.in","multiplicative","0.05","10006","noise_0.05_seed_10006","baseline","462290","498973595"
"videos_worth_spreading.in","multiplicative","0.05","10006","noise_0.05_seed_10006","greedy","606504","498973595"
"videos_worth_spreading.in","multiplicative","0.05","10006","noise_0.05_seed_10006","greedy-ls","607431","498973595"
"videos_worth_spreading.in","multiplicative","0.05","10006","noise_0.05_seed_10006","ocag","606521","498973595"
"videos_worth_spreading.in","multiplicative","0.05","10006","noise_0.05_seed_10006","ocag-ls","607540","498973595"
"videos_worth_spreading.in","multiplicative","0.05","10007","noise_0.05_seed_10007","baseline","465910","500408869"
"videos_worth_spreading.in","multiplicative","0.05","10007","noise_0.05_seed_10007","greedy","609651","500408869"
"videos_worth_spreading.in","multiplicative","0.05","10007","noise_0.05_seed_10007","greedy-ls","610584","500408869"
"videos_worth_spreading.in","multiplicative","0.05","10007","noise_0.05_seed_10007","ocag","609681","500408869"
"videos_worth_spreading.in","multiplicative","0.05","10007","noise_0.05_seed_10007","ocag-ls","610654","500408869"
"videos_worth_spreading.in","multiplicative","0.05","10008","noise_0.05_seed_10008","baseline","464382","499402208"
"videos_worth_spreading.in","multiplicative","0.05","10008","noise_0.05_seed_10008","greedy","608258","499402208"
"videos_worth_spreading.in","multiplicative","0.05","10008","noise_0.05_seed_10008","greedy-ls","609199","499402208"
"videos_worth_spreading.in","multiplicative","0.05","10008","noise_0.05_seed_10008","ocag","608256","499402208"
"videos_worth_spreading.in","multiplicative","0.05","10008","noise_0.05_seed_10008","ocag-ls","609251","499402208"
"videos_worth_spreading.in","multiplicative","0.05","10009","noise_0.05_seed_10009","baseline","464435","499805719"
"videos_worth_spreading.in","multiplicative","0.05","10009","noise_0.05_seed_10009","greedy","608343","499805719"
"videos_worth_spreading.in","multiplicative","0.05","10009","noise_0.05_seed_10009","greedy-ls","609269","499805719"
"videos_worth_spreading.in","multiplicative","0.05","10009","noise_0.05_seed_10009","ocag","608356","499805719"
"videos_worth_spreading.in","multiplicative","0.05","10009","noise_0.05_seed_10009","ocag-ls","609338","499805719"
"videos_worth_spreading.in","multiplicative","0.05","10010","noise_0.05_seed_10010","baseline","464298","499399021"
"videos_worth_spreading.in","multiplicative","0.05","10010","noise_0.05_seed_10010","greedy","608372","499399021"
"videos_worth_spreading.in","multiplicative","0.05","10010","noise_0.05_seed_10010","greedy-ls","609294","499399021"
"videos_worth_spreading.in","multiplicative","0.05","10010","noise_0.05_seed_10010","ocag","608414","499399021"
"videos_worth_spreading.in","multiplicative","0.05","10010","noise_0.05_seed_10010","ocag-ls","609429","499399021"
"videos_worth_spreading.in","multiplicative","0.05","10011","noise_0.05_seed_10011","baseline","465307","499571904"
"videos_worth_spreading.in","multiplicative","0.05","10011","noise_0.05_seed_10011","greedy","609132","499571904"
"videos_worth_spreading.in","multiplicative","0.05","10011","noise_0.05_seed_10011","greedy-ls","610027","499571904"
"videos_worth_spreading.in","multiplicative","0.05","10011","noise_0.05_seed_10011","ocag","609162","499571904"
"videos_worth_spreading.in","multiplicative","0.05","10011","noise_0.05_seed_10011","ocag-ls","610141","499571904"
"videos_worth_spreading.in","multiplicative","0.05","10012","noise_0.05_seed_10012","baseline","465447","500199996"
"videos_worth_spreading.in","multiplicative","0.05","10012","noise_0.05_seed_10012","greedy","609320","500199996"
"videos_worth_spreading.in","multiplicative","0.05","10012","noise_0.05_seed_10012","greedy-ls","610232","500199996"
"videos_worth_spreading.in","multiplicative","0.05","10012","noise_0.05_seed_10012","ocag","609325","500199996"
"videos_worth_spreading.in","multiplicative","0.05","10012","noise_0.05_seed_10012","ocag-ls","610310","500199996"
"videos_worth_spreading.in","multiplicative","0.05","10013","noise_0.05_seed_10013","baseline","464904","499541132"
"videos_worth_spreading.in","multiplicative","0.05","10013","noise_0.05_seed_10013","greedy","608649","499541132"
"videos_worth_spreading.in","multiplicative","0.05","10013","noise_0.05_seed_10013","greedy-ls","609583","499541132"
"videos_worth_spreading.in","multiplicative","0.05","10013","noise_0.05_seed_10013","ocag","608703","499541132"
"videos_worth_spreading.in","multiplicative","0.05","10013","noise_0.05_seed_10013","ocag-ls","609705","499541132"
"videos_worth_spreading.in","multiplicative","0.05","10014","noise_0.05_seed_10014","baseline","463974","498866680"
"videos_worth_spreading.in","multiplicative","0.05","10014","noise_0.05_seed_10014","greedy","608224","498866680"
"videos_worth_spreading.in","multiplicative","0.05","10014","noise_0.05_seed_10014","greedy-ls","609129","498866680"
"videos_worth_spreading.in","multiplicative","0.05","10014","noise_0.05_seed_10014","ocag","608230","498866680"
"videos_worth_spreading.in","multiplicative","0.05","10014","noise_0.05_seed_10014","ocag-ls","609212","498866680"
"videos_worth_spreading.in","multiplicative","0.05","10015","noise_0.05_seed_10015","baseline","463501","498772530"
"videos_worth_spreading.in","multiplicative","0.05","10015","noise_0.05_seed_10015","greedy","607730","498772530"
"videos_worth_spreading.in","multiplicative","0.05","10015","noise_0.05_seed_10015","greedy-ls","608663","498772530"
"videos_worth_spreading.in","multiplicative","0.05","10015","noise_0.05_seed_10015","ocag","607752","498772530"
"videos_worth_spreading.in","multiplicative","0.05","10015","noise_0.05_seed_10015","ocag-ls","608766","498772530"
"videos_worth_spreading.in","multiplicative","0.05","10016","noise_0.05_seed_10016","baseline","464422","499514177"
"videos_worth_spreading.in","multiplicative","0.05","10016","noise_0.05_seed_10016","greedy","608378","499514177"
"videos_worth_spreading.in","multiplicative","0.05","10016","noise_0.05_seed_10016","greedy-ls","609292","499514177"
"videos_worth_spreading.in","multiplicative","0.05","10016","noise_0.05_seed_10016","ocag","608401","499514177"
"videos_worth_spreading.in","multiplicative","0.05","10016","noise_0.05_seed_10016","ocag-ls","609397","499514177"
"videos_worth_spreading.in","multiplicative","0.05","10017","noise_0.05_seed_10017","baseline","463804","499578427"
"videos_worth_spreading.in","multiplicative","0.05","10017","noise_0.05_seed_10017","greedy","607711","499578427"
"videos_worth_spreading.in","multiplicative","0.05","10017","noise_0.05_seed_10017","greedy-ls","608623","499578427"
"videos_worth_spreading.in","multiplicative","0.05","10017","noise_0.05_seed_10017","ocag","607702","499578427"
"videos_worth_spreading.in","multiplicative","0.05","10017","noise_0.05_seed_10017","ocag-ls","608689","499578427"
"videos_worth_spreading.in","multiplicative","0.05","10018","noise_0.05_seed_10018","baseline","462869","498817385"
"videos_worth_spreading.in","multiplicative","0.05","10018","noise_0.05_seed_10018","greedy","607199","498817385"
"videos_worth_spreading.in","multiplicative","0.05","10018","noise_0.05_seed_10018","greedy-ls","608112","498817385"
"videos_worth_spreading.in","multiplicative","0.05","10018","noise_0.05_seed_10018","ocag","607221","498817385"
"videos_worth_spreading.in","multiplicative","0.05","10018","noise_0.05_seed_10018","ocag-ls","608202","498817385"
"videos_worth_spreading.in","multiplicative","0.05","10019","noise_0.05_seed_10019","baseline","464537","499824415"
"videos_worth_spreading.in","multiplicative","0.05","10019","noise_0.05_seed_10019","greedy","608380","499824415"
"videos_worth_spreading.in","multiplicative","0.05","10019","noise_0.05_seed_10019","greedy-ls","609332","499824415"
"videos_worth_spreading.in","multiplicative","0.05","10019","noise_0.05_seed_10019","ocag","608396","499824415"
"videos_worth_spreading.in","multiplicative","0.05","10019","noise_0.05_seed_10019","ocag-ls","609400","499824415"
"videos_worth_spreading.in","multiplicative","0.05","10020","noise_0.05_seed_10020","baseline","464314","499621519"
"videos_worth_spreading.in","multiplicative","0.05","10020","noise_0.05_seed_10020","greedy","607992","499621519"
"videos_worth_spreading.in","multiplicative","0.05","10020","noise_0.05_seed_10020","greedy-ls","608893","499621519"
"videos_worth_spreading.in","multiplicative","0.05","10020","noise_0.05_seed_10020","ocag","608027","499621519"
"videos_worth_spreading.in","multiplicative","0.05","10020","noise_0.05_seed_10020","ocag-ls","609038","499621519"
"videos_worth_spreading.in","multiplicative","0.05","10021","noise_0.05_seed_10021","baseline","464603","499235621"
"videos_worth_spreading.in","multiplicative","0.05","10021","noise_0.05_seed_10021","greedy","608737","499235621"
"videos_worth_spreading.in","multiplicative","0.05","10021","noise_0.05_seed_10021","greedy-ls","609645","499235621"
"videos_worth_spreading.in","multiplicative","0.05","10021","noise_0.05_seed_10021","ocag","608762","499235621"
"videos_worth_spreading.in","multiplicative","0.05","10021","noise_0.05_seed_10021","ocag-ls","609757","499235621"
"videos_worth_spreading.in","multiplicative","0.05","10022","noise_0.05_seed_10022","baseline","465369","500251291"
"videos_worth_spreading.in","multiplicative","0.05","10022","noise_0.05_seed_10022","greedy","609205","500251291"
"videos_worth_spreading.in","multiplicative","0.05","10022","noise_0.05_seed_10022","greedy-ls","610074","500251291"
"videos_worth_spreading.in","multiplicative","0.05","10022","noise_0.05_seed_10022","ocag","609213","500251291"
"videos_worth_spreading.in","multiplicative","0.05","10022","noise_0.05_seed_10022","ocag-ls","610189","500251291"
"videos_worth_spreading.in","multiplicative","0.05","10023","noise_0.05_seed_10023","baseline","464312","499864310"
"videos_worth_spreading.in","multiplicative","0.05","10023","noise_0.05_seed_10023","greedy","608186","499864310"
"videos_worth_spreading.in","multiplicative","0.05","10023","noise_0.05_seed_10023","greedy-ls","609113","499864310"
"videos_worth_spreading.in","multiplicative","0.05","10023","noise_0.05_seed_10023","ocag","608206","499864310"
"videos_worth_spreading.in","multiplicative","0.05","10023","noise_0.05_seed_10023","ocag-ls","609193","499864310"
"videos_worth_spreading.in","multiplicative","0.05","10024","noise_0.05_seed_10024","baseline","465257","499983531"
"videos_worth_spreading.in","multiplicative","0.05","10024","noise_0.05_seed_10024","greedy","609164","499983531"
"videos_worth_spreading.in","multiplicative","0.05","10024","noise_0.05_seed_10024","greedy-ls","610080","499983531"
"videos_worth_spreading.in","multiplicative","0.05","10024","noise_0.05_seed_10024","ocag","609178","499983531"
"videos_worth_spreading.in","multiplicative","0.05","10024","noise_0.05_seed_10024","ocag-ls","610171","499983531"
"videos_worth_spreading.in","multiplicative","0.05","10025","noise_0.05_seed_10025","baseline","464331","499649654"
"videos_worth_spreading.in","multiplicative","0.05","10025","noise_0.05_seed_10025","greedy","608312","499649654"
"videos_worth_spreading.in","multiplicative","0.05","10025","noise_0.05_seed_10025","greedy-ls","609217","499649654"
"videos_worth_spreading.in","multiplicative","0.05","10025","noise_0.05_seed_10025","ocag","608322","499649654"
"videos_worth_spreading.in","multiplicative","0.05","10025","noise_0.05_seed_10025","ocag-ls","609291","499649654"
"videos_worth_spreading.in","multiplicative","0.05","10026","noise_0.05_seed_10026","baseline","465199","500327587"
"videos_worth_spreading.in","multiplicative","0.05","10026","noise_0.05_seed_10026","greedy","608974","500327587"
"videos_worth_spreading.in","multiplicative","0.05","10026","noise_0.05_seed_10026","greedy-ls","609901","500327587"
"videos_worth_spreading.in","multiplicative","0.05","10026","noise_0.05_seed_10026","ocag","608979","500327587"
"videos_worth_spreading.in","multiplicative","0.05","10026","noise_0.05_seed_10026","ocag-ls","609958","500327587"
"videos_worth_spreading.in","multiplicative","0.05","10027","noise_0.05_seed_10027","baseline","463120","498926344"
"videos_worth_spreading.in","multiplicative","0.05","10027","noise_0.05_seed_10027","greedy","607400","498926344"
"videos_worth_spreading.in","multiplicative","0.05","10027","noise_0.05_seed_10027","greedy-ls","608298","498926344"
"videos_worth_spreading.in","multiplicative","0.05","10027","noise_0.05_seed_10027","ocag","607425","498926344"
"videos_worth_spreading.in","multiplicative","0.05","10027","noise_0.05_seed_10027","ocag-ls","608388","498926344"
"videos_worth_spreading.in","multiplicative","0.05","10028","noise_0.05_seed_10028","baseline","464808","500001154"
"videos_worth_spreading.in","multiplicative","0.05","10028","noise_0.05_seed_10028","greedy","608582","500001154"
"videos_worth_spreading.in","multiplicative","0.05","10028","noise_0.05_seed_10028","greedy-ls","609487","500001154"
"videos_worth_spreading.in","multiplicative","0.05","10028","noise_0.05_seed_10028","ocag","608619","500001154"
"videos_worth_spreading.in","multiplicative","0.05","10028","noise_0.05_seed_10028","ocag-ls","609594","500001154"
"videos_worth_spreading.in","multiplicative","0.05","10029","noise_0.05_seed_10029","baseline","464718","500095483"
"videos_worth_spreading.in","multiplicative","0.05","10029","noise_0.05_seed_10029","greedy","608696","500095483"
"videos_worth_spreading.in","multiplicative","0.05","10029","noise_0.05_seed_10029","greedy-ls","609606","500095483"
"videos_worth_spreading.in","multiplicative","0.05","10029","noise_0.05_seed_10029","ocag","608737","500095483"
"videos_worth_spreading.in","multiplicative","0.05","10029","noise_0.05_seed_10029","ocag-ls","609734","500095483"
"videos_worth_spreading.in","multiplicative","0.05","10030","noise_0.05_seed_10030","baseline","464617","499531859"
"videos_worth_spreading.in","multiplicative","0.05","10030","noise_0.05_seed_10030","greedy","608591","499531859"
"videos_worth_spreading.in","multiplicative","0.05","10030","noise_0.05_seed_10030","greedy-ls","609517","499531859"
"videos_worth_spreading.in","multiplicative","0.05","10030","noise_0.05_seed_10030","ocag","608606","499531859"
"videos_worth_spreading.in","multiplicative","0.05","10030","noise_0.05_seed_10030","ocag-ls","609609","499531859"
"videos_worth_spreading.in","multiplicative","0.10","10001","noise_0.10_seed_10001","baseline","464842","498734577"
"videos_worth_spreading.in","multiplicative","0.10","10001","noise_0.10_seed_10001","greedy","608636","498734577"
"videos_worth_spreading.in","multiplicative","0.10","10001","noise_0.10_seed_10001","greedy-ls","609569","498734577"
"videos_worth_spreading.in","multiplicative","0.10","10001","noise_0.10_seed_10001","ocag","608684","498734577"
"videos_worth_spreading.in","multiplicative","0.10","10001","noise_0.10_seed_10001","ocag-ls","609664","498734577"
"videos_worth_spreading.in","multiplicative","0.10","10002","noise_0.10_seed_10002","baseline","465938","499968499"
"videos_worth_spreading.in","multiplicative","0.10","10002","noise_0.10_seed_10002","greedy","609309","499968499"
"videos_worth_spreading.in","multiplicative","0.10","10002","noise_0.10_seed_10002","greedy-ls","610228","499968499"
"videos_worth_spreading.in","multiplicative","0.10","10002","noise_0.10_seed_10002","ocag","609352","499968499"
"videos_worth_spreading.in","multiplicative","0.10","10002","noise_0.10_seed_10002","ocag-ls","610317","499968499"
"videos_worth_spreading.in","multiplicative","0.10","10003","noise_0.10_seed_10003","baseline","465299","500137115"
"videos_worth_spreading.in","multiplicative","0.10","10003","noise_0.10_seed_10003","greedy","608944","500137115"
"videos_worth_spreading.in","multiplicative","0.10","10003","noise_0.10_seed_10003","greedy-ls","609889","500137115"
"videos_worth_spreading.in","multiplicative","0.10","10003","noise_0.10_seed_10003","ocag","608957","500137115"
"videos_worth_spreading.in","multiplicative","0.10","10003","noise_0.10_seed_10003","ocag-ls","609984","500137115"
"videos_worth_spreading.in","multiplicative","0.10","10004","noise_0.10_seed_10004","baseline","462839","500036455"
"videos_worth_spreading.in","multiplicative","0.10","10004","noise_0.10_seed_10004","greedy","606713","500036455"
"videos_worth_spreading.in","multiplicative","0.10","10004","noise_0.10_seed_10004","greedy-ls","607632","500036455"
"videos_worth_spreading.in","multiplicative","0.10","10004","noise_0.10_seed_10004","ocag","606719","500036455"
"videos_worth_spreading.in","multiplicative","0.10","10004","noise_0.10_seed_10004","ocag-ls","607699","500036455"
"videos_worth_spreading.in","multiplicative","0.10","10005","noise_0.10_seed_10005","baseline","464060","498156634"
"videos_worth_spreading.in","multiplicative","0.10","10005","noise_0.10_seed_10005","greedy","608358","498156634"
"videos_worth_spreading.in","multiplicative","0.10","10005","noise_0.10_seed_10005","greedy-ls","609287","498156634"
"videos_worth_spreading.in","multiplicative","0.10","10005","noise_0.10_seed_10005","ocag","608430","498156634"
"videos_worth_spreading.in","multiplicative","0.10","10005","noise_0.10_seed_10005","ocag-ls","609397","498156634"
"videos_worth_spreading.in","multiplicative","0.10","10006","noise_0.10_seed_10006","baseline","460168","498260755"
"videos_worth_spreading.in","multiplicative","0.10","10006","noise_0.10_seed_10006","greedy","604700","498260755"
"videos_worth_spreading.in","multiplicative","0.10","10006","noise_0.10_seed_10006","greedy-ls","605637","498260755"
"videos_worth_spreading.in","multiplicative","0.10","10006","noise_0.10_seed_10006","ocag","604708","498260755"
"videos_worth_spreading.in","multiplicative","0.10","10006","noise_0.10_seed_10006","ocag-ls","605751","498260755"
"videos_worth_spreading.in","multiplicative","0.10","10007","noise_0.10_seed_10007","baseline","467408","501131170"
"videos_worth_spreading.in","multiplicative","0.10","10007","noise_0.10_seed_10007","greedy","610995","501131170"
"videos_worth_spreading.in","multiplicative","0.10","10007","noise_0.10_seed_10007","greedy-ls","611943","501131170"
"videos_worth_spreading.in","multiplicative","0.10","10007","noise_0.10_seed_10007","ocag","611028","501131170"
"videos_worth_spreading.in","multiplicative","0.10","10007","noise_0.10_seed_10007","ocag-ls","611982","501131170"
"videos_worth_spreading.in","multiplicative","0.10","10008","noise_0.10_seed_10008","baseline","464358","499117860"
"videos_worth_spreading.in","multiplicative","0.10","10008","noise_0.10_seed_10008","greedy","608214","499117860"
"videos_worth_spreading.in","multiplicative","0.10","10008","noise_0.10_seed_10008","greedy-ls","609177","499117860"
"videos_worth_spreading.in","multiplicative","0.10","10008","noise_0.10_seed_10008","ocag","608184","499117860"
"videos_worth_spreading.in","multiplicative","0.10","10008","noise_0.10_seed_10008","ocag-ls","609179","499117860"
"videos_worth_spreading.in","multiplicative","0.10","10009","noise_0.10_seed_10009","baseline","464463","499924804"
"videos_worth_spreading.in","multiplicative","0.10","10009","noise_0.10_seed_10009","greedy","608384","499924804"
"videos_worth_spreading.in","multiplicative","0.10","10009","noise_0.10_seed_10009","greedy-ls","609317","499924804"
"videos_worth_spreading.in","multiplicative","0.10","10009","noise_0.10_seed_10009","ocag","608384","499924804"
"videos_worth_spreading.in","multiplicative","0.10","10009","noise_0.10_seed_10009","ocag-ls","609352","499924804"
"videos_worth_spreading.in","multiplicative","0.10","10010","noise_0.10_seed_10010","baseline","464188","499111390"
"videos_worth_spreading.in","multiplicative","0.10","10010","noise_0.10_seed_10010","greedy","608442","499111390"
"videos_worth_spreading.in","multiplicative","0.10","10010","noise_0.10_seed_10010","greedy-ls","609368","499111390"
"videos_worth_spreading.in","multiplicative","0.10","10010","noise_0.10_seed_10010","ocag","608500","499111390"
"videos_worth_spreading.in","multiplicative","0.10","10010","noise_0.10_seed_10010","ocag-ls","609536","499111390"
"videos_worth_spreading.in","multiplicative","0.10","10011","noise_0.10_seed_10011","baseline","466208","499457202"
"videos_worth_spreading.in","multiplicative","0.10","10011","noise_0.10_seed_10011","greedy","609962","499457202"
"videos_worth_spreading.in","multiplicative","0.10","10011","noise_0.10_seed_10011","greedy-ls","610834","499457202"
"videos_worth_spreading.in","multiplicative","0.10","10011","noise_0.10_seed_10011","ocag","609995","499457202"
"videos_worth_spreading.in","multiplicative","0.10","10011","noise_0.10_seed_10011","ocag-ls","610960","499457202"
"videos_worth_spreading.in","multiplicative","0.10","10012","noise_0.10_seed_10012","baseline","466485","500713516"
"videos_worth_spreading.in","multiplicative","0.10","10012","noise_0.10_seed_10012","greedy","610336","500713516"
"videos_worth_spreading.in","multiplicative","0.10","10012","noise_0.10_seed_10012","greedy-ls","611241","500713516"
"videos_worth_spreading.in","multiplicative","0.10","10012","noise_0.10_seed_10012","ocag","610319","500713516"
"videos_worth_spreading.in","multiplicative","0.10","10012","noise_0.10_seed_10012","ocag-ls","611295","500713516"
"videos_worth_spreading.in","multiplicative","0.10","10013","noise_0.10_seed_10013","baseline","465402","499395648"
"videos_worth_spreading.in","multiplicative","0.10","10013","noise_0.10_seed_10013","greedy","608996","499395648"
"videos_worth_spreading.in","multiplicative","0.10","10013","noise_0.10_seed_10013","greedy-ls","609947","499395648"
"videos_worth_spreading.in","multiplicative","0.10","10013","noise_0.10_seed_10013","ocag","609077","499395648"
"videos_worth_spreading.in","multiplicative","0.10","10013","noise_0.10_seed_10013","ocag-ls","610088","499395648"
"videos_worth_spreading.in","multiplicative","0.10","10014","noise_0.10_seed_10014","baseline","463539","498046653"
"videos_worth_spreading.in","multiplicative","0.10","10014","noise_0.10_seed_10014","greedy","608146","498046653"
"videos_worth_spreading.in","multiplicative","0.10","10014","noise_0.10_seed_10014","greedy-ls","609038","498046653"
"videos_worth_spreading.in","multiplicative","0.10","10014","noise_0.10_seed_10014","ocag","608131","498046653"
"videos_worth_spreading.in","multiplicative","0.10","10014","noise_0.10_seed_10014","ocag-ls","609100","498046653"
"videos_worth_spreading.in","multiplicative","0.10","10015","noise_0.10_seed_10015","baseline","462592","497858172"
"videos_worth_spreading.in","multiplicative","0.10","10015","noise_0.10_seed_10015","greedy","607156","497858172"
"videos_worth_spreading.in","multiplicative","0.10","10015","noise_0.10_seed_10015","greedy-ls","608104","497858172"
"videos_worth_spreading.in","multiplicative","0.10","10015","noise_0.10_seed_10015","ocag","607173","497858172"
"videos_worth_spreading.in","multiplicative","0.10","10015","noise_0.10_seed_10015","ocag-ls","608208","497858172"
"videos_worth_spreading.in","multiplicative","0.10","10016","noise_0.10_seed_10016","baseline","464436","499341716"
"videos_worth_spreading.in","multiplicative","0.10","10016","noise_0.10_seed_10016","greedy","608454","499341716"
"videos_worth_spreading.in","multiplicative","0.10","10016","noise_0.10_seed_10016","greedy-ls","609364","499341716"
"videos_worth_spreading.in","multiplicative","0.10","10016","noise_0.10_seed_10016","ocag","608473","499341716"
"videos_worth_spreading.in","multiplicative","0.10","10016","noise_0.10_seed_10016","ocag-ls","609471","499341716"
"videos_worth_spreading.in","multiplicative","0.10","10017","noise_0.10_seed_10017","baseline","463201","499470079"
"videos_worth_spreading.in","multiplicative","0.10","10017","noise_0.10_seed_10017","greedy","607119","499470079"
"videos_worth_spreading.in","multiplicative","0.10","10017","noise_0.10_seed_10017","greedy-ls","608026","499470079"
"videos_worth_spreading.in","multiplicative","0.10","10017","noise_0.10_seed_10017","ocag","607075","499470079"
"videos_worth_spreading.in","multiplicative","0.10","10017","noise_0.10_seed_10017","ocag-ls","608055","499470079"
"videos_worth_spreading.in","multiplicative","0.10","10018","noise_0.10_seed_10018","baseline","461325","497948293"
"videos_worth_spreading.in","multiplicative","0.10","10018","noise_0.10_seed_10018","greedy","606091","497948293"
"videos_worth_spreading.in","multiplicative","0.10","10018","noise_0.10_seed_10018","greedy-ls","607000","497948293"
"videos_worth_spreading.in","multiplicative","0.10","10018","noise_0.10_seed_10018","ocag","606108","497948293"
"videos_worth_spreading.in","multiplicative","0.10","10018","noise_0.10_seed_10018","ocag-ls","607077","497948293"
"videos_worth_spreading.in","multiplicative","0.10","10019","noise_0.10_seed_10019","baseline","464668","499962267"
"videos_worth_spreading.in","multiplicative","0.10","10019","noise_0.10_seed_10019","greedy","608458","499962267"
"videos_worth_spreading.in","multiplicative","0.10","10019","noise_0.10_seed_10019","greedy-ls","609444","499962267"
"videos_worth_spreading.in","multiplicative","0.10","10019","noise_0.10_seed_10019","ocag","608464","499962267"
"videos_worth_spreading.in","multiplicative","0.10","10019","noise_0.10_seed_10019","ocag-ls","609477","499962267"
"videos_worth_spreading.in","multiplicative","0.10","10020","noise_0.10_seed_10020","baseline","464220","499556461"
"videos_worth_spreading.in","multiplicative","0.10","10020","noise_0.10_seed_10020","greedy","607682","499556461"
"videos_worth_spreading.in","multiplicative","0.10","10020","noise_0.10_seed_10020","greedy-ls","608566","499556461"
"videos_worth_spreading.in","multiplicative","0.10","10020","noise_0.10_seed_10020","ocag","607724","499556461"
"videos_worth_spreading.in","multiplicative","0.10","10020","noise_0.10_seed_10020","ocag-ls","608753","499556461"
"videos_worth_spreading.in","multiplicative","0.10","10021","noise_0.10_seed_10021","baseline","464799","498784593"
"videos_worth_spreading.in","multiplicative","0.10","10021","noise_0.10_seed_10021","greedy","609172","498784593"
"videos_worth_spreading.in","multiplicative","0.10","10021","noise_0.10_seed_10021","greedy-ls","610069","498784593"
"videos_worth_spreading.in","multiplicative","0.10","10021","noise_0.10_seed_10021","ocag","609196","498784593"
"videos_worth_spreading.in","multiplicative","0.10","10021","noise_0.10_seed_10021","ocag-ls","610191","498784593"
"videos_worth_spreading.in","multiplicative","0.10","10022","noise_0.10_seed_10022","baseline","466329","500816126"
"videos_worth_spreading.in","multiplicative","0.10","10022","noise_0.10_seed_10022","greedy","610106","500816126"
"videos_worth_spreading.in","multiplicative","0.10","10022","noise_0.10_seed_10022","greedy-ls","610926","500816126"
"videos_worth_spreading.in","multiplicative","0.10","10022","noise_0.10_seed_10022","ocag","610095","500816126"
"videos_worth_spreading.in","multiplicative","0.10","10022","noise_0.10_seed_10022","ocag-ls","611053","500816126"
"videos_worth_spreading.in","multiplicative","0.10","10023","noise_0.10_seed_10023","baseline","464217","500042063"
"videos_worth_spreading.in","multiplicative","0.10","10023","noise_0.10_seed_10023","greedy","608070","500042063"
"videos_worth_spreading.in","multiplicative","0.10","10023","noise_0.10_seed_10023","greedy-ls","609005","500042063"
"videos_worth_spreading.in","multiplicative","0.10","10023","noise_0.10_seed_10023","ocag","608083","500042063"
"videos_worth_spreading.in","multiplicative","0.10","10023","noise_0.10_seed_10023","ocag-ls","609062","500042063"
"videos_worth_spreading.in","multiplicative","0.10","10024","noise_0.10_seed_10024","baseline","466107","500280500"
"videos_worth_spreading.in","multiplicative","0.10","10024","noise_0.10_seed_10024","greedy","610025","500280500"
"videos_worth_spreading.in","multiplicative","0.10","10024","noise_0.10_seed_10024","greedy-ls","610939","500280500"
"videos_worth_spreading.in","multiplicative","0.10","10024","noise_0.10_seed_10024","ocag","610027","500280500"
"videos_worth_spreading.in","multiplicative","0.10","10024","noise_0.10_seed_10024","ocag-ls","611017","500280500"
"videos_worth_spreading.in","multiplicative","0.10","10025","noise_0.10_seed_10025","baseline","464255","499612734"
"videos_worth_spreading.in","multiplicative","0.10","10025","noise_0.10_seed_10025","greedy","608321","499612734"
"videos_worth_spreading.in","multiplicative","0.10","10025","noise_0.10_seed_10025","greedy-ls","609213","499612734"
"videos_worth_spreading.in","multiplicative","0.10","10025","noise_0.10_seed_10025","ocag","608316","499612734"
"videos_worth_spreading.in","multiplicative","0.10","10025","noise_0.10_seed_10025","ocag-ls","609258","499612734"
"videos_worth_spreading.in","multiplicative","0.10","10026","noise_0.10_seed_10026","baseline","465989","500968786"
"videos_worth_spreading.in","multiplicative","0.10","10026","noise_0.10_seed_10026","greedy","609643","500968786"
"videos_worth_spreading.in","multiplicative","0.10","10026","noise_0.10_seed_10026","greedy-ls","610579","500968786"
"videos_worth_spreading.in","multiplicative","0.10","10026","noise_0.10_seed_10026","ocag","609626","500968786"
"videos_worth_spreading.in","multiplicative","0.10","10026","noise_0.10_seed_10026","ocag-ls","610591","500968786"
"videos_worth_spreading.in","multiplicative","0.10","10027","noise_0.10_seed_10027","baseline","461829","498165995"
"videos_worth_spreading.in","multiplicative","0.10","10027","noise_0.10_seed_10027","greedy","606495","498165995"
"videos_worth_spreading.in","multiplicative","0.10","10027","noise_0.10_seed_10027","greedy-ls","607373","498165995"
"videos_worth_spreading.in","multiplicative","0.10","10027","noise_0.10_seed_10027","ocag","606518","498165995"
"videos_worth_spreading.in","multiplicative","0.10","10027","noise_0.10_seed_10027","ocag-ls","607450","498165995"
"videos_worth_spreading.in","multiplicative","0.10","10028","noise_0.10_seed_10028","baseline","465208","500315461"
"videos_worth_spreading.in","multiplicative","0.10","10028","noise_0.10_seed_10028","greedy","608862","500315461"
"videos_worth_spreading.in","multiplicative","0.10","10028","noise_0.10_seed_10028","greedy-ls","609754","500315461"
"videos_worth_spreading.in","multiplicative","0.10","10028","noise_0.10_seed_10028","ocag","608910","500315461"
"videos_worth_spreading.in","multiplicative","0.10","10028","noise_0.10_seed_10028","ocag-ls","609864","500315461"
"videos_worth_spreading.in","multiplicative","0.10","10029","noise_0.10_seed_10029","baseline","465028","500504458"
"videos_worth_spreading.in","multiplicative","0.10","10029","noise_0.10_seed_10029","greedy","609089","500504458"
"videos_worth_spreading.in","multiplicative","0.10","10029","noise_0.10_seed_10029","greedy-ls","609992","500504458"
"videos_worth_spreading.in","multiplicative","0.10","10029","noise_0.10_seed_10029","ocag","609144","500504458"
"videos_worth_spreading.in","multiplicative","0.10","10029","noise_0.10_seed_10029","ocag-ls","610145","500504458"
"videos_worth_spreading.in","multiplicative","0.10","10030","noise_0.10_seed_10030","baseline","464827","499377160"
"videos_worth_spreading.in","multiplicative","0.10","10030","noise_0.10_seed_10030","greedy","608880","499377160"
"videos_worth_spreading.in","multiplicative","0.10","10030","noise_0.10_seed_10030","greedy-ls","609814","499377160"
"videos_worth_spreading.in","multiplicative","0.10","10030","noise_0.10_seed_10030","ocag","608883","499377160"
"videos_worth_spreading.in","multiplicative","0.10","10030","noise_0.10_seed_10030","ocag-ls","609896","499377160"
"videos_worth_spreading.in","multiplicative","0.20","10001","noise_0.20_seed_10001","baseline","465278","497782543"
"videos_worth_spreading.in","multiplicative","0.20","10001","noise_0.20_seed_10001","greedy","608972","497782543"
"videos_worth_spreading.in","multiplicative","0.20","10001","noise_0.20_seed_10001","greedy-ls","609918","497782543"
"videos_worth_spreading.in","multiplicative","0.20","10001","noise_0.20_seed_10001","ocag","609040","497782543"
"videos_worth_spreading.in","multiplicative","0.20","10001","noise_0.20_seed_10001","ocag-ls","610006","497782543"
"videos_worth_spreading.in","multiplicative","0.20","10002","noise_0.20_seed_10002","baseline","467467","500250017"
"videos_worth_spreading.in","multiplicative","0.20","10002","noise_0.20_seed_10002","greedy","610315","500250017"
"videos_worth_spreading.in","multiplicative","0.20","10002","noise_0.20_seed_10002","greedy-ls","611234","500250017"
"videos_worth_spreading.in","multiplicative","0.20","10002","noise_0.20_seed_10002","ocag","610373","500250017"
"videos_worth_spreading.in","multiplicative","0.20","10002","noise_0.20_seed_10002","ocag-ls","611311","500250017"
"videos_worth_spreading.in","multiplicative","0.20","10003","noise_0.20_seed_10003","baseline","466190","500587396"
"videos_worth_spreading.in","multiplicative","0.20","10003","noise_0.20_seed_10003","greedy","609584","500587396"
"videos_worth_spreading.in","multiplicative","0.20","10003","noise_0.20_seed_10003","greedy-ls","610556","500587396"
"videos_worth_spreading.in","multiplicative","0.20","10003","noise_0.20_seed_10003","ocag","609583","500587396"
"videos_worth_spreading.in","multiplicative","0.20","10003","noise_0.20_seed_10003","ocag-ls","610643","500587396"
"videos_worth_spreading.in","multiplicative","0.20","10004","noise_0.20_seed_10004","baseline","461273","500386331"
"videos_worth_spreading.in","multiplicative","0.20","10004","noise_0.20_seed_10004","greedy","605126","500386331"
"videos_worth_spreading.in","multiplicative","0.20","10004","noise_0.20_seed_10004","greedy-ls","606046","500386331"
"videos_worth_spreading.in","multiplicative","0.20","10004","noise_0.20_seed_10004","ocag","605111","500386331"
"videos_worth_spreading.in","multiplicative","0.20","10004","noise_0.20_seed_10004","ocag-ls","606077","500386331"
"videos_worth_spreading.in","multiplicative","0.20","10005","noise_0.20_seed_10005","baseline","463711","496626712"
"videos_worth_spreading.in","multiplicative","0.20","10005","noise_0.20_seed_10005","greedy","608413","496626712"
"videos_worth_spreading.in","multiplicative","0.20","10005","noise_0.20_seed_10005","greedy-ls","609354","496626712"
"videos_worth_spreading.in","multiplicative","0.20","10005","noise_0.20_seed_10005","ocag","608531","496626712"
"videos_worth_spreading.in","multiplicative","0.20","10005","noise_0.20_seed_10005","ocag-ls","609471","496626712"
"videos_worth_spreading.in","multiplicative","0.20","10006","noise_0.20_seed_10006","baseline","455904","496834904"
"videos_worth_spreading.in","multiplicative","0.20","10006","noise_0.20_seed_10006","greedy","601077","496834904"
"videos_worth_spreading.in","multiplicative","0.20","10006","noise_0.20_seed_10006","greedy-ls","602033","496834904"
"videos_worth_spreading.in","multiplicative","0.20","10006","noise_0.20_seed_10006","ocag","601066","496834904"
"videos_worth_spreading.in","multiplicative","0.20","10006","noise_0.20_seed_10006","ocag-ls","602158","496834904"
"videos_worth_spreading.in","multiplicative","0.20","10007","noise_0.20_seed_10007","baseline","470391","502575854"
"videos_worth_spreading.in","multiplicative","0.20","10007","noise_0.20_seed_10007","greedy","613672","502575854"
"videos_worth_spreading.in","multiplicative","0.20","10007","noise_0.20_seed_10007","greedy-ls","614649","502575854"
"videos_worth_spreading.in","multiplicative","0.20","10007","noise_0.20_seed_10007","ocag","613712","502575854"
"videos_worth_spreading.in","multiplicative","0.20","10007","noise_0.20_seed_10007","ocag-ls","614625","502575854"
"videos_worth_spreading.in","multiplicative","0.20","10008","noise_0.20_seed_10008","baseline","464308","498549056"
"videos_worth_spreading.in","multiplicative","0.20","10008","noise_0.20_seed_10008","greedy","608126","498549056"
"videos_worth_spreading.in","multiplicative","0.20","10008","noise_0.20_seed_10008","greedy-ls","609135","498549056"
"videos_worth_spreading.in","multiplicative","0.20","10008","noise_0.20_seed_10008","ocag","608039","498549056"
"videos_worth_spreading.in","multiplicative","0.20","10008","noise_0.20_seed_10008","ocag-ls","609035","498549056"
"videos_worth_spreading.in","multiplicative","0.20","10009","noise_0.20_seed_10009","baseline","464518","500162786"
"videos_worth_spreading.in","multiplicative","0.20","10009","noise_0.20_seed_10009","greedy","608466","500162786"
"videos_worth_spreading.in","multiplicative","0.20","10009","noise_0.20_seed_10009","greedy-ls","609413","500162786"
"videos_worth_spreading.in","multiplicative","0.20","10009","noise_0.20_seed_10009","ocag","608439","500162786"
"videos_worth_spreading.in","multiplicative","0.20","10009","noise_0.20_seed_10009","ocag-ls","609382","500162786"
"videos_worth_spreading.in","multiplicative","0.20","10010","noise_0.20_seed_10010","baseline","463969","498536207"
"videos_worth_spreading.in","multiplicative","0.20","10010","noise_0.20_seed_10010","greedy","608582","498536207"
"videos_worth_spreading.in","multiplicative","0.20","10010","noise_0.20_seed_10010","greedy-ls","609515","498536207"
"videos_worth_spreading.in","multiplicative","0.20","10010","noise_0.20_seed_10010","ocag","608671","498536207"
"videos_worth_spreading.in","multiplicative","0.20","10010","noise_0.20_seed_10010","ocag-ls","609749","498536207"
"videos_worth_spreading.in","multiplicative","0.20","10011","noise_0.20_seed_10011","baseline","468011","499227567"
"videos_worth_spreading.in","multiplicative","0.20","10011","noise_0.20_seed_10011","greedy","611623","499227567"
"videos_worth_spreading.in","multiplicative","0.20","10011","noise_0.20_seed_10011","greedy-ls","612450","499227567"
"videos_worth_spreading.in","multiplicative","0.20","10011","noise_0.20_seed_10011","ocag","611662","499227567"
"videos_worth_spreading.in","multiplicative","0.20","10011","noise_0.20_seed_10011","ocag-ls","612598","499227567"
"videos_worth_spreading.in","multiplicative","0.20","10012","noise_0.20_seed_10012","baseline","468555","501740519"
"videos_worth_spreading.in","multiplicative","0.20","10012","noise_0.20_seed_10012","greedy","612361","501740519"
"videos_worth_spreading.in","multiplicative","0.20","10012","noise_0.20_seed_10012","greedy-ls","613254","501740519"
"videos_worth_spreading.in","multiplicative","0.20","10012","noise_0.20_seed_10012","ocag","612302","501740519"
"videos_worth_spreading.in","multiplicative","0.20","10012","noise_0.20_seed_10012","ocag-ls","613259","501740519"
"videos_worth_spreading.in","multiplicative","0.20","10013","noise_0.20_seed_10013","baseline","466397","499104691"
"videos_worth_spreading.in","multiplicative","0.20","10013","noise_0.20_seed_10013","greedy","609691","499104691"
"videos_worth_spreading.in","multiplicative","0.20","10013","noise_0.20_seed_10013","greedy-ls","610674","499104691"
"videos_worth_spreading.in","multiplicative","0.20","10013","noise_0.20_seed_10013","ocag","609826","499104691"
"videos_worth_spreading.in","multiplicative","0.20","10013","noise_0.20_seed_10013","ocag-ls","610854","499104691"
"videos_worth_spreading.in","multiplicative","0.20","10014","noise_0.20_seed_10014","baseline","462666","496406776"
"videos_worth_spreading.in","multiplicative","0.20","10014","noise_0.20_seed_10014","greedy","607989","496406776"
"videos_worth_spreading.in","multiplicative","0.20","10014","noise_0.20_seed_10014","greedy-ls","608854","496406776"
"videos_worth_spreading.in","multiplicative","0.20","10014","noise_0.20_seed_10014","ocag","607931","496406776"
"videos_worth_spreading.in","multiplicative","0.20","10014","noise_0.20_seed_10014","ocag-ls","608875","496406776"
"videos_worth_spreading.in","multiplicative","0.20","10015","noise_0.20_seed_10015","baseline","460763","496029904"
"videos_worth_spreading.in","multiplicative","0.20","10015","noise_0.20_seed_10015","greedy","606001","496029904"
"videos_worth_spreading.in","multiplicative","0.20","10015","noise_0.20_seed_10015","greedy-ls","606978","496029904"
"videos_worth_spreading.in","multiplicative","0.20","10015","noise_0.20_seed_10015","ocag","606008","496029904"
"videos_worth_spreading.in","multiplicative","0.20","10015","noise_0.20_seed_10015","ocag-ls","607085","496029904"
"videos_worth_spreading.in","multiplicative","0.20","10016","noise_0.20_seed_10016","baseline","464465","498996923"
"videos_worth_spreading.in","multiplicative","0.20","10016","noise_0.20_seed_10016","greedy","608605","498996923"
"videos_worth_spreading.in","multiplicative","0.20","10016","noise_0.20_seed_10016","greedy-ls","609507","498996923"
"videos_worth_spreading.in","multiplicative","0.20","10016","noise_0.20_seed_10016","ocag","608618","498996923"
"videos_worth_spreading.in","multiplicative","0.20","10016","noise_0.20_seed_10016","ocag-ls","609619","498996923"
"videos_worth_spreading.in","multiplicative","0.20","10017","noise_0.20_seed_10017","baseline","461993","499253780"
"videos_worth_spreading.in","multiplicative","0.20","10017","noise_0.20_seed_10017","greedy","605934","499253780"
"videos_worth_spreading.in","multiplicative","0.20","10017","noise_0.20_seed_10017","greedy-ls","606830","499253780"
"videos_worth_spreading.in","multiplicative","0.20","10017","noise_0.20_seed_10017","ocag","605819","499253780"
"videos_worth_spreading.in","multiplicative","0.20","10017","noise_0.20_seed_10017","ocag-ls","606786","499253780"
"videos_worth_spreading.in","multiplicative","0.20","10018","noise_0.20_seed_10018","baseline","458221","496209777"
"videos_worth_spreading.in","multiplicative","0.20","10018","noise_0.20_seed_10018","greedy","603865","496209777"
"videos_worth_spreading.in","multiplicative","0.20","10018","noise_0.20_seed_10018","greedy-ls","604764","496209777"
"videos_worth_spreading.in","multiplicative","0.20","10018","noise_0.20_seed_10018","ocag","603872","496209777"
"videos_worth_spreading.in","multiplicative","0.20","10018","noise_0.20_seed_10018","ocag-ls","604816","496209777"
"videos_worth_spreading.in","multiplicative","0.20","10019","noise_0.20_seed_10019","baseline","464928","500237982"
"videos_worth_spreading.in","multiplicative","0.20","10019","noise_0.20_seed_10019","greedy","608613","500237982"
"videos_worth_spreading.in","multiplicative","0.20","10019","noise_0.20_seed_10019","greedy-ls","609666","500237982"
"videos_worth_spreading.in","multiplicative","0.20","10019","noise_0.20_seed_10019","ocag","608598","500237982"
"videos_worth_spreading.in","multiplicative","0.20","10019","noise_0.20_seed_10019","ocag-ls","609630","500237982"
"videos_worth_spreading.in","multiplicative","0.20","10020","noise_0.20_seed_10020","baseline","464032","499426086"
"videos_worth_spreading.in","multiplicative","0.20","10020","noise_0.20_seed_10020","greedy","607061","499426086"
"videos_worth_spreading.in","multiplicative","0.20","10020","noise_0.20_seed_10020","greedy-ls","607911","499426086"
"videos_worth_spreading.in","multiplicative","0.20","10020","noise_0.20_seed_10020","ocag","607119","499426086"
"videos_worth_spreading.in","multiplicative","0.20","10020","noise_0.20_seed_10020","ocag-ls","608182","499426086"
"videos_worth_spreading.in","multiplicative","0.20","10021","noise_0.20_seed_10021","baseline","465191","497882490"
"videos_worth_spreading.in","multiplicative","0.20","10021","noise_0.20_seed_10021","greedy","610044","497882490"
"videos_worth_spreading.in","multiplicative","0.20","10021","noise_0.20_seed_10021","greedy-ls","610921","497882490"
"videos_worth_spreading.in","multiplicative","0.20","10021","noise_0.20_seed_10021","ocag","610066","497882490"
"videos_worth_spreading.in","multiplicative","0.20","10021","noise_0.20_seed_10021","ocag-ls","611062","497882490"
"videos_worth_spreading.in","multiplicative","0.20","10022","noise_0.20_seed_10022","baseline","468243","501945694"
"videos_worth_spreading.in","multiplicative","0.20","10022","noise_0.20_seed_10022","greedy","611902","501945694"
"videos_worth_spreading.in","multiplicative","0.20","10022","noise_0.20_seed_10022","greedy-ls","612623","501945694"
"videos_worth_spreading.in","multiplicative","0.20","10022","noise_0.20_seed_10022","ocag","611854","501945694"
"videos_worth_spreading.in","multiplicative","0.20","10022","noise_0.20_seed_10022","ocag-ls","612775","501945694"
"videos_worth_spreading.in","multiplicative","0.20","10023","noise_0.20_seed_10023","baseline","464028","500397508"
"videos_worth_spreading.in","multiplicative","0.20","10023","noise_0.20_seed_10023","greedy","607838","500397508"
"videos_worth_spreading.in","multiplicative","0.20","10023","noise_0.20_seed_10023","greedy-ls","608790","500397508"
"videos_worth_spreading.in","multiplicative","0.20","10023","noise_0.20_seed_10023","ocag","607837","500397508"
"videos_worth_spreading.in","multiplicative","0.20","10023","noise_0.20_seed_10023","ocag-ls","608801","500397508"
"videos_worth_spreading.in","multiplicative","0.20","10024","noise_0.20_seed_10024","baseline","467802","500874331"
"videos_worth_spreading.in","multiplicative","0.20","10024","noise_0.20_seed_10024","greedy","611744","500874331"
"videos_worth_spreading.in","multiplicative","0.20","10024","noise_0.20_seed_10024","greedy-ls","612653","500874331"
"videos_worth_spreading.in","multiplicative","0.20","10024","noise_0.20_seed_10024","ocag","611720","500874331"
"videos_worth_spreading.in","multiplicative","0.20","10024","noise_0.20_seed_10024","ocag-ls","612707","500874331"
"videos_worth_spreading.in","multiplicative","0.20","10025","noise_0.20_seed_10025","baseline","464103","499538675"
"videos_worth_spreading.in","multiplicative","0.20","10025","noise_0.20_seed_10025","greedy","608339","499538675"
"videos_worth_spreading.in","multiplicative","0.20","10025","noise_0.20_seed_10025","greedy-ls","609205","499538675"
"videos_worth_spreading.in","multiplicative","0.20","10025","noise_0.20_seed_10025","ocag","608303","499538675"
"videos_worth_spreading.in","multiplicative","0.20","10025","noise_0.20_seed_10025","ocag-ls","609193","499538675"
"videos_worth_spreading.in","multiplicative","0.20","10026","noise_0.20_seed_10026","baseline","467562","502250930"
"videos_worth_spreading.in","multiplicative","0.20","10026","noise_0.20_seed_10026","greedy","610977","502250930"
"videos_worth_spreading.in","multiplicative","0.20","10026","noise_0.20_seed_10026","greedy-ls","611931","502250930"
"videos_worth_spreading.in","multiplicative","0.20","10026","noise_0.20_seed_10026","ocag","610917","502250930"
"videos_worth_spreading.in","multiplicative","0.20","10026","noise_0.20_seed_10026","ocag-ls","611851","502250930"
"videos_worth_spreading.in","multiplicative","0.20","10027","noise_0.20_seed_10027","baseline","459235","496645264"
"videos_worth_spreading.in","multiplicative","0.20","10027","noise_0.20_seed_10027","greedy","604677","496645264"
"videos_worth_spreading.in","multiplicative","0.20","10027","noise_0.20_seed_10027","greedy-ls","605515","496645264"
"videos_worth_spreading.in","multiplicative","0.20","10027","noise_0.20_seed_10027","ocag","604695","496645264"
"videos_worth_spreading.in","multiplicative","0.20","10027","noise_0.20_seed_10027","ocag-ls","605566","496645264"
"videos_worth_spreading.in","multiplicative","0.20","10028","noise_0.20_seed_10028","baseline","466007","500944558"
"videos_worth_spreading.in","multiplicative","0.20","10028","noise_0.20_seed_10028","greedy","609420","500944558"
"videos_worth_spreading.in","multiplicative","0.20","10028","noise_0.20_seed_10028","greedy-ls","610285","500944558"
"videos_worth_spreading.in","multiplicative","0.20","10028","noise_0.20_seed_10028","ocag","609489","500944558"
"videos_worth_spreading.in","multiplicative","0.20","10028","noise_0.20_seed_10028","ocag-ls","610403","500944558"
"videos_worth_spreading.in","multiplicative","0.20","10029","noise_0.20_seed_10029","baseline","465648","501322233"
"videos_worth_spreading.in","multiplicative","0.20","10029","noise_0.20_seed_10029","greedy","609874","501322233"
"videos_worth_spreading.in","multiplicative","0.20","10029","noise_0.20_seed_10029","greedy-ls","610760","501322233"
"videos_worth_spreading.in","multiplicative","0.20","10029","noise_0.20_seed_10029","ocag","609957","501322233"
"videos_worth_spreading.in","multiplicative","0.20","10029","noise_0.20_seed_10029","ocag-ls","610963","501322233"
"videos_worth_spreading.in","multiplicative","0.20","10030","noise_0.20_seed_10030","baseline","465247","499067654"
"videos_worth_spreading.in","multiplicative","0.20","10030","noise_0.20_seed_10030","greedy","609459","499067654"
"videos_worth_spreading.in","multiplicative","0.20","10030","noise_0.20_seed_10030","greedy-ls","610408","499067654"
"videos_worth_spreading.in","multiplicative","0.20","10030","noise_0.20_seed_10030","ocag","609437","499067654"
"videos_worth_spreading.in","multiplicative","0.20","10030","noise_0.20_seed_10030","ocag-ls","610469","499067654"
"videos_worth_spreading.in","multiplicative","0.30","10001","noise_0.30_seed_10001","baseline","464102","500070149"
"videos_worth_spreading.in","multiplicative","0.30","10001","noise_0.30_seed_10001","greedy","608747","500070149"
"videos_worth_spreading.in","multiplicative","0.30","10001","noise_0.30_seed_10001","greedy-ls","609705","500070149"
"videos_worth_spreading.in","multiplicative","0.30","10001","noise_0.30_seed_10001","ocag","608762","500070149"
"videos_worth_spreading.in","multiplicative","0.30","10001","noise_0.30_seed_10001","ocag-ls","609759","500070149"
"videos_worth_spreading.in","multiplicative","0.30","10002","noise_0.30_seed_10002","baseline","467783","499300430"
"videos_worth_spreading.in","multiplicative","0.30","10002","noise_0.30_seed_10002","greedy","611933","499300430"
"videos_worth_spreading.in","multiplicative","0.30","10002","noise_0.30_seed_10002","greedy-ls","612951","499300430"
"videos_worth_spreading.in","multiplicative","0.30","10002","noise_0.30_seed_10002","ocag","611814","499300430"
"videos_worth_spreading.in","multiplicative","0.30","10002","noise_0.30_seed_10002","ocag-ls","612837","499300430"
"videos_worth_spreading.in","multiplicative","0.30","10003","noise_0.30_seed_10003","baseline","460517","495641771"
"videos_worth_spreading.in","multiplicative","0.30","10003","noise_0.30_seed_10003","greedy","604584","495641771"
"videos_worth_spreading.in","multiplicative","0.30","10003","noise_0.30_seed_10003","greedy-ls","605547","495641771"
"videos_worth_spreading.in","multiplicative","0.30","10003","noise_0.30_seed_10003","ocag","604630","495641771"
"videos_worth_spreading.in","multiplicative","0.30","10003","noise_0.30_seed_10003","ocag-ls","605633","495641771"
"videos_worth_spreading.in","multiplicative","0.30","10004","noise_0.30_seed_10004","baseline","466204","505469097"
"videos_worth_spreading.in","multiplicative","0.30","10004","noise_0.30_seed_10004","greedy","609447","505469097"
"videos_worth_spreading.in","multiplicative","0.30","10004","noise_0.30_seed_10004","greedy-ls","610359","505469097"
"videos_worth_spreading.in","multiplicative","0.30","10004","noise_0.30_seed_10004","ocag","609523","505469097"
"videos_worth_spreading.in","multiplicative","0.30","10004","noise_0.30_seed_10004","ocag-ls","610408","505469097"
"videos_worth_spreading.in","multiplicative","0.30","10005","noise_0.30_seed_10005","baseline","463628","498351191"
"videos_worth_spreading.in","multiplicative","0.30","10005","noise_0.30_seed_10005","greedy","606549","498351191"
"videos_worth_spreading.in","multiplicative","0.30","10005","noise_0.30_seed_10005","greedy-ls","607558","498351191"
"videos_worth_spreading.in","multiplicative","0.30","10005","noise_0.30_seed_10005","ocag","606578","498351191"
"videos_worth_spreading.in","multiplicative","0.30","10005","noise_0.30_seed_10005","ocag-ls","607612","498351191"
"videos_worth_spreading.in","multiplicative","0.30","10006","noise_0.30_seed_10006","baseline","470521","502759512"
"videos_worth_spreading.in","multiplicative","0.30","10006","noise_0.30_seed_10006","greedy","613522","502759512"
"videos_worth_spreading.in","multiplicative","0.30","10006","noise_0.30_seed_10006","greedy-ls","614420","502759512"
"videos_worth_spreading.in","multiplicative","0.30","10006","noise_0.30_seed_10006","ocag","613626","502759512"
"videos_worth_spreading.in","multiplicative","0.30","10006","noise_0.30_seed_10006","ocag-ls","614714","502759512"
"videos_worth_spreading.in","multiplicative","0.30","10007","noise_0.30_seed_10007","baseline","458793","500744287"
"videos_worth_spreading.in","multiplicative","0.30","10007","noise_0.30_seed_10007","greedy","602676","500744287"
"videos_worth_spreading.in","multiplicative","0.30","10007","noise_0.30_seed_10007","greedy-ls","603443","500744287"
"videos_worth_spreading.in","multiplicative","0.30","10007","noise_0.30_seed_10007","ocag","602591","500744287"
"videos_worth_spreading.in","multiplicative","0.30","10007","noise_0.30_seed_10007","ocag-ls","603494","500744287"
"videos_worth_spreading.in","multiplicative","0.30","10008","noise_0.30_seed_10008","baseline","465821","498060453"
"videos_worth_spreading.in","multiplicative","0.30","10008","noise_0.30_seed_10008","greedy","610923","498060453"
"videos_worth_spreading.in","multiplicative","0.30","10008","noise_0.30_seed_10008","greedy-ls","611806","498060453"
"videos_worth_spreading.in","multiplicative","0.30","10008","noise_0.30_seed_10008","ocag","611059","498060453"
"videos_worth_spreading.in","multiplicative","0.30","10008","noise_0.30_seed_10008","ocag-ls","612098","498060453"
"videos_worth_spreading.in","multiplicative","0.30","10009","noise_0.30_seed_10009","baseline","462470","498222481"
"videos_worth_spreading.in","multiplicative","0.30","10009","noise_0.30_seed_10009","greedy","608031","498222481"
"videos_worth_spreading.in","multiplicative","0.30","10009","noise_0.30_seed_10009","greedy-ls","608833","498222481"
"videos_worth_spreading.in","multiplicative","0.30","10009","noise_0.30_seed_10009","ocag","608226","498222481"
"videos_worth_spreading.in","multiplicative","0.30","10009","noise_0.30_seed_10009","ocag-ls","609005","498222481"
"videos_worth_spreading.in","multiplicative","0.30","10010","noise_0.30_seed_10010","baseline","467863","499198140"
"videos_worth_spreading.in","multiplicative","0.30","10010","noise_0.30_seed_10010","greedy","612714","499198140"
"videos_worth_spreading.in","multiplicative","0.30","10010","noise_0.30_seed_10010","greedy-ls","613618","499198140"
"videos_worth_spreading.in","multiplicative","0.30","10010","noise_0.30_seed_10010","ocag","612772","499198140"
"videos_worth_spreading.in","multiplicative","0.30","10010","noise_0.30_seed_10010","ocag-ls","613643","499198140"
"videos_worth_spreading.in","multiplicative","0.30","10011","noise_0.30_seed_10011","baseline","465632","498761824"
"videos_worth_spreading.in","multiplicative","0.30","10011","noise_0.30_seed_10011","greedy","609450","498761824"
"videos_worth_spreading.in","multiplicative","0.30","10011","noise_0.30_seed_10011","greedy-ls","610272","498761824"
"videos_worth_spreading.in","multiplicative","0.30","10011","noise_0.30_seed_10011","ocag","609456","498761824"
"videos_worth_spreading.in","multiplicative","0.30","10011","noise_0.30_seed_10011","ocag-ls","610277","498761824"
"videos_worth_spreading.in","multiplicative","0.30","10012","noise_0.30_seed_10012","baseline","466858","502137341"
"videos_worth_spreading.in","multiplicative","0.30","10012","noise_0.30_seed_10012","greedy","611503","502137341"
"videos_worth_spreading.in","multiplicative","0.30","10012","noise_0.30_seed_10012","greedy-ls","612333","502137341"
"videos_worth_spreading.in","multiplicative","0.30","10012","noise_0.30_seed_10012","ocag","611532","502137341"
"videos_worth_spreading.in","multiplicative","0.30","10012","noise_0.30_seed_10012","ocag-ls","612289","502137341"
"videos_worth_spreading.in","multiplicative","0.30","10013","noise_0.30_seed_10013","baseline","471551","502772496"
"videos_worth_spreading.in","multiplicative","0.30","10013","noise_0.30_seed_10013","greedy","614360","502772496"
"videos_worth_spreading.in","multiplicative","0.30","10013","noise_0.30_seed_10013","greedy-ls","615274","502772496"
"videos_worth_spreading.in","multiplicative","0.30","10013","noise_0.30_seed_10013","ocag","614381","502772496"
"videos_worth_spreading.in","multiplicative","0.30","10013","noise_0.30_seed_10013","ocag-ls","615286","502772496"
"videos_worth_spreading.in","multiplicative","0.30","10014","noise_0.30_seed_10014","baseline","464346","501505685"
"videos_worth_spreading.in","multiplicative","0.30","10014","noise_0.30_seed_10014","greedy","607102","501505685"
"videos_worth_spreading.in","multiplicative","0.30","10014","noise_0.30_seed_10014","greedy-ls","608028","501505685"
"videos_worth_spreading.in","multiplicative","0.30","10014","noise_0.30_seed_10014","ocag","607184","501505685"
"videos_worth_spreading.in","multiplicative","0.30","10014","noise_0.30_seed_10014","ocag-ls","607997","501505685"
"videos_worth_spreading.in","multiplicative","0.30","10015","noise_0.30_seed_10015","baseline","467071","500573528"
"videos_worth_spreading.in","multiplicative","0.30","10015","noise_0.30_seed_10015","greedy","611177","500573528"
"videos_worth_spreading.in","multiplicative","0.30","10015","noise_0.30_seed_10015","greedy-ls","611996","500573528"
"videos_worth_spreading.in","multiplicative","0.30","10015","noise_0.30_seed_10015","ocag","611210","500573528"
"videos_worth_spreading.in","multiplicative","0.30","10015","noise_0.30_seed_10015","ocag-ls","612147","500573528"
"videos_worth_spreading.in","multiplicative","0.30","10016","noise_0.30_seed_10016","baseline","464781","499119407"
"videos_worth_spreading.in","multiplicative","0.30","10016","noise_0.30_seed_10016","greedy","608769","499119407"
"videos_worth_spreading.in","multiplicative","0.30","10016","noise_0.30_seed_10016","greedy-ls","609694","499119407"
"videos_worth_spreading.in","multiplicative","0.30","10016","noise_0.30_seed_10016","ocag","608735","499119407"
"videos_worth_spreading.in","multiplicative","0.30","10016","noise_0.30_seed_10016","ocag-ls","609734","499119407"
"videos_worth_spreading.in","multiplicative","0.30","10017","noise_0.30_seed_10017","baseline","460733","498162250"
"videos_worth_spreading.in","multiplicative","0.30","10017","noise_0.30_seed_10017","greedy","606307","498162250"
"videos_worth_spreading.in","multiplicative","0.30","10017","noise_0.30_seed_10017","greedy-ls","607185","498162250"
"videos_worth_spreading.in","multiplicative","0.30","10017","noise_0.30_seed_10017","ocag","606291","498162250"
"videos_worth_spreading.in","multiplicative","0.30","10017","noise_0.30_seed_10017","ocag-ls","607296","498162250"
"videos_worth_spreading.in","multiplicative","0.30","10018","noise_0.30_seed_10018","baseline","464387","502051956"
"videos_worth_spreading.in","multiplicative","0.30","10018","noise_0.30_seed_10018","greedy","607159","502051956"
"videos_worth_spreading.in","multiplicative","0.30","10018","noise_0.30_seed_10018","greedy-ls","608068","502051956"
"videos_worth_spreading.in","multiplicative","0.30","10018","noise_0.30_seed_10018","ocag","607098","502051956"
"videos_worth_spreading.in","multiplicative","0.30","10018","noise_0.30_seed_10018","ocag-ls","608104","502051956"
"videos_worth_spreading.in","multiplicative","0.30","10019","noise_0.30_seed_10019","baseline","460168","496837788"
"videos_worth_spreading.in","multiplicative","0.30","10019","noise_0.30_seed_10019","greedy","604701","496837788"
"videos_worth_spreading.in","multiplicative","0.30","10019","noise_0.30_seed_10019","greedy-ls","605490","496837788"
"videos_worth_spreading.in","multiplicative","0.30","10019","noise_0.30_seed_10019","ocag","604513","496837788"
"videos_worth_spreading.in","multiplicative","0.30","10019","noise_0.30_seed_10019","ocag-ls","605379","496837788"
"videos_worth_spreading.in","multiplicative","0.30","10020","noise_0.30_seed_10020","baseline","464967","501328631"
"videos_worth_spreading.in","multiplicative","0.30","10020","noise_0.30_seed_10020","greedy","608529","501328631"
"videos_worth_spreading.in","multiplicative","0.30","10020","noise_0.30_seed_10020","greedy-ls","609377","501328631"
"videos_worth_spreading.in","multiplicative","0.30","10020","noise_0.30_seed_10020","ocag","608550","501328631"
"videos_worth_spreading.in","multiplicative","0.30","10020","noise_0.30_seed_10020","ocag-ls","609529","501328631"
"videos_worth_spreading.in","multiplicative","0.30","10021","noise_0.30_seed_10021","baseline","466925","500252854"
"videos_worth_spreading.in","multiplicative","0.30","10021","noise_0.30_seed_10021","greedy","609561","500252854"
"videos_worth_spreading.in","multiplicative","0.30","10021","noise_0.30_seed_10021","greedy-ls","610389","500252854"
"videos_worth_spreading.in","multiplicative","0.30","10021","noise_0.30_seed_10021","ocag","609456","500252854"
"videos_worth_spreading.in","multiplicative","0.30","10021","noise_0.30_seed_10021","ocag-ls","610519","500252854"
"videos_worth_spreading.in","multiplicative","0.30","10022","noise_0.30_seed_10022","baseline","461878","499528463"
"videos_worth_spreading.in","multiplicative","0.30","10022","noise_0.30_seed_10022","greedy","605789","499528463"
"videos_worth_spreading.in","multiplicative","0.30","10022","noise_0.30_seed_10022","greedy-ls","606588","499528463"
"videos_worth_spreading.in","multiplicative","0.30","10022","noise_0.30_seed_10022","ocag","605947","499528463"
"videos_worth_spreading.in","multiplicative","0.30","10022","noise_0.30_seed_10022","ocag-ls","606835","499528463"
"videos_worth_spreading.in","multiplicative","0.30","10023","noise_0.30_seed_10023","baseline","467219","497298357"
"videos_worth_spreading.in","multiplicative","0.30","10023","noise_0.30_seed_10023","greedy","612781","497298357"
"videos_worth_spreading.in","multiplicative","0.30","10023","noise_0.30_seed_10023","greedy-ls","613598","497298357"
"videos_worth_spreading.in","multiplicative","0.30","10023","noise_0.30_seed_10023","ocag","612746","497298357"
"videos_worth_spreading.in","multiplicative","0.30","10023","noise_0.30_seed_10023","ocag-ls","613855","497298357"
"videos_worth_spreading.in","multiplicative","0.30","10024","noise_0.30_seed_10024","baseline","460405","497924366"
"videos_worth_spreading.in","multiplicative","0.30","10024","noise_0.30_seed_10024","greedy","604787","497924366"
"videos_worth_spreading.in","multiplicative","0.30","10024","noise_0.30_seed_10024","greedy-ls","605631","497924366"
"videos_worth_spreading.in","multiplicative","0.30","10024","noise_0.30_seed_10024","ocag","604792","497924366"
"videos_worth_spreading.in","multiplicative","0.30","10024","noise_0.30_seed_10024","ocag-ls","605718","497924366"
"videos_worth_spreading.in","multiplicative","0.30","10025","noise_0.30_seed_10025","baseline","464351","501494110"
"videos_worth_spreading.in","multiplicative","0.30","10025","noise_0.30_seed_10025","greedy","607558","501494110"
"videos_worth_spreading.in","multiplicative","0.30","10025","noise_0.30_seed_10025","greedy-ls","608652","501494110"
"videos_worth_spreading.in","multiplicative","0.30","10025","noise_0.30_seed_10025","ocag","607514","501494110"
"videos_worth_spreading.in","multiplicative","0.30","10025","noise_0.30_seed_10025","ocag-ls","608574","501494110"
"videos_worth_spreading.in","multiplicative","0.30","10026","noise_0.30_seed_10026","baseline","454153","496309366"
"videos_worth_spreading.in","multiplicative","0.30","10026","noise_0.30_seed_10026","greedy","598846","496309366"
"videos_worth_spreading.in","multiplicative","0.30","10026","noise_0.30_seed_10026","greedy-ls","599878","496309366"
"videos_worth_spreading.in","multiplicative","0.30","10026","noise_0.30_seed_10026","ocag","598657","496309366"
"videos_worth_spreading.in","multiplicative","0.30","10026","noise_0.30_seed_10026","ocag-ls","599797","496309366"
"videos_worth_spreading.in","multiplicative","0.30","10027","noise_0.30_seed_10027","baseline","462514","500493465"
"videos_worth_spreading.in","multiplicative","0.30","10027","noise_0.30_seed_10027","greedy","606845","500493465"
"videos_worth_spreading.in","multiplicative","0.30","10027","noise_0.30_seed_10027","greedy-ls","607670","500493465"
"videos_worth_spreading.in","multiplicative","0.30","10027","noise_0.30_seed_10027","ocag","606770","500493465"
"videos_worth_spreading.in","multiplicative","0.30","10027","noise_0.30_seed_10027","ocag-ls","607762","500493465"
"videos_worth_spreading.in","multiplicative","0.30","10028","noise_0.30_seed_10028","baseline","468485","503653655"
"videos_worth_spreading.in","multiplicative","0.30","10028","noise_0.30_seed_10028","greedy","610821","503653655"
"videos_worth_spreading.in","multiplicative","0.30","10028","noise_0.30_seed_10028","greedy-ls","611715","503653655"
"videos_worth_spreading.in","multiplicative","0.30","10028","noise_0.30_seed_10028","ocag","610791","503653655"
"videos_worth_spreading.in","multiplicative","0.30","10028","noise_0.30_seed_10028","ocag-ls","611797","503653655"
"videos_worth_spreading.in","multiplicative","0.30","10029","noise_0.30_seed_10029","baseline","462325","502679974"
"videos_worth_spreading.in","multiplicative","0.30","10029","noise_0.30_seed_10029","greedy","606355","502679974"
"videos_worth_spreading.in","multiplicative","0.30","10029","noise_0.30_seed_10029","greedy-ls","607261","502679974"
"videos_worth_spreading.in","multiplicative","0.30","10029","noise_0.30_seed_10029","ocag","606244","502679974"
"videos_worth_spreading.in","multiplicative","0.30","10029","noise_0.30_seed_10029","ocag-ls","607250","502679974"
"videos_worth_spreading.in","multiplicative","0.30","10030","noise_0.30_seed_10030","baseline","464415","501553969"
"videos_worth_spreading.in","multiplicative","0.30","10030","noise_0.30_seed_10030","greedy","607436","501553969"
"videos_worth_spreading.in","multiplicative","0.30","10030","noise_0.30_seed_10030","greedy-ls","608272","501553969"
"videos_worth_spreading.in","multiplicative","0.30","10030","noise_0.30_seed_10030","ocag","607498","501553969"
"videos_worth_spreading.in","multiplicative","0.30","10030","noise_0.30_seed_10030","ocag-ls","608517","501553969"
"videos_worth_spreading.in","localized_shift","3x","10001","localized_3x_seed_10001","baseline","459343","510171141"
"videos_worth_spreading.in","localized_shift","3x","10001","localized_3x_seed_10001","greedy","604712","510171141"
"videos_worth_spreading.in","localized_shift","3x","10001","localized_3x_seed_10001","greedy-ls","605580","510171141"
"videos_worth_spreading.in","localized_shift","3x","10001","localized_3x_seed_10001","ocag","604752","510171141"
"videos_worth_spreading.in","localized_shift","3x","10001","localized_3x_seed_10001","ocag-ls","605793","510171141"
"videos_worth_spreading.in","localized_shift","3x","10002","localized_3x_seed_10002","baseline","459519","515201587"
"videos_worth_spreading.in","localized_shift","3x","10002","localized_3x_seed_10002","greedy","603806","515201587"
"videos_worth_spreading.in","localized_shift","3x","10002","localized_3x_seed_10002","greedy-ls","604645","515201587"
"videos_worth_spreading.in","localized_shift","3x","10002","localized_3x_seed_10002","ocag","603888","515201587"
"videos_worth_spreading.in","localized_shift","3x","10002","localized_3x_seed_10002","ocag-ls","604836","515201587"
"videos_worth_spreading.in","localized_shift","3x","10003","localized_3x_seed_10003","baseline","486259","543342169"
"videos_worth_spreading.in","localized_shift","3x","10003","localized_3x_seed_10003","greedy","624572","543342169"
"videos_worth_spreading.in","localized_shift","3x","10003","localized_3x_seed_10003","greedy-ls","625384","543342169"
"videos_worth_spreading.in","localized_shift","3x","10003","localized_3x_seed_10003","ocag","624684","543342169"
"videos_worth_spreading.in","localized_shift","3x","10003","localized_3x_seed_10003","ocag-ls","625676","543342169"
"videos_worth_spreading.in","localized_shift","3x","10004","localized_3x_seed_10004","baseline","460223","516032999"
"videos_worth_spreading.in","localized_shift","3x","10004","localized_3x_seed_10004","greedy","605367","516032999"
"videos_worth_spreading.in","localized_shift","3x","10004","localized_3x_seed_10004","greedy-ls","606320","516032999"
"videos_worth_spreading.in","localized_shift","3x","10004","localized_3x_seed_10004","ocag","605440","516032999"
"videos_worth_spreading.in","localized_shift","3x","10004","localized_3x_seed_10004","ocag-ls","606527","516032999"
"videos_worth_spreading.in","localized_shift","3x","10005","localized_3x_seed_10005","baseline","478910","533023017"
"videos_worth_spreading.in","localized_shift","3x","10005","localized_3x_seed_10005","greedy","620619","533023017"
"videos_worth_spreading.in","localized_shift","3x","10005","localized_3x_seed_10005","greedy-ls","621632","533023017"
"videos_worth_spreading.in","localized_shift","3x","10005","localized_3x_seed_10005","ocag","620573","533023017"
"videos_worth_spreading.in","localized_shift","3x","10005","localized_3x_seed_10005","ocag-ls","621422","533023017"
"videos_worth_spreading.in","localized_shift","3x","10006","localized_3x_seed_10006","baseline","458123","508921085"
"videos_worth_spreading.in","localized_shift","3x","10006","localized_3x_seed_10006","greedy","602484","508921085"
"videos_worth_spreading.in","localized_shift","3x","10006","localized_3x_seed_10006","greedy-ls","603491","508921085"
"videos_worth_spreading.in","localized_shift","3x","10006","localized_3x_seed_10006","ocag","602487","508921085"
"videos_worth_spreading.in","localized_shift","3x","10006","localized_3x_seed_10006","ocag-ls","603495","508921085"
"videos_worth_spreading.in","localized_shift","3x","10007","localized_3x_seed_10007","baseline","496322","554038877"
"videos_worth_spreading.in","localized_shift","3x","10007","localized_3x_seed_10007","greedy","629593","554038877"
"videos_worth_spreading.in","localized_shift","3x","10007","localized_3x_seed_10007","greedy-ls","630346","554038877"
"videos_worth_spreading.in","localized_shift","3x","10007","localized_3x_seed_10007","ocag","629816","554038877"
"videos_worth_spreading.in","localized_shift","3x","10007","localized_3x_seed_10007","ocag-ls","630601","554038877"
"videos_worth_spreading.in","localized_shift","3x","10008","localized_3x_seed_10008","baseline","456379","511214481"
"videos_worth_spreading.in","localized_shift","3x","10008","localized_3x_seed_10008","greedy","606114","511214481"
"videos_worth_spreading.in","localized_shift","3x","10008","localized_3x_seed_10008","greedy-ls","607016","511214481"
"videos_worth_spreading.in","localized_shift","3x","10008","localized_3x_seed_10008","ocag","605969","511214481"
"videos_worth_spreading.in","localized_shift","3x","10008","localized_3x_seed_10008","ocag-ls","606962","511214481"
"videos_worth_spreading.in","localized_shift","3x","10009","localized_3x_seed_10009","baseline","467969","522730407"
"videos_worth_spreading.in","localized_shift","3x","10009","localized_3x_seed_10009","greedy","609167","522730407"
"videos_worth_spreading.in","localized_shift","3x","10009","localized_3x_seed_10009","greedy-ls","610166","522730407"
"videos_worth_spreading.in","localized_shift","3x","10009","localized_3x_seed_10009","ocag","609164","522730407"
"videos_worth_spreading.in","localized_shift","3x","10009","localized_3x_seed_10009","ocag-ls","610268","522730407"
"videos_worth_spreading.in","localized_shift","3x","10010","localized_3x_seed_10010","baseline","471447","532781697"
"videos_worth_spreading.in","localized_shift","3x","10010","localized_3x_seed_10010","greedy","610806","532781697"
"videos_worth_spreading.in","localized_shift","3x","10010","localized_3x_seed_10010","greedy-ls","611587","532781697"
"videos_worth_spreading.in","localized_shift","3x","10010","localized_3x_seed_10010","ocag","610749","532781697"
"videos_worth_spreading.in","localized_shift","3x","10010","localized_3x_seed_10010","ocag-ls","611642","532781697"
"videos_worth_spreading.in","localized_shift","3x","10011","localized_3x_seed_10011","baseline","458407","510058501"
"videos_worth_spreading.in","localized_shift","3x","10011","localized_3x_seed_10011","greedy","604648","510058501"
"videos_worth_spreading.in","localized_shift","3x","10011","localized_3x_seed_10011","greedy-ls","605546","510058501"
"videos_worth_spreading.in","localized_shift","3x","10011","localized_3x_seed_10011","ocag","604707","510058501"
"videos_worth_spreading.in","localized_shift","3x","10011","localized_3x_seed_10011","ocag-ls","605653","510058501"
"videos_worth_spreading.in","localized_shift","3x","10012","localized_3x_seed_10012","baseline","459523","514400371"
"videos_worth_spreading.in","localized_shift","3x","10012","localized_3x_seed_10012","greedy","604035","514400371"
"videos_worth_spreading.in","localized_shift","3x","10012","localized_3x_seed_10012","greedy-ls","604929","514400371"
"videos_worth_spreading.in","localized_shift","3x","10012","localized_3x_seed_10012","ocag","603950","514400371"
"videos_worth_spreading.in","localized_shift","3x","10012","localized_3x_seed_10012","ocag-ls","605147","514400371"
"videos_worth_spreading.in","localized_shift","3x","10013","localized_3x_seed_10013","baseline","457905","512513839"
"videos_worth_spreading.in","localized_shift","3x","10013","localized_3x_seed_10013","greedy","605912","512513839"
"videos_worth_spreading.in","localized_shift","3x","10013","localized_3x_seed_10013","greedy-ls","606785","512513839"
"videos_worth_spreading.in","localized_shift","3x","10013","localized_3x_seed_10013","ocag","605695","512513839"
"videos_worth_spreading.in","localized_shift","3x","10013","localized_3x_seed_10013","ocag-ls","606976","512513839"
"videos_worth_spreading.in","localized_shift","3x","10014","localized_3x_seed_10014","baseline","459720","514018483"
"videos_worth_spreading.in","localized_shift","3x","10014","localized_3x_seed_10014","greedy","604461","514018483"
"videos_worth_spreading.in","localized_shift","3x","10014","localized_3x_seed_10014","greedy-ls","605482","514018483"
"videos_worth_spreading.in","localized_shift","3x","10014","localized_3x_seed_10014","ocag","604463","514018483"
"videos_worth_spreading.in","localized_shift","3x","10014","localized_3x_seed_10014","ocag-ls","605627","514018483"
"videos_worth_spreading.in","localized_shift","3x","10015","localized_3x_seed_10015","baseline","458637","511119675"
"videos_worth_spreading.in","localized_shift","3x","10015","localized_3x_seed_10015","greedy","604315","511119675"
"videos_worth_spreading.in","localized_shift","3x","10015","localized_3x_seed_10015","greedy-ls","605286","511119675"
"videos_worth_spreading.in","localized_shift","3x","10015","localized_3x_seed_10015","ocag","604269","511119675"
"videos_worth_spreading.in","localized_shift","3x","10015","localized_3x_seed_10015","ocag-ls","605261","511119675"
"videos_worth_spreading.in","localized_shift","3x","10016","localized_3x_seed_10016","baseline","462210","513327301"
"videos_worth_spreading.in","localized_shift","3x","10016","localized_3x_seed_10016","greedy","606497","513327301"
"videos_worth_spreading.in","localized_shift","3x","10016","localized_3x_seed_10016","greedy-ls","607357","513327301"
"videos_worth_spreading.in","localized_shift","3x","10016","localized_3x_seed_10016","ocag","606371","513327301"
"videos_worth_spreading.in","localized_shift","3x","10016","localized_3x_seed_10016","ocag-ls","607326","513327301"
"videos_worth_spreading.in","localized_shift","3x","10017","localized_3x_seed_10017","baseline","456264","511634881"
"videos_worth_spreading.in","localized_shift","3x","10017","localized_3x_seed_10017","greedy","602182","511634881"
"videos_worth_spreading.in","localized_shift","3x","10017","localized_3x_seed_10017","greedy-ls","603179","511634881"
"videos_worth_spreading.in","localized_shift","3x","10017","localized_3x_seed_10017","ocag","602074","511634881"
"videos_worth_spreading.in","localized_shift","3x","10017","localized_3x_seed_10017","ocag-ls","603113","511634881"
"videos_worth_spreading.in","localized_shift","3x","10018","localized_3x_seed_10018","baseline","461165","514135651"
"videos_worth_spreading.in","localized_shift","3x","10018","localized_3x_seed_10018","greedy","605144","514135651"
"videos_worth_spreading.in","localized_shift","3x","10018","localized_3x_seed_10018","greedy-ls","606023","514135651"
"videos_worth_spreading.in","localized_shift","3x","10018","localized_3x_seed_10018","ocag","605159","514135651"
"videos_worth_spreading.in","localized_shift","3x","10018","localized_3x_seed_10018","ocag-ls","606001","514135651"
"videos_worth_spreading.in","localized_shift","3x","10019","localized_3x_seed_10019","baseline","457263","510214421"
"videos_worth_spreading.in","localized_shift","3x","10019","localized_3x_seed_10019","greedy","604771","510214421"
"videos_worth_spreading.in","localized_shift","3x","10019","localized_3x_seed_10019","greedy-ls","605681","510214421"
"videos_worth_spreading.in","localized_shift","3x","10019","localized_3x_seed_10019","ocag","604801","510214421"
"videos_worth_spreading.in","localized_shift","3x","10019","localized_3x_seed_10019","ocag-ls","605857","510214421"
"videos_worth_spreading.in","localized_shift","3x","10020","localized_3x_seed_10020","baseline","467025","515179525"
"videos_worth_spreading.in","localized_shift","3x","10020","localized_3x_seed_10020","greedy","611011","515179525"
"videos_worth_spreading.in","localized_shift","3x","10020","localized_3x_seed_10020","greedy-ls","612035","515179525"
"videos_worth_spreading.in","localized_shift","3x","10020","localized_3x_seed_10020","ocag","610940","515179525"
"videos_worth_spreading.in","localized_shift","3x","10020","localized_3x_seed_10020","ocag-ls","611977","515179525"
"videos_worth_spreading.in","localized_shift","3x","10021","localized_3x_seed_10021","baseline","489765","541724247"
"videos_worth_spreading.in","localized_shift","3x","10021","localized_3x_seed_10021","greedy","628770","541724247"
"videos_worth_spreading.in","localized_shift","3x","10021","localized_3x_seed_10021","greedy-ls","629523","541724247"
"videos_worth_spreading.in","localized_shift","3x","10021","localized_3x_seed_10021","ocag","628838","541724247"
"videos_worth_spreading.in","localized_shift","3x","10021","localized_3x_seed_10021","ocag-ls","629778","541724247"
"videos_worth_spreading.in","localized_shift","3x","10022","localized_3x_seed_10022","baseline","459953","510694477"
"videos_worth_spreading.in","localized_shift","3x","10022","localized_3x_seed_10022","greedy","608030","510694477"
"videos_worth_spreading.in","localized_shift","3x","10022","localized_3x_seed_10022","greedy-ls","608852","510694477"
"videos_worth_spreading.in","localized_shift","3x","10022","localized_3x_seed_10022","ocag","607879","510694477"
"videos_worth_spreading.in","localized_shift","3x","10022","localized_3x_seed_10022","ocag-ls","608957","510694477"
"videos_worth_spreading.in","localized_shift","3x","10023","localized_3x_seed_10023","baseline","461331","518864395"
"videos_worth_spreading.in","localized_shift","3x","10023","localized_3x_seed_10023","greedy","602972","518864395"
"videos_worth_spreading.in","localized_shift","3x","10023","localized_3x_seed_10023","greedy-ls","603769","518864395"
"videos_worth_spreading.in","localized_shift","3x","10023","localized_3x_seed_10023","ocag","603026","518864395"
"videos_worth_spreading.in","localized_shift","3x","10023","localized_3x_seed_10023","ocag-ls","603949","518864395"
"videos_worth_spreading.in","localized_shift","3x","10024","localized_3x_seed_10024","baseline","464816","526549059"
"videos_worth_spreading.in","localized_shift","3x","10024","localized_3x_seed_10024","greedy","605735","526549059"
"videos_worth_spreading.in","localized_shift","3x","10024","localized_3x_seed_10024","greedy-ls","606699","526549059"
"videos_worth_spreading.in","localized_shift","3x","10024","localized_3x_seed_10024","ocag","605760","526549059"
"videos_worth_spreading.in","localized_shift","3x","10024","localized_3x_seed_10024","ocag-ls","606860","526549059"
"videos_worth_spreading.in","localized_shift","3x","10025","localized_3x_seed_10025","baseline","459016","510544857"
"videos_worth_spreading.in","localized_shift","3x","10025","localized_3x_seed_10025","greedy","604707","510544857"
"videos_worth_spreading.in","localized_shift","3x","10025","localized_3x_seed_10025","greedy-ls","605676","510544857"
"videos_worth_spreading.in","localized_shift","3x","10025","localized_3x_seed_10025","ocag","604799","510544857"
"videos_worth_spreading.in","localized_shift","3x","10025","localized_3x_seed_10025","ocag-ls","605627","510544857"
"videos_worth_spreading.in","localized_shift","3x","10026","localized_3x_seed_10026","baseline","456898","510036901"
"videos_worth_spreading.in","localized_shift","3x","10026","localized_3x_seed_10026","greedy","603059","510036901"
"videos_worth_spreading.in","localized_shift","3x","10026","localized_3x_seed_10026","greedy-ls","604050","510036901"
"videos_worth_spreading.in","localized_shift","3x","10026","localized_3x_seed_10026","ocag","603126","510036901"
"videos_worth_spreading.in","localized_shift","3x","10026","localized_3x_seed_10026","ocag-ls","604094","510036901"
"videos_worth_spreading.in","localized_shift","3x","10027","localized_3x_seed_10027","baseline","467455","516656709"
"videos_worth_spreading.in","localized_shift","3x","10027","localized_3x_seed_10027","greedy","610215","516656709"
"videos_worth_spreading.in","localized_shift","3x","10027","localized_3x_seed_10027","greedy-ls","611128","516656709"
"videos_worth_spreading.in","localized_shift","3x","10027","localized_3x_seed_10027","ocag","609921","516656709"
"videos_worth_spreading.in","localized_shift","3x","10027","localized_3x_seed_10027","ocag-ls","611067","516656709"
"videos_worth_spreading.in","localized_shift","3x","10028","localized_3x_seed_10028","baseline","459701","509898203"
"videos_worth_spreading.in","localized_shift","3x","10028","localized_3x_seed_10028","greedy","608711","509898203"
"videos_worth_spreading.in","localized_shift","3x","10028","localized_3x_seed_10028","greedy-ls","609635","509898203"
"videos_worth_spreading.in","localized_shift","3x","10028","localized_3x_seed_10028","ocag","608707","509898203"
"videos_worth_spreading.in","localized_shift","3x","10028","localized_3x_seed_10028","ocag-ls","609630","509898203"
"videos_worth_spreading.in","localized_shift","3x","10029","localized_3x_seed_10029","baseline","457427","510823513"
"videos_worth_spreading.in","localized_shift","3x","10029","localized_3x_seed_10029","greedy","602892","510823513"
"videos_worth_spreading.in","localized_shift","3x","10029","localized_3x_seed_10029","greedy-ls","603795","510823513"
"videos_worth_spreading.in","localized_shift","3x","10029","localized_3x_seed_10029","ocag","602911","510823513"
"videos_worth_spreading.in","localized_shift","3x","10029","localized_3x_seed_10029","ocag-ls","603883","510823513"
"videos_worth_spreading.in","localized_shift","3x","10030","localized_3x_seed_10030","baseline","457960","511427605"
"videos_worth_spreading.in","localized_shift","3x","10030","localized_3x_seed_10030","greedy","601667","511427605"
"videos_worth_spreading.in","localized_shift","3x","10030","localized_3x_seed_10030","greedy-ls","602687","511427605"
"videos_worth_spreading.in","localized_shift","3x","10030","localized_3x_seed_10030","ocag","601713","511427605"
"videos_worth_spreading.in","localized_shift","3x","10030","localized_3x_seed_10030","ocag-ls","602703","511427605"
"trending_today.in","nominal","0","-1","nominal","baseline","25791","500511001"
"trending_today.in","nominal","0","-1","nominal","greedy","499794","500511001"
"trending_today.in","nominal","0","-1","nominal","greedy-ls","499851","500511001"
"trending_today.in","nominal","0","-1","nominal","ocag","499794","500511001"
"trending_today.in","nominal","0","-1","nominal","ocag-ls","499851","500511001"
"trending_today.in","multiplicative","0.05","10001","noise_0.05_seed_10001","baseline","25761","500382599"
"trending_today.in","multiplicative","0.05","10001","noise_0.05_seed_10001","greedy","499791","500382599"
"trending_today.in","multiplicative","0.05","10001","noise_0.05_seed_10001","greedy-ls","499850","500382599"
"trending_today.in","multiplicative","0.05","10001","noise_0.05_seed_10001","ocag","499791","500382599"
"trending_today.in","multiplicative","0.05","10001","noise_0.05_seed_10001","ocag-ls","499850","500382599"
"trending_today.in","multiplicative","0.05","10002","noise_0.05_seed_10002","baseline","25796","500373629"
"trending_today.in","multiplicative","0.05","10002","noise_0.05_seed_10002","greedy","499794","500373629"
"trending_today.in","multiplicative","0.05","10002","noise_0.05_seed_10002","greedy-ls","499850","500373629"
"trending_today.in","multiplicative","0.05","10002","noise_0.05_seed_10002","ocag","499794","500373629"
"trending_today.in","multiplicative","0.05","10002","noise_0.05_seed_10002","ocag-ls","499850","500373629"
"trending_today.in","multiplicative","0.05","10003","noise_0.05_seed_10003","baseline","25781","500611905"
"trending_today.in","multiplicative","0.05","10003","noise_0.05_seed_10003","greedy","499792","500611905"
"trending_today.in","multiplicative","0.05","10003","noise_0.05_seed_10003","greedy-ls","499850","500611905"
"trending_today.in","multiplicative","0.05","10003","noise_0.05_seed_10003","ocag","499792","500611905"
"trending_today.in","multiplicative","0.05","10003","noise_0.05_seed_10003","ocag-ls","499850","500611905"
"trending_today.in","multiplicative","0.05","10004","noise_0.05_seed_10004","baseline","25825","500367805"
"trending_today.in","multiplicative","0.05","10004","noise_0.05_seed_10004","greedy","499793","500367805"
"trending_today.in","multiplicative","0.05","10004","noise_0.05_seed_10004","greedy-ls","499850","500367805"
"trending_today.in","multiplicative","0.05","10004","noise_0.05_seed_10004","ocag","499793","500367805"
"trending_today.in","multiplicative","0.05","10004","noise_0.05_seed_10004","ocag-ls","499850","500367805"
"trending_today.in","multiplicative","0.05","10005","noise_0.05_seed_10005","baseline","25780","500508821"
"trending_today.in","multiplicative","0.05","10005","noise_0.05_seed_10005","greedy","499792","500508821"
"trending_today.in","multiplicative","0.05","10005","noise_0.05_seed_10005","greedy-ls","499850","500508821"
"trending_today.in","multiplicative","0.05","10005","noise_0.05_seed_10005","ocag","499792","500508821"
"trending_today.in","multiplicative","0.05","10005","noise_0.05_seed_10005","ocag-ls","499850","500508821"
"trending_today.in","multiplicative","0.05","10006","noise_0.05_seed_10006","baseline","25818","500680420"
"trending_today.in","multiplicative","0.05","10006","noise_0.05_seed_10006","greedy","499797","500680420"
"trending_today.in","multiplicative","0.05","10006","noise_0.05_seed_10006","greedy-ls","499853","500680420"
"trending_today.in","multiplicative","0.05","10006","noise_0.05_seed_10006","ocag","499797","500680420"
"trending_today.in","multiplicative","0.05","10006","noise_0.05_seed_10006","ocag-ls","499853","500680420"
"trending_today.in","multiplicative","0.05","10007","noise_0.05_seed_10007","baseline","25811","500402847"
"trending_today.in","multiplicative","0.05","10007","noise_0.05_seed_10007","greedy","499792","500402847"
"trending_today.in","multiplicative","0.05","10007","noise_0.05_seed_10007","greedy-ls","499850","500402847"
"trending_today.in","multiplicative","0.05","10007","noise_0.05_seed_10007","ocag","499792","500402847"
"trending_today.in","multiplicative","0.05","10007","noise_0.05_seed_10007","ocag-ls","499850","500402847"
"trending_today.in","multiplicative","0.05","10008","noise_0.05_seed_10008","baseline","25771","500410712"
"trending_today.in","multiplicative","0.05","10008","noise_0.05_seed_10008","greedy","499795","500410712"
"trending_today.in","multiplicative","0.05","10008","noise_0.05_seed_10008","greedy-ls","499852","500410712"
"trending_today.in","multiplicative","0.05","10008","noise_0.05_seed_10008","ocag","499795","500410712"
"trending_today.in","multiplicative","0.05","10008","noise_0.05_seed_10008","ocag-ls","499852","500410712"
"trending_today.in","multiplicative","0.05","10009","noise_0.05_seed_10009","baseline","25796","500451837"
"trending_today.in","multiplicative","0.05","10009","noise_0.05_seed_10009","greedy","499796","500451837"
"trending_today.in","multiplicative","0.05","10009","noise_0.05_seed_10009","greedy-ls","499852","500451837"
"trending_today.in","multiplicative","0.05","10009","noise_0.05_seed_10009","ocag","499796","500451837"
"trending_today.in","multiplicative","0.05","10009","noise_0.05_seed_10009","ocag-ls","499852","500451837"
"trending_today.in","multiplicative","0.05","10010","noise_0.05_seed_10010","baseline","25748","500603192"
"trending_today.in","multiplicative","0.05","10010","noise_0.05_seed_10010","greedy","499795","500603192"
"trending_today.in","multiplicative","0.05","10010","noise_0.05_seed_10010","greedy-ls","499852","500603192"
"trending_today.in","multiplicative","0.05","10010","noise_0.05_seed_10010","ocag","499795","500603192"
"trending_today.in","multiplicative","0.05","10010","noise_0.05_seed_10010","ocag-ls","499852","500603192"
"trending_today.in","multiplicative","0.05","10011","noise_0.05_seed_10011","baseline","25794","500404768"
"trending_today.in","multiplicative","0.05","10011","noise_0.05_seed_10011","greedy","499792","500404768"
"trending_today.in","multiplicative","0.05","10011","noise_0.05_seed_10011","greedy-ls","499850","500404768"
"trending_today.in","multiplicative","0.05","10011","noise_0.05_seed_10011","ocag","499792","500404768"
"trending_today.in","multiplicative","0.05","10011","noise_0.05_seed_10011","ocag-ls","499850","500404768"
"trending_today.in","multiplicative","0.05","10012","noise_0.05_seed_10012","baseline","25774","500412666"
"trending_today.in","multiplicative","0.05","10012","noise_0.05_seed_10012","greedy","499796","500412666"
"trending_today.in","multiplicative","0.05","10012","noise_0.05_seed_10012","greedy-ls","499852","500412666"
"trending_today.in","multiplicative","0.05","10012","noise_0.05_seed_10012","ocag","499796","500412666"
"trending_today.in","multiplicative","0.05","10012","noise_0.05_seed_10012","ocag-ls","499852","500412666"
"trending_today.in","multiplicative","0.05","10013","noise_0.05_seed_10013","baseline","25777","500492486"
"trending_today.in","multiplicative","0.05","10013","noise_0.05_seed_10013","greedy","499794","500492486"
"trending_today.in","multiplicative","0.05","10013","noise_0.05_seed_10013","greedy-ls","499851","500492486"
"trending_today.in","multiplicative","0.05","10013","noise_0.05_seed_10013","ocag","499794","500492486"
"trending_today.in","multiplicative","0.05","10013","noise_0.05_seed_10013","ocag-ls","499851","500492486"
"trending_today.in","multiplicative","0.05","10014","noise_0.05_seed_10014","baseline","25767","500426355"
"trending_today.in","multiplicative","0.05","10014","noise_0.05_seed_10014","greedy","499794","500426355"
"trending_today.in","multiplicative","0.05","10014","noise_0.05_seed_10014","greedy-ls","499851","500426355"
"trending_today.in","multiplicative","0.05","10014","noise_0.05_seed_10014","ocag","499794","500426355"
"trending_today.in","multiplicative","0.05","10014","noise_0.05_seed_10014","ocag-ls","499851","500426355"
"trending_today.in","multiplicative","0.05","10015","noise_0.05_seed_10015","baseline","25798","500715075"
"trending_today.in","multiplicative","0.05","10015","noise_0.05_seed_10015","greedy","499793","500715075"
"trending_today.in","multiplicative","0.05","10015","noise_0.05_seed_10015","greedy-ls","499850","500715075"
"trending_today.in","multiplicative","0.05","10015","noise_0.05_seed_10015","ocag","499793","500715075"
"trending_today.in","multiplicative","0.05","10015","noise_0.05_seed_10015","ocag-ls","499850","500715075"
"trending_today.in","multiplicative","0.05","10016","noise_0.05_seed_10016","baseline","25783","500386377"
"trending_today.in","multiplicative","0.05","10016","noise_0.05_seed_10016","greedy","499794","500386377"
"trending_today.in","multiplicative","0.05","10016","noise_0.05_seed_10016","greedy-ls","499850","500386377"
"trending_today.in","multiplicative","0.05","10016","noise_0.05_seed_10016","ocag","499794","500386377"
"trending_today.in","multiplicative","0.05","10016","noise_0.05_seed_10016","ocag-ls","499850","500386377"
"trending_today.in","multiplicative","0.05","10017","noise_0.05_seed_10017","baseline","25773","500372251"
"trending_today.in","multiplicative","0.05","10017","noise_0.05_seed_10017","greedy","499795","500372251"
"trending_today.in","multiplicative","0.05","10017","noise_0.05_seed_10017","greedy-ls","499853","500372251"
"trending_today.in","multiplicative","0.05","10017","noise_0.05_seed_10017","ocag","499795","500372251"
"trending_today.in","multiplicative","0.05","10017","noise_0.05_seed_10017","ocag-ls","499853","500372251"
"trending_today.in","multiplicative","0.05","10018","noise_0.05_seed_10018","baseline","25781","500519605"
"trending_today.in","multiplicative","0.05","10018","noise_0.05_seed_10018","greedy","499793","500519605"
"trending_today.in","multiplicative","0.05","10018","noise_0.05_seed_10018","greedy-ls","499850","500519605"
"trending_today.in","multiplicative","0.05","10018","noise_0.05_seed_10018","ocag","499793","500519605"
"trending_today.in","multiplicative","0.05","10018","noise_0.05_seed_10018","ocag-ls","499850","500519605"
"trending_today.in","multiplicative","0.05","10019","noise_0.05_seed_10019","baseline","25763","500424616"
"trending_today.in","multiplicative","0.05","10019","noise_0.05_seed_10019","greedy","499794","500424616"
"trending_today.in","multiplicative","0.05","10019","noise_0.05_seed_10019","greedy-ls","499851","500424616"
"trending_today.in","multiplicative","0.05","10019","noise_0.05_seed_10019","ocag","499794","500424616"
"trending_today.in","multiplicative","0.05","10019","noise_0.05_seed_10019","ocag-ls","499851","500424616"
"trending_today.in","multiplicative","0.05","10020","noise_0.05_seed_10020","baseline","25809","500370463"
"trending_today.in","multiplicative","0.05","10020","noise_0.05_seed_10020","greedy","499793","500370463"
"trending_today.in","multiplicative","0.05","10020","noise_0.05_seed_10020","greedy-ls","499850","500370463"
"trending_today.in","multiplicative","0.05","10020","noise_0.05_seed_10020","ocag","499793","500370463"
"trending_today.in","multiplicative","0.05","10020","noise_0.05_seed_10020","ocag-ls","499850","500370463"
"trending_today.in","multiplicative","0.05","10021","noise_0.05_seed_10021","baseline","25772","500301779"
"trending_today.in","multiplicative","0.05","10021","noise_0.05_seed_10021","greedy","499794","500301779"
"trending_today.in","multiplicative","0.05","10021","noise_0.05_seed_10021","greedy-ls","499852","500301779"
"trending_today.in","multiplicative","0.05","10021","noise_0.05_seed_10021","ocag","499794","500301779"
"trending_today.in","multiplicative","0.05","10021","noise_0.05_seed_10021","ocag-ls","499852","500301779"
"trending_today.in","multiplicative","0.05","10022","noise_0.05_seed_10022","baseline","25752","500543656"
"trending_today.in","multiplicative","0.05","10022","noise_0.05_seed_10022","greedy","499790","500543656"
"trending_today.in","multiplicative","0.05","10022","noise_0.05_seed_10022","greedy-ls","499848","500543656"
"trending_today.in","multiplicative","0.05","10022","noise_0.05_seed_10022","ocag","499790","500543656"
"trending_today.in","multiplicative","0.05","10022","noise_0.05_seed_10022","ocag-ls","499848","500543656"
"trending_today.in","multiplicative","0.05","10023","noise_0.05_seed_10023","baseline","25778","500606836"
"trending_today.in","multiplicative","0.05","10023","noise_0.05_seed_10023","greedy","499795","500606836"
"trending_today.in","multiplicative","0.05","10023","noise_0.05_seed_10023","greedy-ls","499852","500606836"
"trending_today.in","multiplicative","0.05","10023","noise_0.05_seed_10023","ocag","499795","500606836"
"trending_today.in","multiplicative","0.05","10023","noise_0.05_seed_10023","ocag-ls","499852","500606836"
"trending_today.in","multiplicative","0.05","10024","noise_0.05_seed_10024","baseline","25771","500580287"
"trending_today.in","multiplicative","0.05","10024","noise_0.05_seed_10024","greedy","499795","500580287"
"trending_today.in","multiplicative","0.05","10024","noise_0.05_seed_10024","greedy-ls","499851","500580287"
"trending_today.in","multiplicative","0.05","10024","noise_0.05_seed_10024","ocag","499795","500580287"
"trending_today.in","multiplicative","0.05","10024","noise_0.05_seed_10024","ocag-ls","499851","500580287"
"trending_today.in","multiplicative","0.05","10025","noise_0.05_seed_10025","baseline","25799","500408787"
"trending_today.in","multiplicative","0.05","10025","noise_0.05_seed_10025","greedy","499795","500408787"
"trending_today.in","multiplicative","0.05","10025","noise_0.05_seed_10025","greedy-ls","499851","500408787"
"trending_today.in","multiplicative","0.05","10025","noise_0.05_seed_10025","ocag","499795","500408787"
"trending_today.in","multiplicative","0.05","10025","noise_0.05_seed_10025","ocag-ls","499851","500408787"
"trending_today.in","multiplicative","0.05","10026","noise_0.05_seed_10026","baseline","25785","500515217"
"trending_today.in","multiplicative","0.05","10026","noise_0.05_seed_10026","greedy","499795","500515217"
"trending_today.in","multiplicative","0.05","10026","noise_0.05_seed_10026","greedy-ls","499853","500515217"
"trending_today.in","multiplicative","0.05","10026","noise_0.05_seed_10026","ocag","499795","500515217"
"trending_today.in","multiplicative","0.05","10026","noise_0.05_seed_10026","ocag-ls","499853","500515217"
"trending_today.in","multiplicative","0.05","10027","noise_0.05_seed_10027","baseline","25806","500632371"
"trending_today.in","multiplicative","0.05","10027","noise_0.05_seed_10027","greedy","499792","500632371"
"trending_today.in","multiplicative","0.05","10027","noise_0.05_seed_10027","greedy-ls","499850","500632371"
"trending_today.in","multiplicative","0.05","10027","noise_0.05_seed_10027","ocag","499792","500632371"
"trending_today.in","multiplicative","0.05","10027","noise_0.05_seed_10027","ocag-ls","499850","500632371"
"trending_today.in","multiplicative","0.05","10028","noise_0.05_seed_10028","baseline","25807","500483850"
"trending_today.in","multiplicative","0.05","10028","noise_0.05_seed_10028","greedy","499793","500483850"
"trending_today.in","multiplicative","0.05","10028","noise_0.05_seed_10028","greedy-ls","499849","500483850"
"trending_today.in","multiplicative","0.05","10028","noise_0.05_seed_10028","ocag","499793","500483850"
"trending_today.in","multiplicative","0.05","10028","noise_0.05_seed_10028","ocag-ls","499849","500483850"
"trending_today.in","multiplicative","0.05","10029","noise_0.05_seed_10029","baseline","25791","500471168"
"trending_today.in","multiplicative","0.05","10029","noise_0.05_seed_10029","greedy","499793","500471168"
"trending_today.in","multiplicative","0.05","10029","noise_0.05_seed_10029","greedy-ls","499850","500471168"
"trending_today.in","multiplicative","0.05","10029","noise_0.05_seed_10029","ocag","499793","500471168"
"trending_today.in","multiplicative","0.05","10029","noise_0.05_seed_10029","ocag-ls","499850","500471168"
"trending_today.in","multiplicative","0.05","10030","noise_0.05_seed_10030","baseline","25778","500459030"
"trending_today.in","multiplicative","0.05","10030","noise_0.05_seed_10030","greedy","499794","500459030"
"trending_today.in","multiplicative","0.05","10030","noise_0.05_seed_10030","greedy-ls","499852","500459030"
"trending_today.in","multiplicative","0.05","10030","noise_0.05_seed_10030","ocag","499794","500459030"
"trending_today.in","multiplicative","0.05","10030","noise_0.05_seed_10030","ocag-ls","499852","500459030"
"trending_today.in","multiplicative","0.10","10001","noise_0.10_seed_10001","baseline","25732","500254247"
"trending_today.in","multiplicative","0.10","10001","noise_0.10_seed_10001","greedy","499789","500254247"
"trending_today.in","multiplicative","0.10","10001","noise_0.10_seed_10001","greedy-ls","499850","500254247"
"trending_today.in","multiplicative","0.10","10001","noise_0.10_seed_10001","ocag","499789","500254247"
"trending_today.in","multiplicative","0.10","10001","noise_0.10_seed_10001","ocag-ls","499850","500254247"
"trending_today.in","multiplicative","0.10","10002","noise_0.10_seed_10002","baseline","25802","500236288"
"trending_today.in","multiplicative","0.10","10002","noise_0.10_seed_10002","greedy","499793","500236288"
"trending_today.in","multiplicative","0.10","10002","noise_0.10_seed_10002","greedy-ls","499849","500236288"
"trending_today.in","multiplicative","0.10","10002","noise_0.10_seed_10002","ocag","499793","500236288"
"trending_today.in","multiplicative","0.10","10002","noise_0.10_seed_10002","ocag-ls","499849","500236288"
"trending_today.in","multiplicative","0.10","10003","noise_0.10_seed_10003","baseline","25771","500713312"
"trending_today.in","multiplicative","0.10","10003","noise_0.10_seed_10003","greedy","499790","500713312"
"trending_today.in","multiplicative","0.10","10003","noise_0.10_seed_10003","greedy-ls","499849","500713312"
"trending_today.in","multiplicative","0.10","10003","noise_0.10_seed_10003","ocag","499790","500713312"
"trending_today.in","multiplicative","0.10","10003","noise_0.10_seed_10003","ocag-ls","499849","500713312"
"trending_today.in","multiplicative","0.10","10004","noise_0.10_seed_10004","baseline","25860","500224817"
"trending_today.in","multiplicative","0.10","10004","noise_0.10_seed_10004","greedy","499792","500224817"
"trending_today.in","multiplicative","0.10","10004","noise_0.10_seed_10004","greedy-ls","499849","500224817"
"trending_today.in","multiplicative","0.10","10004","noise_0.10_seed_10004","ocag","499792","500224817"
"trending_today.in","multiplicative","0.10","10004","noise_0.10_seed_10004","ocag-ls","499849","500224817"
"trending_today.in","multiplicative","0.10","10005","noise_0.10_seed_10005","baseline","25769","500506804"
"trending_today.in","multiplicative","0.10","10005","noise_0.10_seed_10005","greedy","499790","500506804"
"trending_today.in","multiplicative","0.10","10005","noise_0.10_seed_10005","greedy-ls","499850","500506804"
"trending_today.in","multiplicative","0.10","10005","noise_0.10_seed_10005","ocag","499790","500506804"
"trending_today.in","multiplicative","0.10","10005","noise_0.10_seed_10005","ocag-ls","499850","500506804"
"trending_today.in","multiplicative","0.10","10006","noise_0.10_seed_10006","baseline","25846","500849462"
"trending_today.in","multiplicative","0.10","10006","noise_0.10_seed_10006","greedy","499800","500849462"
"trending_today.in","multiplicative","0.10","10006","noise_0.10_seed_10006","greedy-ls","499855","500849462"
"trending_today.in","multiplicative","0.10","10006","noise_0.10_seed_10006","ocag","499800","500849462"
"trending_today.in","multiplicative","0.10","10006","noise_0.10_seed_10006","ocag-ls","499855","500849462"
"trending_today.in","multiplicative","0.10","10007","noise_0.10_seed_10007","baseline","25831","500294763"
"trending_today.in","multiplicative","0.10","10007","noise_0.10_seed_10007","greedy","499790","500294763"
"trending_today.in","multiplicative","0.10","10007","noise_0.10_seed_10007","greedy-ls","499849","500294763"
"trending_today.in","multiplicative","0.10","10007","noise_0.10_seed_10007","ocag","499790","500294763"
"trending_today.in","multiplicative","0.10","10007","noise_0.10_seed_10007","ocag-ls","499849","500294763"
"trending_today.in","multiplicative","0.10","10008","noise_0.10_seed_10008","baseline","25752","500310457"
"trending_today.in","multiplicative","0.10","10008","noise_0.10_seed_10008","greedy","499795","500310457"
"trending_today.in","multiplicative","0.10","10008","noise_0.10_seed_10008","greedy-ls","499852","500310457"
"trending_today.in","multiplicative","0.10","10008","noise_0.10_seed_10008","ocag","499795","500310457"
"trending_today.in","multiplicative","0.10","10008","noise_0.10_seed_10008","ocag-ls","499852","500310457"
"trending_today.in","multiplicative","0.10","10009","noise_0.10_seed_10009","baseline","25801","500393071"
"trending_today.in","multiplicative","0.10","10009","noise_0.10_seed_10009","greedy","499798","500393071"
"trending_today.in","multiplicative","0.10","10009","noise_0.10_seed_10009","greedy-ls","499853","500393071"
"trending_today.in","multiplicative","0.10","10009","noise_0.10_seed_10009","ocag","499798","500393071"
"trending_today.in","multiplicative","0.10","10009","noise_0.10_seed_10009","ocag-ls","499853","500393071"
"trending_today.in","multiplicative","0.10","10010","noise_0.10_seed_10010","baseline","25706","500695418"
"trending_today.in","multiplicative","0.10","10010","noise_0.10_seed_10010","greedy","499795","500695418"
"trending_today.in","multiplicative","0.10","10010","noise_0.10_seed_10010","greedy-ls","499853","500695418"
"trending_today.in","multiplicative","0.10","10010","noise_0.10_seed_10010","ocag","499795","500695418"
"trending_today.in","multiplicative","0.10","10010","noise_0.10_seed_10010","ocag-ls","499853","500695418"
"trending_today.in","multiplicative","0.10","10011","noise_0.10_seed_10011","baseline","25797","500298702"
"trending_today.in","multiplicative","0.10","10011","noise_0.10_seed_10011","greedy","499789","500298702"
"trending_today.in","multiplicative","0.10","10011","noise_0.10_seed_10011","greedy-ls","499849","500298702"
"trending_today.in","multiplicative","0.10","10011","noise_0.10_seed_10011","ocag","499789","500298702"
"trending_today.in","multiplicative","0.10","10011","noise_0.10_seed_10011","ocag-ls","499849","500298702"
"trending_today.in","multiplicative","0.10","10012","noise_0.10_seed_10012","baseline","25756","500314543"
"trending_today.in","multiplicative","0.10","10012","noise_0.10_seed_10012","greedy","499797","500314543"
"trending_today.in","multiplicative","0.10","10012","noise_0.10_seed_10012","greedy-ls","499852","500314543"
"trending_today.in","multiplicative","0.10","10012","noise_0.10_seed_10012","ocag","499797","500314543"
"trending_today.in","multiplicative","0.10","10012","noise_0.10_seed_10012","ocag-ls","499852","500314543"
"trending_today.in","multiplicative","0.10","10013","noise_0.10_seed_10013","baseline","25764","500473915"
"trending_today.in","multiplicative","0.10","10013","noise_0.10_seed_10013","greedy","499794","500473915"
"trending_today.in","multiplicative","0.10","10013","noise_0.10_seed_10013","greedy-ls","499852","500473915"
"trending_today.in","multiplicative","0.10","10013","noise_0.10_seed_10013","ocag","499794","500473915"
"trending_today.in","multiplicative","0.10","10013","noise_0.10_seed_10013","ocag-ls","499852","500473915"
"trending_today.in","multiplicative","0.10","10014","noise_0.10_seed_10014","baseline","25743","500341405"
"trending_today.in","multiplicative","0.10","10014","noise_0.10_seed_10014","greedy","499795","500341405"
"trending_today.in","multiplicative","0.10","10014","noise_0.10_seed_10014","greedy-ls","499851","500341405"
"trending_today.in","multiplicative","0.10","10014","noise_0.10_seed_10014","ocag","499795","500341405"
"trending_today.in","multiplicative","0.10","10014","noise_0.10_seed_10014","ocag-ls","499851","500341405"
"trending_today.in","multiplicative","0.10","10015","noise_0.10_seed_10015","baseline","25806","500918981"
"trending_today.in","multiplicative","0.10","10015","noise_0.10_seed_10015","greedy","499792","500918981"
"trending_today.in","multiplicative","0.10","10015","noise_0.10_seed_10015","greedy-ls","499848","500918981"
"trending_today.in","multiplicative","0.10","10015","noise_0.10_seed_10015","ocag","499792","500918981"
"trending_today.in","multiplicative","0.10","10015","noise_0.10_seed_10015","ocag-ls","499848","500918981"
"trending_today.in","multiplicative","0.10","10016","noise_0.10_seed_10016","baseline","25775","500262196"
"trending_today.in","multiplicative","0.10","10016","noise_0.10_seed_10016","greedy","499794","500262196"
"trending_today.in","multiplicative","0.10","10016","noise_0.10_seed_10016","greedy-ls","499849","500262196"
"trending_today.in","multiplicative","0.10","10016","noise_0.10_seed_10016","ocag","499794","500262196"
"trending_today.in","multiplicative","0.10","10016","noise_0.10_seed_10016","ocag-ls","499849","500262196"
"trending_today.in","multiplicative","0.10","10017","noise_0.10_seed_10017","baseline","25756","500233709"
"trending_today.in","multiplicative","0.10","10017","noise_0.10_seed_10017","greedy","499796","500233709"
"trending_today.in","multiplicative","0.10","10017","noise_0.10_seed_10017","greedy-ls","499855","500233709"
"trending_today.in","multiplicative","0.10","10017","noise_0.10_seed_10017","ocag","499796","500233709"
"trending_today.in","multiplicative","0.10","10017","noise_0.10_seed_10017","ocag-ls","499855","500233709"
"trending_today.in","multiplicative","0.10","10018","noise_0.10_seed_10018","baseline","25771","500528314"
"trending_today.in","multiplicative","0.10","10018","noise_0.10_seed_10018","greedy","499792","500528314"
"trending_today.in","multiplicative","0.10","10018","noise_0.10_seed_10018","greedy-ls","499849","500528314"
"trending_today.in","multiplicative","0.10","10018","noise_0.10_seed_10018","ocag","499792","500528314"
"trending_today.in","multiplicative","0.10","10018","noise_0.10_seed_10018","ocag-ls","499849","500528314"
"trending_today.in","multiplicative","0.10","10019","noise_0.10_seed_10019","baseline","25734","500338333"
"trending_today.in","multiplicative","0.10","10019","noise_0.10_seed_10019","greedy","499795","500338333"
"trending_today.in","multiplicative","0.10","10019","noise_0.10_seed_10019","greedy-ls","499851","500338333"
"trending_today.in","multiplicative","0.10","10019","noise_0.10_seed_10019","ocag","499795","500338333"
"trending_today.in","multiplicative","0.10","10019","noise_0.10_seed_10019","ocag-ls","499851","500338333"
"trending_today.in","multiplicative","0.10","10020","noise_0.10_seed_10020","baseline","25827","500229935"
"trending_today.in","multiplicative","0.10","10020","noise_0.10_seed_10020","greedy","499793","500229935"
"trending_today.in","multiplicative","0.10","10020","noise_0.10_seed_10020","greedy-ls","499850","500229935"
"trending_today.in","multiplicative","0.10","10020","noise_0.10_seed_10020","ocag","499793","500229935"
"trending_today.in","multiplicative","0.10","10020","noise_0.10_seed_10020","ocag-ls","499850","500229935"
"trending_today.in","multiplicative","0.10","10021","noise_0.10_seed_10021","baseline","25754","500092384"
"trending_today.in","multiplicative","0.10","10021","noise_0.10_seed_10021","greedy","499795","500092384"
"trending_today.in","multiplicative","0.10","10021","noise_0.10_seed_10021","greedy-ls","499853","500092384"
"trending_today.in","multiplicative","0.10","10021","noise_0.10_seed_10021","ocag","499795","500092384"
"trending_today.in","multiplicative","0.10","10021","noise_0.10_seed_10021","ocag-ls","499853","500092384"
"trending_today.in","multiplicative","0.10","10022","noise_0.10_seed_10022","baseline","25713","500576261"
"trending_today.in","multiplicative","0.10","10022","noise_0.10_seed_10022","greedy","499785","500576261"
"trending_today.in","multiplicative","0.10","10022","noise_0.10_seed_10022","greedy-ls","499845","500576261"
"trending_today.in","multiplicative","0.10","10022","noise_0.10_seed_10022","ocag","499785","500576261"
"trending_today.in","multiplicative","0.10","10022","noise_0.10_seed_10022","ocag-ls","499845","500576261"
"trending_today.in","multiplicative","0.10","10023","noise_0.10_seed_10023","baseline","25764","500702437"
"trending_today.in","multiplicative","0.10","10023","noise_0.10_seed_10023","greedy","499795","500702437"
"trending_today.in","multiplicative","0.10","10023","noise_0.10_seed_10023","greedy-ls","499853","500702437"
"trending_today.in","multiplicative","0.10","10023","noise_0.10_seed_10023","ocag","499795","500702437"
"trending_today.in","multiplicative","0.10","10023","noise_0.10_seed_10023","ocag-ls","499853","500702437"
"trending_today.in","multiplicative","0.10","10024","noise_0.10_seed_10024","baseline","25751","500649329"
"trending_today.in","multiplicative","0.10","10024","noise_0.10_seed_10024","greedy","499795","500649329"
"trending_today.in","multiplicative","0.10","10024","noise_0.10_seed_10024","greedy-ls","499852","500649329"
"trending_today.in","multiplicative","0.10","10024","noise_0.10_seed_10024","ocag","499795","500649329"
"trending_today.in","multiplicative","0.10","10024","noise_0.10_seed_10024","ocag-ls","499852","500649329"
"trending_today.in","multiplicative","0.10","10025","noise_0.10_seed_10025","baseline","25807","500306485"
"trending_today.in","multiplicative","0.10","10025","noise_0.10_seed_10025","greedy","499795","500306485"
"trending_today.in","multiplicative","0.10","10025","noise_0.10_seed_10025","greedy-ls","499851","500306485"
"trending_today.in","multiplicative","0.10","10025","noise_0.10_seed_10025","ocag","499795","500306485"
"trending_today.in","multiplicative","0.10","10025","noise_0.10_seed_10025","ocag-ls","499851","500306485"
"trending_today.in","multiplicative","0.10","10026","noise_0.10_seed_10026","baseline","25779","500519415"
"trending_today.in","multiplicative","0.10","10026","noise_0.10_seed_10026","greedy","499796","500519415"
"trending_today.in","multiplicative","0.10","10026","noise_0.10_seed_10026","greedy-ls","499855","500519415"
"trending_today.in","multiplicative","0.10","10026","noise_0.10_seed_10026","ocag","499796","500519415"
"trending_today.in","multiplicative","0.10","10026","noise_0.10_seed_10026","ocag-ls","499855","500519415"
"trending_today.in","multiplicative","0.10","10027","noise_0.10_seed_10027","baseline","25822","500753967"
"trending_today.in","multiplicative","0.10","10027","noise_0.10_seed_10027","greedy","499791","500753967"
"trending_today.in","multiplicative","0.10","10027","noise_0.10_seed_10027","greedy-ls","499849","500753967"
"trending_today.in","multiplicative","0.10","10027","noise_0.10_seed_10027","ocag","499791","500753967"
"trending_today.in","multiplicative","0.10","10027","noise_0.10_seed_10027","ocag-ls","499849","500753967"
"trending_today.in","multiplicative","0.10","10028","noise_0.10_seed_10028","baseline","25823","500456380"
"trending_today.in","multiplicative","0.10","10028","noise_0.10_seed_10028","greedy","499792","500456380"
"trending_today.in","multiplicative","0.10","10028","noise_0.10_seed_10028","greedy-ls","499847","500456380"
"trending_today.in","multiplicative","0.10","10028","noise_0.10_seed_10028","ocag","499792","500456380"
"trending_today.in","multiplicative","0.10","10028","noise_0.10_seed_10028","ocag-ls","499847","500456380"
"trending_today.in","multiplicative","0.10","10029","noise_0.10_seed_10029","baseline","25791","500431481"
"trending_today.in","multiplicative","0.10","10029","noise_0.10_seed_10029","greedy","499792","500431481"
"trending_today.in","multiplicative","0.10","10029","noise_0.10_seed_10029","greedy-ls","499850","500431481"
"trending_today.in","multiplicative","0.10","10029","noise_0.10_seed_10029","ocag","499792","500431481"
"trending_today.in","multiplicative","0.10","10029","noise_0.10_seed_10029","ocag-ls","499850","500431481"
"trending_today.in","multiplicative","0.10","10030","noise_0.10_seed_10030","baseline","25766","500407216"
"trending_today.in","multiplicative","0.10","10030","noise_0.10_seed_10030","greedy","499793","500407216"
"trending_today.in","multiplicative","0.10","10030","noise_0.10_seed_10030","greedy-ls","499852","500407216"
"trending_today.in","multiplicative","0.10","10030","noise_0.10_seed_10030","ocag","499793","500407216"
"trending_today.in","multiplicative","0.10","10030","noise_0.10_seed_10030","ocag-ls","499852","500407216"
"trending_today.in","multiplicative","0.20","10001","noise_0.20_seed_10001","baseline","25673","499997542"
"trending_today.in","multiplicative","0.20","10001","noise_0.20_seed_10001","greedy","499784","499997542"
"trending_today.in","multiplicative","0.20","10001","noise_0.20_seed_10001","greedy-ls","499849","499997542"
"trending_today.in","multiplicative","0.20","10001","noise_0.20_seed_10001","ocag","499784","499997542"
"trending_today.in","multiplicative","0.20","10001","noise_0.20_seed_10001","ocag-ls","499849","499997542"
"trending_today.in","multiplicative","0.20","10002","noise_0.20_seed_10002","baseline","25812","499961324"
"trending_today.in","multiplicative","0.20","10002","noise_0.20_seed_10002","greedy","499793","499961324"
"trending_today.in","multiplicative","0.20","10002","noise_0.20_seed_10002","greedy-ls","499846","499961324"
"trending_today.in","multiplicative","0.20","10002","noise_0.20_seed_10002","ocag","499793","499961324"
"trending_today.in","multiplicative","0.20","10002","noise_0.20_seed_10002","ocag-ls","499846","499961324"
"trending_today.in","multiplicative","0.20","10003","noise_0.20_seed_10003","baseline","25752","500915502"
"trending_today.in","multiplicative","0.20","10003","noise_0.20_seed_10003","greedy","499786","500915502"
"trending_today.in","multiplicative","0.20","10003","noise_0.20_seed_10003","greedy-ls","499848","500915502"
"trending_today.in","multiplicative","0.20","10003","noise_0.20_seed_10003","ocag","499786","500915502"
"trending_today.in","multiplicative","0.20","10003","noise_0.20_seed_10003","ocag-ls","499848","500915502"
"trending_today.in","multiplicative","0.20","10004","noise_0.20_seed_10004","baseline","25929","499938348"
"trending_today.in","multiplicative","0.20","10004","noise_0.20_seed_10004","greedy","499791","499938348"
"trending_today.in","multiplicative","0.20","10004","noise_0.20_seed_10004","greedy-ls","499848","499938348"
"trending_today.in","multiplicative","0.20","10004","noise_0.20_seed_10004","ocag","499791","499938348"
"trending_today.in","multiplicative","0.20","10004","noise_0.20_seed_10004","ocag-ls","499848","499938348"
"trending_today.in","multiplicative","0.20","10005","noise_0.20_seed_10005","baseline","25747","500502547"
"trending_today.in","multiplicative","0.20","10005","noise_0.20_seed_10005","greedy","499787","500502547"
"trending_today.in","multiplicative","0.20","10005","noise_0.20_seed_10005","greedy-ls","499848","500502547"
"trending_today.in","multiplicative","0.20","10005","noise_0.20_seed_10005","ocag","499787","500502547"
"trending_today.in","multiplicative","0.20","10005","noise_0.20_seed_10005","ocag-ls","499848","500502547"
"trending_today.in","multiplicative","0.20","10006","noise_0.20_seed_10006","baseline","25901","501188144"
"trending_today.in","multiplicative","0.20","10006","noise_0.20_seed_10006","greedy","499805","501188144"
"trending_today.in","multiplicative","0.20","10006","noise_0.20_seed_10006","greedy-ls","499859","501188144"
"trending_today.in","multiplicative","0.20","10006","noise_0.20_seed_10006","ocag","499805","501188144"
"trending_today.in","multiplicative","0.20","10006","noise_0.20_seed_10006","ocag-ls","499859","501188144"
"trending_today.in","multiplicative","0.20","10007","noise_0.20_seed_10007","baseline","25871","500078507"
"trending_today.in","multiplicative","0.20","10007","noise_0.20_seed_10007","greedy","499786","500078507"
"trending_today.in","multiplicative","0.20","10007","noise_0.20_seed_10007","greedy-ls","499846","500078507"
"trending_today.in","multiplicative","0.20","10007","noise_0.20_seed_10007","ocag","499786","500078507"
"trending_today.in","multiplicative","0.20","10007","noise_0.20_seed_10007","ocag-ls","499846","500078507"
"trending_today.in","multiplicative","0.20","10008","noise_0.20_seed_10008","baseline","25712","500109865"
"trending_today.in","multiplicative","0.20","10008","noise_0.20_seed_10008","greedy","499797","500109865"
"trending_today.in","multiplicative","0.20","10008","noise_0.20_seed_10008","greedy-ls","499854","500109865"
"trending_today.in","multiplicative","0.20","10008","noise_0.20_seed_10008","ocag","499797","500109865"
"trending_today.in","multiplicative","0.20","10008","noise_0.20_seed_10008","ocag-ls","499854","500109865"
"trending_today.in","multiplicative","0.20","10009","noise_0.20_seed_10009","baseline","25812","500274951"
"trending_today.in","multiplicative","0.20","10009","noise_0.20_seed_10009","greedy","499803","500274951"
"trending_today.in","multiplicative","0.20","10009","noise_0.20_seed_10009","greedy-ls","499855","500274951"
"trending_today.in","multiplicative","0.20","10009","noise_0.20_seed_10009","ocag","499803","500274951"
"trending_today.in","multiplicative","0.20","10009","noise_0.20_seed_10009","ocag-ls","499855","500274951"
"trending_today.in","multiplicative","0.20","10010","noise_0.20_seed_10010","baseline","25620","500879681"
"trending_today.in","multiplicative","0.20","10010","noise_0.20_seed_10010","greedy","499796","500879681"
"trending_today.in","multiplicative","0.20","10010","noise_0.20_seed_10010","greedy-ls","499855","500879681"
"trending_today.in","multiplicative","0.20","10010","noise_0.20_seed_10010","ocag","499796","500879681"
"trending_today.in","multiplicative","0.20","10010","noise_0.20_seed_10010","ocag-ls","499855","500879681"
"trending_today.in","multiplicative","0.20","10011","noise_0.20_seed_10011","baseline","25804","500086328"
"trending_today.in","multiplicative","0.20","10011","noise_0.20_seed_10011","greedy","499784","500086328"
"trending_today.in","multiplicative","0.20","10011","noise_0.20_seed_10011","greedy-ls","499847","500086328"
"trending_today.in","multiplicative","0.20","10011","noise_0.20_seed_10011","ocag","499784","500086328"
"trending_today.in","multiplicative","0.20","10011","noise_0.20_seed_10011","ocag-ls","499847","500086328"
"trending_today.in","multiplicative","0.20","10012","noise_0.20_seed_10012","baseline","25721","500117839"
"trending_today.in","multiplicative","0.20","10012","noise_0.20_seed_10012","greedy","499800","500117839"
"trending_today.in","multiplicative","0.20","10012","noise_0.20_seed_10012","greedy-ls","499853","500117839"
"trending_today.in","multiplicative","0.20","10012","noise_0.20_seed_10012","ocag","499800","500117839"
"trending_today.in","multiplicative","0.20","10012","noise_0.20_seed_10012","ocag-ls","499853","500117839"
"trending_today.in","multiplicative","0.20","10013","noise_0.20_seed_10013","baseline","25737","500436787"
"trending_today.in","multiplicative","0.20","10013","noise_0.20_seed_10013","greedy","499793","500436787"
"trending_today.in","multiplicative","0.20","10013","noise_0.20_seed_10013","greedy-ls","499852","500436787"
"trending_today.in","multiplicative","0.20","10013","noise_0.20_seed_10013","ocag","499793","500436787"
"trending_today.in","multiplicative","0.20","10013","noise_0.20_seed_10013","ocag-ls","499852","500436787"
"trending_today.in","multiplicative","0.20","10014","noise_0.20_seed_10014","baseline","25696","500172143"
"trending_today.in","multiplicative","0.20","10014","noise_0.20_seed_10014","greedy","499795","500172143"
"trending_today.in","multiplicative","0.20","10014","noise_0.20_seed_10014","greedy-ls","499851","500172143"
"trending_today.in","multiplicative","0.20","10014","noise_0.20_seed_10014","ocag","499795","500172143"
"trending_today.in","multiplicative","0.20","10014","noise_0.20_seed_10014","ocag-ls","499851","500172143"
"trending_today.in","multiplicative","0.20","10015","noise_0.20_seed_10015","baseline","25820","501326951"
"trending_today.in","multiplicative","0.20","10015","noise_0.20_seed_10015","greedy","499790","501326951"
"trending_today.in","multiplicative","0.20","10015","noise_0.20_seed_10015","greedy-ls","499846","501326951"
"trending_today.in","multiplicative","0.20","10015","noise_0.20_seed_10015","ocag","499790","501326951"
"trending_today.in","multiplicative","0.20","10015","noise_0.20_seed_10015","ocag-ls","499846","501326951"
"trending_today.in","multiplicative","0.20","10016","noise_0.20_seed_10016","baseline","25759","500013287"
"trending_today.in","multiplicative","0.20","10016","noise_0.20_seed_10016","greedy","499793","500013287"
"trending_today.in","multiplicative","0.20","10016","noise_0.20_seed_10016","greedy-ls","499848","500013287"
"trending_today.in","multiplicative","0.20","10016","noise_0.20_seed_10016","ocag","499793","500013287"
"trending_today.in","multiplicative","0.20","10016","noise_0.20_seed_10016","ocag-ls","499848","500013287"
"trending_today.in","multiplicative","0.20","10017","noise_0.20_seed_10017","baseline","25720","499956121"
"trending_today.in","multiplicative","0.20","10017","noise_0.20_seed_10017","greedy","499798","499956121"
"trending_today.in","multiplicative","0.20","10017","noise_0.20_seed_10017","greedy-ls","499859","499956121"
"trending_today.in","multiplicative","0.20","10017","noise_0.20_seed_10017","ocag","499798","499956121"
"trending_today.in","multiplicative","0.20","10017","noise_0.20_seed_10017","ocag-ls","499859","499956121"
"trending_today.in","multiplicative","0.20","10018","noise_0.20_seed_10018","baseline","25751","500545685"
"trending_today.in","multiplicative","0.20","10018","noise_0.20_seed_10018","greedy","499791","500545685"
"trending_today.in","multiplicative","0.20","10018","noise_0.20_seed_10018","greedy-ls","499848","500545685"
"trending_today.in","multiplicative","0.20","10018","noise_0.20_seed_10018","ocag","499791","500545685"
"trending_today.in","multiplicative","0.20","10018","noise_0.20_seed_10018","ocag-ls","499848","500545685"
"trending_today.in","multiplicative","0.20","10019","noise_0.20_seed_10019","baseline","25677","500165587"
"trending_today.in","multiplicative","0.20","10019","noise_0.20_seed_10019","greedy","499795","500165587"
"trending_today.in","multiplicative","0.20","10019","noise_0.20_seed_10019","greedy-ls","499852","500165587"
"trending_today.in","multiplicative","0.20","10019","noise_0.20_seed_10019","ocag","499795","500165587"
"trending_today.in","multiplicative","0.20","10019","noise_0.20_seed_10019","ocag-ls","499852","500165587"
"trending_today.in","multiplicative","0.20","10020","noise_0.20_seed_10020","baseline","25864","499948980"
"trending_today.in","multiplicative","0.20","10020","noise_0.20_seed_10020","greedy","499792","499948980"
"trending_today.in","multiplicative","0.20","10020","noise_0.20_seed_10020","greedy-ls","499849","499948980"
"trending_today.in","multiplicative","0.20","10020","noise_0.20_seed_10020","ocag","499792","499948980"
"trending_today.in","multiplicative","0.20","10020","noise_0.20_seed_10020","ocag-ls","499849","499948980"
"trending_today.in","multiplicative","0.20","10021","noise_0.20_seed_10021","baseline","25717","499673606"
"trending_today.in","multiplicative","0.20","10021","noise_0.20_seed_10021","greedy","499796","499673606"
"trending_today.in","multiplicative","0.20","10021","noise_0.20_seed_10021","greedy-ls","499855","499673606"
"trending_today.in","multiplicative","0.20","10021","noise_0.20_seed_10021","ocag","499796","499673606"
"trending_today.in","multiplicative","0.20","10021","noise_0.20_seed_10021","ocag-ls","499855","499673606"
"trending_today.in","multiplicative","0.20","10022","noise_0.20_seed_10022","baseline","25636","500641542"
"trending_today.in","multiplicative","0.20","10022","noise_0.20_seed_10022","greedy","499776","500641542"
"trending_today.in","multiplicative","0.20","10022","noise_0.20_seed_10022","greedy-ls","499838","500641542"
"trending_today.in","multiplicative","0.20","10022","noise_0.20_seed_10022","ocag","499776","500641542"
"trending_today.in","multiplicative","0.20","10022","noise_0.20_seed_10022","ocag-ls","499838","500641542"
"trending_today.in","multiplicative","0.20","10023","noise_0.20_seed_10023","baseline","25738","500894141"
"trending_today.in","multiplicative","0.20","10023","noise_0.20_seed_10023","greedy","499796","500894141"
"trending_today.in","multiplicative","0.20","10023","noise_0.20_seed_10023","greedy-ls","499855","500894141"
"trending_today.in","multiplicative","0.20","10023","noise_0.20_seed_10023","ocag","499796","500894141"
"trending_today.in","multiplicative","0.20","10023","noise_0.20_seed_10023","ocag-ls","499855","500894141"
"trending_today.in","multiplicative","0.20","10024","noise_0.20_seed_10024","baseline","25710","500787937"
"trending_today.in","multiplicative","0.20","10024","noise_0.20_seed_10024","greedy","499797","500787937"
"trending_today.in","multiplicative","0.20","10024","noise_0.20_seed_10024","greedy-ls","499853","500787937"
"trending_today.in","multiplicative","0.20","10024","noise_0.20_seed_10024","ocag","499797","500787937"
"trending_today.in","multiplicative","0.20","10024","noise_0.20_seed_10024","ocag-ls","499853","500787937"
"trending_today.in","multiplicative","0.20","10025","noise_0.20_seed_10025","baseline","25824","500102305"
"trending_today.in","multiplicative","0.20","10025","noise_0.20_seed_10025","greedy","499796","500102305"
"trending_today.in","multiplicative","0.20","10025","noise_0.20_seed_10025","greedy-ls","499851","500102305"
"trending_today.in","multiplicative","0.20","10025","noise_0.20_seed_10025","ocag","499796","500102305"
"trending_today.in","multiplicative","0.20","10025","noise_0.20_seed_10025","ocag-ls","499851","500102305"
"trending_today.in","multiplicative","0.20","10026","noise_0.20_seed_10026","baseline","25766","500527667"
"trending_today.in","multiplicative","0.20","10026","noise_0.20_seed_10026","greedy","499797","500527667"
"trending_today.in","multiplicative","0.20","10026","noise_0.20_seed_10026","greedy-ls","499860","500527667"
"trending_today.in","multiplicative","0.20","10026","noise_0.20_seed_10026","ocag","499797","500527667"
"trending_today.in","multiplicative","0.20","10026","noise_0.20_seed_10026","ocag-ls","499860","500527667"
"trending_today.in","multiplicative","0.20","10027","noise_0.20_seed_10027","baseline","25853","500996815"
"trending_today.in","multiplicative","0.20","10027","noise_0.20_seed_10027","greedy","499787","500996815"
"trending_today.in","multiplicative","0.20","10027","noise_0.20_seed_10027","greedy-ls","499846","500996815"
"trending_today.in","multiplicative","0.20","10027","noise_0.20_seed_10027","ocag","499787","500996815"
"trending_today.in","multiplicative","0.20","10027","noise_0.20_seed_10027","ocag-ls","499846","500996815"
"trending_today.in","multiplicative","0.20","10028","noise_0.20_seed_10028","baseline","25855","500401828"
"trending_today.in","multiplicative","0.20","10028","noise_0.20_seed_10028","greedy","499790","500401828"
"trending_today.in","multiplicative","0.20","10028","noise_0.20_seed_10028","greedy-ls","499843","500401828"
"trending_today.in","multiplicative","0.20","10028","noise_0.20_seed_10028","ocag","499790","500401828"
"trending_today.in","multiplicative","0.20","10028","noise_0.20_seed_10028","ocag-ls","499843","500401828"
"trending_today.in","multiplicative","0.20","10029","noise_0.20_seed_10029","baseline","25790","500351958"
"trending_today.in","multiplicative","0.20","10029","noise_0.20_seed_10029","greedy","499790","500351958"
"trending_today.in","multiplicative","0.20","10029","noise_0.20_seed_10029","greedy-ls","499849","500351958"
"trending_today.in","multiplicative","0.20","10029","noise_0.20_seed_10029","ocag","499790","500351958"
"trending_today.in","multiplicative","0.20","10029","noise_0.20_seed_10029","ocag-ls","499849","500351958"
"trending_today.in","multiplicative","0.20","10030","noise_0.20_seed_10030","baseline","25741","500303411"
"trending_today.in","multiplicative","0.20","10030","noise_0.20_seed_10030","greedy","499792","500303411"
"trending_today.in","multiplicative","0.20","10030","noise_0.20_seed_10030","greedy-ls","499853","500303411"
"trending_today.in","multiplicative","0.20","10030","noise_0.20_seed_10030","ocag","499792","500303411"
"trending_today.in","multiplicative","0.20","10030","noise_0.20_seed_10030","ocag-ls","499853","500303411"
"trending_today.in","multiplicative","0.30","10001","noise_0.30_seed_10001","baseline","25823","500735909"
"trending_today.in","multiplicative","0.30","10001","noise_0.30_seed_10001","greedy","499802","500735909"
"trending_today.in","multiplicative","0.30","10001","noise_0.30_seed_10001","greedy-ls","499848","500735909"
"trending_today.in","multiplicative","0.30","10001","noise_0.30_seed_10001","ocag","499802","500735909"
"trending_today.in","multiplicative","0.30","10001","noise_0.30_seed_10001","ocag-ls","499848","500735909"
"trending_today.in","multiplicative","0.30","10002","noise_0.30_seed_10002","baseline","25920","500921300"
"trending_today.in","multiplicative","0.30","10002","noise_0.30_seed_10002","greedy","499800","500921300"
"trending_today.in","multiplicative","0.30","10002","noise_0.30_seed_10002","greedy-ls","499850","500921300"
"trending_today.in","multiplicative","0.30","10002","noise_0.30_seed_10002","ocag","499800","500921300"
"trending_today.in","multiplicative","0.30","10002","noise_0.30_seed_10002","ocag-ls","499850","500921300"
"trending_today.in","multiplicative","0.30","10003","noise_0.30_seed_10003","baseline","25805","501032755"
"trending_today.in","multiplicative","0.30","10003","noise_0.30_seed_10003","greedy","499811","501032755"
"trending_today.in","multiplicative","0.30","10003","noise_0.30_seed_10003","greedy-ls","499864","501032755"
"trending_today.in","multiplicative","0.30","10003","noise_0.30_seed_10003","ocag","499811","501032755"
"trending_today.in","multiplicative","0.30","10003","noise_0.30_seed_10003","ocag-ls","499864","501032755"
"trending_today.in","multiplicative","0.30","10004","noise_0.30_seed_10004","baseline","25751","500763173"
"trending_today.in","multiplicative","0.30","10004","noise_0.30_seed_10004","greedy","499783","500763173"
"trending_today.in","multiplicative","0.30","10004","noise_0.30_seed_10004","greedy-ls","499839","500763173"
"trending_today.in","multiplicative","0.30","10004","noise_0.30_seed_10004","ocag","499783","500763173"
"trending_today.in","multiplicative","0.30","10004","noise_0.30_seed_10004","ocag-ls","499839","500763173"
"trending_today.in","multiplicative","0.30","10005","noise_0.30_seed_10005","baseline","25884","501398591"
"trending_today.in","multiplicative","0.30","10005","noise_0.30_seed_10005","greedy","499798","501398591"
"trending_today.in","multiplicative","0.30","10005","noise_0.30_seed_10005","greedy-ls","499863","501398591"
"trending_today.in","multiplicative","0.30","10005","noise_0.30_seed_10005","ocag","499798","501398591"
"trending_today.in","multiplicative","0.30","10005","noise_0.30_seed_10005","ocag-ls","499863","501398591"
"trending_today.in","multiplicative","0.30","10006","noise_0.30_seed_10006","baseline","25706","499851945"
"trending_today.in","multiplicative","0.30","10006","noise_0.30_seed_10006","greedy","499783","499851945"
"trending_today.in","multiplicative","0.30","10006","noise_0.30_seed_10006","greedy-ls","499841","499851945"
"trending_today.in","multiplicative","0.30","10006","noise_0.30_seed_10006","ocag","499783","499851945"
"trending_today.in","multiplicative","0.30","10006","noise_0.30_seed_10006","ocag-ls","499841","499851945"
"trending_today.in","multiplicative","0.30","10007","noise_0.30_seed_10007","baseline","25716","499758624"
"trending_today.in","multiplicative","0.30","10007","noise_0.30_seed_10007","greedy","499806","499758624"
"trending_today.in","multiplicative","0.30","10007","noise_0.30_seed_10007","greedy-ls","499859","499758624"
"trending_today.in","multiplicative","0.30","10007","noise_0.30_seed_10007","ocag","499806","499758624"
"trending_today.in","multiplicative","0.30","10007","noise_0.30_seed_10007","ocag-ls","499859","499758624"
"trending_today.in","multiplicative","0.30","10008","noise_0.30_seed_10008","baseline","25795","500497697"
"trending_today.in","multiplicative","0.30","10008","noise_0.30_seed_10008","greedy","499785","500497697"
"trending_today.in","multiplicative","0.30","10008","noise_0.30_seed_10008","greedy-ls","499840","500497697"
"trending_today.in","multiplicative","0.30","10008","noise_0.30_seed_10008","ocag","499785","500497697"
"trending_today.in","multiplicative","0.30","10008","noise_0.30_seed_10008","ocag-ls","499840","500497697"
"trending_today.in","multiplicative","0.30","10009","noise_0.30_seed_10009","baseline","25805","500474918"
"trending_today.in","multiplicative","0.30","10009","noise_0.30_seed_10009","greedy","499786","500474918"
"trending_today.in","multiplicative","0.30","10009","noise_0.30_seed_10009","greedy-ls","499845","500474918"
"trending_today.in","multiplicative","0.30","10009","noise_0.30_seed_10009","ocag","499786","500474918"
"trending_today.in","multiplicative","0.30","10009","noise_0.30_seed_10009","ocag-ls","499845","500474918"
"trending_today.in","multiplicative","0.30","10010","noise_0.30_seed_10010","baseline","26016","500437898"
"trending_today.in","multiplicative","0.30","10010","noise_0.30_seed_10010","greedy","499780","500437898"
"trending_today.in","multiplicative","0.30","10010","noise_0.30_seed_10010","greedy-ls","499845","500437898"
"trending_today.in","multiplicative","0.30","10010","noise_0.30_seed_10010","ocag","499780","500437898"
"trending_today.in","multiplicative","0.30","10010","noise_0.30_seed_10010","ocag-ls","499845","500437898"
"trending_today.in","multiplicative","0.30","10011","noise_0.30_seed_10011","baseline","25624","500407106"
"trending_today.in","multiplicative","0.30","10011","noise_0.30_seed_10011","greedy","499796","500407106"
"trending_today.in","multiplicative","0.30","10011","noise_0.30_seed_10011","greedy-ls","499851","500407106"
"trending_today.in","multiplicative","0.30","10011","noise_0.30_seed_10011","ocag","499796","500407106"
"trending_today.in","multiplicative","0.30","10011","noise_0.30_seed_10011","ocag-ls","499851","500407106"
"trending_today.in","multiplicative","0.30","10012","noise_0.30_seed_10012","baseline","25918","501677275"
"trending_today.in","multiplicative","0.30","10012","noise_0.30_seed_10012","greedy","499793","501677275"
"trending_today.in","multiplicative","0.30","10012","noise_0.30_seed_10012","greedy-ls","499854","501677275"
"trending_today.in","multiplicative","0.30","10012","noise_0.30_seed_10012","ocag","499793","501677275"
"trending_today.in","multiplicative","0.30","10012","noise_0.30_seed_10012","ocag-ls","499854","501677275"
"trending_today.in","multiplicative","0.30","10013","noise_0.30_seed_10013","baseline","25568","500530080"
"trending_today.in","multiplicative","0.30","10013","noise_0.30_seed_10013","greedy","499804","500530080"
"trending_today.in","multiplicative","0.30","10013","noise_0.30_seed_10013","greedy-ls","499855","500530080"
"trending_today.in","multiplicative","0.30","10013","noise_0.30_seed_10013","ocag","499804","500530080"
"trending_today.in","multiplicative","0.30","10013","noise_0.30_seed_10013","ocag-ls","499855","500530080"
"trending_today.in","multiplicative","0.30","10014","noise_0.30_seed_10014","baseline","25914","499588433"
"trending_today.in","multiplicative","0.30","10014","noise_0.30_seed_10014","greedy","499805","499588433"
"trending_today.in","multiplicative","0.30","10014","noise_0.30_seed_10014","greedy-ls","499852","499588433"
"trending_today.in","multiplicative","0.30","10014","noise_0.30_seed_10014","ocag","499805","499588433"
"trending_today.in","multiplicative","0.30","10014","noise_0.30_seed_10014","ocag-ls","499852","499588433"
"trending_today.in","multiplicative","0.30","10015","noise_0.30_seed_10015","baseline","25852","500594516"
"trending_today.in","multiplicative","0.30","10015","noise_0.30_seed_10015","greedy","499790","500594516"
"trending_today.in","multiplicative","0.30","10015","noise_0.30_seed_10015","greedy-ls","499845","500594516"
"trending_today.in","multiplicative","0.30","10015","noise_0.30_seed_10015","ocag","499790","500594516"
"trending_today.in","multiplicative","0.30","10015","noise_0.30_seed_10015","ocag-ls","499845","500594516"
"trending_today.in","multiplicative","0.30","10016","noise_0.30_seed_10016","baseline","25718","500583621"
"trending_today.in","multiplicative","0.30","10016","noise_0.30_seed_10016","greedy","499786","500583621"
"trending_today.in","multiplicative","0.30","10016","noise_0.30_seed_10016","greedy-ls","499850","500583621"
"trending_today.in","multiplicative","0.30","10016","noise_0.30_seed_10016","ocag","499786","500583621"
"trending_today.in","multiplicative","0.30","10016","noise_0.30_seed_10016","ocag-ls","499850","500583621"
"trending_today.in","multiplicative","0.30","10017","noise_0.30_seed_10017","baseline","25897","500957106"
"trending_today.in","multiplicative","0.30","10017","noise_0.30_seed_10017","greedy","499798","500957106"
"trending_today.in","multiplicative","0.30","10017","noise_0.30_seed_10017","greedy-ls","499853","500957106"
"trending_today.in","multiplicative","0.30","10017","noise_0.30_seed_10017","ocag","499798","500957106"
"trending_today.in","multiplicative","0.30","10017","noise_0.30_seed_10017","ocag-ls","499853","500957106"
"trending_today.in","multiplicative","0.30","10018","noise_0.30_seed_10018","baseline","25857","499993842"
"trending_today.in","multiplicative","0.30","10018","noise_0.30_seed_10018","greedy","499786","499993842"
"trending_today.in","multiplicative","0.30","10018","noise_0.30_seed_10018","greedy-ls","499850","499993842"
"trending_today.in","multiplicative","0.30","10018","noise_0.30_seed_10018","ocag","499786","499993842"
"trending_today.in","multiplicative","0.30","10018","noise_0.30_seed_10018","ocag-ls","499850","499993842"
"trending_today.in","multiplicative","0.30","10019","noise_0.30_seed_10019","baseline","25943","500857276"
"trending_today.in","multiplicative","0.30","10019","noise_0.30_seed_10019","greedy","499793","500857276"
"trending_today.in","multiplicative","0.30","10019","noise_0.30_seed_10019","greedy-ls","499854","500857276"
"trending_today.in","multiplicative","0.30","10019","noise_0.30_seed_10019","ocag","499793","500857276"
"trending_today.in","multiplicative","0.30","10019","noise_0.30_seed_10019","ocag-ls","499854","500857276"
"trending_today.in","multiplicative","0.30","10020","noise_0.30_seed_10020","baseline","25650","500377777"
"trending_today.in","multiplicative","0.30","10020","noise_0.30_seed_10020","greedy","499794","500377777"
"trending_today.in","multiplicative","0.30","10020","noise_0.30_seed_10020","greedy-ls","499854","500377777"
"trending_today.in","multiplicative","0.30","10020","noise_0.30_seed_10020","ocag","499794","500377777"
"trending_today.in","multiplicative","0.30","10020","noise_0.30_seed_10020","ocag-ls","499854","500377777"
"trending_today.in","multiplicative","0.30","10021","noise_0.30_seed_10021","baseline","25636","500892072"
"trending_today.in","multiplicative","0.30","10021","noise_0.30_seed_10021","greedy","499795","500892072"
"trending_today.in","multiplicative","0.30","10021","noise_0.30_seed_10021","greedy-ls","499857","500892072"
"trending_today.in","multiplicative","0.30","10021","noise_0.30_seed_10021","ocag","499795","500892072"
"trending_today.in","multiplicative","0.30","10021","noise_0.30_seed_10021","ocag-ls","499857","500892072"
"trending_today.in","multiplicative","0.30","10022","noise_0.30_seed_10022","baseline","25846","500069730"
"trending_today.in","multiplicative","0.30","10022","noise_0.30_seed_10022","greedy","499785","500069730"
"trending_today.in","multiplicative","0.30","10022","noise_0.30_seed_10022","greedy-ls","499845","500069730"
"trending_today.in","multiplicative","0.30","10022","noise_0.30_seed_10022","ocag","499785","500069730"
"trending_today.in","multiplicative","0.30","10022","noise_0.30_seed_10022","ocag-ls","499845","500069730"
"trending_today.in","multiplicative","0.30","10023","noise_0.30_seed_10023","baseline","25625","501283402"
"trending_today.in","multiplicative","0.30","10023","noise_0.30_seed_10023","greedy","499792","501283402"
"trending_today.in","multiplicative","0.30","10023","noise_0.30_seed_10023","greedy-ls","499849","501283402"
"trending_today.in","multiplicative","0.30","10023","noise_0.30_seed_10023","ocag","499792","501283402"
"trending_today.in","multiplicative","0.30","10023","noise_0.30_seed_10023","ocag-ls","499849","501283402"
"trending_today.in","multiplicative","0.30","10024","noise_0.30_seed_10024","baseline","25668","500419176"
"trending_today.in","multiplicative","0.30","10024","noise_0.30_seed_10024","greedy","499793","500419176"
"trending_today.in","multiplicative","0.30","10024","noise_0.30_seed_10024","greedy-ls","499858","500419176"
"trending_today.in","multiplicative","0.30","10024","noise_0.30_seed_10024","ocag","499793","500419176"
"trending_today.in","multiplicative","0.30","10024","noise_0.30_seed_10024","ocag-ls","499858","500419176"
"trending_today.in","multiplicative","0.30","10025","noise_0.30_seed_10025","baseline","25739","500951677"
"trending_today.in","multiplicative","0.30","10025","noise_0.30_seed_10025","greedy","499804","500951677"
"trending_today.in","multiplicative","0.30","10025","noise_0.30_seed_10025","greedy-ls","499863","500951677"
"trending_today.in","multiplicative","0.30","10025","noise_0.30_seed_10025","ocag","499804","500951677"
"trending_today.in","multiplicative","0.30","10025","noise_0.30_seed_10025","ocag-ls","499863","500951677"
"trending_today.in","multiplicative","0.30","10026","noise_0.30_seed_10026","baseline","25682","501489370"
"trending_today.in","multiplicative","0.30","10026","noise_0.30_seed_10026","greedy","499792","501489370"
"trending_today.in","multiplicative","0.30","10026","noise_0.30_seed_10026","greedy-ls","499849","501489370"
"trending_today.in","multiplicative","0.30","10026","noise_0.30_seed_10026","ocag","499792","501489370"
"trending_today.in","multiplicative","0.30","10026","noise_0.30_seed_10026","ocag-ls","499849","501489370"
"trending_today.in","multiplicative","0.30","10027","noise_0.30_seed_10027","baseline","25571","499614828"
"trending_today.in","multiplicative","0.30","10027","noise_0.30_seed_10027","greedy","499797","499614828"
"trending_today.in","multiplicative","0.30","10027","noise_0.30_seed_10027","greedy-ls","499856","499614828"
"trending_today.in","multiplicative","0.30","10027","noise_0.30_seed_10027","ocag","499797","499614828"
"trending_today.in","multiplicative","0.30","10027","noise_0.30_seed_10027","ocag-ls","499856","499614828"
"trending_today.in","multiplicative","0.30","10028","noise_0.30_seed_10028","baseline","25774","500627888"
"trending_today.in","multiplicative","0.30","10028","noise_0.30_seed_10028","greedy","499798","500627888"
"trending_today.in","multiplicative","0.30","10028","noise_0.30_seed_10028","greedy-ls","499853","500627888"
"trending_today.in","multiplicative","0.30","10028","noise_0.30_seed_10028","ocag","499798","500627888"
"trending_today.in","multiplicative","0.30","10028","noise_0.30_seed_10028","ocag-ls","499853","500627888"
"trending_today.in","multiplicative","0.30","10029","noise_0.30_seed_10029","baseline","25725","499765179"
"trending_today.in","multiplicative","0.30","10029","noise_0.30_seed_10029","greedy","499808","499765179"
"trending_today.in","multiplicative","0.30","10029","noise_0.30_seed_10029","greedy-ls","499862","499765179"
"trending_today.in","multiplicative","0.30","10029","noise_0.30_seed_10029","ocag","499808","499765179"
"trending_today.in","multiplicative","0.30","10029","noise_0.30_seed_10029","ocag-ls","499862","499765179"
"trending_today.in","multiplicative","0.30","10030","noise_0.30_seed_10030","baseline","25746","500110124"
"trending_today.in","multiplicative","0.30","10030","noise_0.30_seed_10030","greedy","499784","500110124"
"trending_today.in","multiplicative","0.30","10030","noise_0.30_seed_10030","greedy-ls","499839","500110124"
"trending_today.in","multiplicative","0.30","10030","noise_0.30_seed_10030","ocag","499784","500110124"
"trending_today.in","multiplicative","0.30","10030","noise_0.30_seed_10030","ocag-ls","499839","500110124"
"trending_today.in","localized_shift","3x","10001","localized_3x_seed_10001","baseline","25833","520927773"
"trending_today.in","localized_shift","3x","10001","localized_3x_seed_10001","greedy","499793","520927773"
"trending_today.in","localized_shift","3x","10001","localized_3x_seed_10001","greedy-ls","499848","520927773"
"trending_today.in","localized_shift","3x","10001","localized_3x_seed_10001","ocag","499793","520927773"
"trending_today.in","localized_shift","3x","10001","localized_3x_seed_10001","ocag-ls","499848","520927773"
"trending_today.in","localized_shift","3x","10002","localized_3x_seed_10002","baseline","25647","520662193"
"trending_today.in","localized_shift","3x","10002","localized_3x_seed_10002","greedy","499802","520662193"
"trending_today.in","localized_shift","3x","10002","localized_3x_seed_10002","greedy-ls","499856","520662193"
"trending_today.in","localized_shift","3x","10002","localized_3x_seed_10002","ocag","499802","520662193"
"trending_today.in","localized_shift","3x","10002","localized_3x_seed_10002","ocag-ls","499856","520662193"
"trending_today.in","localized_shift","3x","10003","localized_3x_seed_10003","baseline","25610","520009241"
"trending_today.in","localized_shift","3x","10003","localized_3x_seed_10003","greedy","499802","520009241"
"trending_today.in","localized_shift","3x","10003","localized_3x_seed_10003","greedy-ls","499856","520009241"
"trending_today.in","localized_shift","3x","10003","localized_3x_seed_10003","ocag","499802","520009241"
"trending_today.in","localized_shift","3x","10003","localized_3x_seed_10003","ocag-ls","499856","520009241"
"trending_today.in","localized_shift","3x","10004","localized_3x_seed_10004","baseline","25710","519546161"
"trending_today.in","localized_shift","3x","10004","localized_3x_seed_10004","greedy","499802","519546161"
"trending_today.in","localized_shift","3x","10004","localized_3x_seed_10004","greedy-ls","499856","519546161"
"trending_today.in","localized_shift","3x","10004","localized_3x_seed_10004","ocag","499802","519546161"
"trending_today.in","localized_shift","3x","10004","localized_3x_seed_10004","ocag-ls","499856","519546161"
"trending_today.in","localized_shift","3x","10005","localized_3x_seed_10005","baseline","25886","520772327"
"trending_today.in","localized_shift","3x","10005","localized_3x_seed_10005","greedy","499800","520772327"
"trending_today.in","localized_shift","3x","10005","localized_3x_seed_10005","greedy-ls","499854","520772327"
"trending_today.in","localized_shift","3x","10005","localized_3x_seed_10005","ocag","499800","520772327"
"trending_today.in","localized_shift","3x","10005","localized_3x_seed_10005","ocag-ls","499854","520772327"
"trending_today.in","localized_shift","3x","10006","localized_3x_seed_10006","baseline","26130","520337321"
"trending_today.in","localized_shift","3x","10006","localized_3x_seed_10006","greedy","499802","520337321"
"trending_today.in","localized_shift","3x","10006","localized_3x_seed_10006","greedy-ls","499857","520337321"
"trending_today.in","localized_shift","3x","10006","localized_3x_seed_10006","ocag","499802","520337321"
"trending_today.in","localized_shift","3x","10006","localized_3x_seed_10006","ocag-ls","499857","520337321"
"trending_today.in","localized_shift","3x","10007","localized_3x_seed_10007","baseline","26052","520453269"
"trending_today.in","localized_shift","3x","10007","localized_3x_seed_10007","greedy","499802","520453269"
"trending_today.in","localized_shift","3x","10007","localized_3x_seed_10007","greedy-ls","499857","520453269"
"trending_today.in","localized_shift","3x","10007","localized_3x_seed_10007","ocag","499802","520453269"
"trending_today.in","localized_shift","3x","10007","localized_3x_seed_10007","ocag-ls","499857","520453269"
"trending_today.in","localized_shift","3x","10008","localized_3x_seed_10008","baseline","25445","520707351"
"trending_today.in","localized_shift","3x","10008","localized_3x_seed_10008","greedy","499792","520707351"
"trending_today.in","localized_shift","3x","10008","localized_3x_seed_10008","greedy-ls","499852","520707351"
"trending_today.in","localized_shift","3x","10008","localized_3x_seed_10008","ocag","499792","520707351"
"trending_today.in","localized_shift","3x","10008","localized_3x_seed_10008","ocag-ls","499852","520707351"
"trending_today.in","localized_shift","3x","10009","localized_3x_seed_10009","baseline","25662","520169871"
"trending_today.in","localized_shift","3x","10009","localized_3x_seed_10009","greedy","499789","520169871"
"trending_today.in","localized_shift","3x","10009","localized_3x_seed_10009","greedy-ls","499844","520169871"
"trending_today.in","localized_shift","3x","10009","localized_3x_seed_10009","ocag","499789","520169871"
"trending_today.in","localized_shift","3x","10009","localized_3x_seed_10009","ocag-ls","499844","520169871"
"trending_today.in","localized_shift","3x","10010","localized_3x_seed_10010","baseline","25867","520182441"
"trending_today.in","localized_shift","3x","10010","localized_3x_seed_10010","greedy","499783","520182441"
"trending_today.in","localized_shift","3x","10010","localized_3x_seed_10010","greedy-ls","499838","520182441"
"trending_today.in","localized_shift","3x","10010","localized_3x_seed_10010","ocag","499783","520182441"
"trending_today.in","localized_shift","3x","10010","localized_3x_seed_10010","ocag-ls","499838","520182441"
"trending_today.in","localized_shift","3x","10011","localized_3x_seed_10011","baseline","25897","519405021"
"trending_today.in","localized_shift","3x","10011","localized_3x_seed_10011","greedy","499801","519405021"
"trending_today.in","localized_shift","3x","10011","localized_3x_seed_10011","greedy-ls","499856","519405021"
"trending_today.in","localized_shift","3x","10011","localized_3x_seed_10011","ocag","499801","519405021"
"trending_today.in","localized_shift","3x","10011","localized_3x_seed_10011","ocag-ls","499856","519405021"
"trending_today.in","localized_shift","3x","10012","localized_3x_seed_10012","baseline","25790","520804451"
"trending_today.in","localized_shift","3x","10012","localized_3x_seed_10012","greedy","499782","520804451"
"trending_today.in","localized_shift","3x","10012","localized_3x_seed_10012","greedy-ls","499857","520804451"
"trending_today.in","localized_shift","3x","10012","localized_3x_seed_10012","ocag","499782","520804451"
"trending_today.in","localized_shift","3x","10012","localized_3x_seed_10012","ocag-ls","499857","520804451"
"trending_today.in","localized_shift","3x","10013","localized_3x_seed_10013","baseline","25925","520080965"
"trending_today.in","localized_shift","3x","10013","localized_3x_seed_10013","greedy","499799","520080965"
"trending_today.in","localized_shift","3x","10013","localized_3x_seed_10013","greedy-ls","499857","520080965"
"trending_today.in","localized_shift","3x","10013","localized_3x_seed_10013","ocag","499799","520080965"
"trending_today.in","localized_shift","3x","10013","localized_3x_seed_10013","ocag-ls","499857","520080965"
"trending_today.in","localized_shift","3x","10014","localized_3x_seed_10014","baseline","25880","520358811"
"trending_today.in","localized_shift","3x","10014","localized_3x_seed_10014","greedy","499793","520358811"
"trending_today.in","localized_shift","3x","10014","localized_3x_seed_10014","greedy-ls","499848","520358811"
"trending_today.in","localized_shift","3x","10014","localized_3x_seed_10014","ocag","499793","520358811"
"trending_today.in","localized_shift","3x","10014","localized_3x_seed_10014","ocag-ls","499848","520358811"
"trending_today.in","localized_shift","3x","10015","localized_3x_seed_10015","baseline","25597","520532029"
"trending_today.in","localized_shift","3x","10015","localized_3x_seed_10015","greedy","499787","520532029"
"trending_today.in","localized_shift","3x","10015","localized_3x_seed_10015","greedy-ls","499857","520532029"
"trending_today.in","localized_shift","3x","10015","localized_3x_seed_10015","ocag","499787","520532029"
"trending_today.in","localized_shift","3x","10015","localized_3x_seed_10015","ocag-ls","499857","520532029"
"trending_today.in","localized_shift","3x","10016","localized_3x_seed_10016","baseline","25525","520837357"
"trending_today.in","localized_shift","3x","10016","localized_3x_seed_10016","greedy","499777","520837357"
"trending_today.in","localized_shift","3x","10016","localized_3x_seed_10016","greedy-ls","499832","520837357"
"trending_today.in","localized_shift","3x","10016","localized_3x_seed_10016","ocag","499777","520837357"
"trending_today.in","localized_shift","3x","10016","localized_3x_seed_10016","ocag-ls","499832","520837357"
"trending_today.in","localized_shift","3x","10017","localized_3x_seed_10017","baseline","25980","520127609"
"trending_today.in","localized_shift","3x","10017","localized_3x_seed_10017","greedy","499801","520127609"
"trending_today.in","localized_shift","3x","10017","localized_3x_seed_10017","greedy-ls","499855","520127609"
"trending_today.in","localized_shift","3x","10017","localized_3x_seed_10017","ocag","499801","520127609"
"trending_today.in","localized_shift","3x","10017","localized_3x_seed_10017","ocag-ls","499855","520127609"
"trending_today.in","localized_shift","3x","10018","localized_3x_seed_10018","baseline","25951","520351109"
"trending_today.in","localized_shift","3x","10018","localized_3x_seed_10018","greedy","499802","520351109"
"trending_today.in","localized_shift","3x","10018","localized_3x_seed_10018","greedy-ls","499857","520351109"
"trending_today.in","localized_shift","3x","10018","localized_3x_seed_10018","ocag","499802","520351109"
"trending_today.in","localized_shift","3x","10018","localized_3x_seed_10018","ocag-ls","499857","520351109"
"trending_today.in","localized_shift","3x","10019","localized_3x_seed_10019","baseline","25689","520411323"
"trending_today.in","localized_shift","3x","10019","localized_3x_seed_10019","greedy","499792","520411323"
"trending_today.in","localized_shift","3x","10019","localized_3x_seed_10019","greedy-ls","499847","520411323"
"trending_today.in","localized_shift","3x","10019","localized_3x_seed_10019","ocag","499792","520411323"
"trending_today.in","localized_shift","3x","10019","localized_3x_seed_10019","ocag-ls","499847","520411323"
"trending_today.in","localized_shift","3x","10020","localized_3x_seed_10020","baseline","25644","520824649"
"trending_today.in","localized_shift","3x","10020","localized_3x_seed_10020","greedy","499799","520824649"
"trending_today.in","localized_shift","3x","10020","localized_3x_seed_10020","greedy-ls","499853","520824649"
"trending_today.in","localized_shift","3x","10020","localized_3x_seed_10020","ocag","499799","520824649"
"trending_today.in","localized_shift","3x","10020","localized_3x_seed_10020","ocag-ls","499853","520824649"
"trending_today.in","localized_shift","3x","10021","localized_3x_seed_10021","baseline","25981","521232075"
"trending_today.in","localized_shift","3x","10021","localized_3x_seed_10021","greedy","499792","521232075"
"trending_today.in","localized_shift","3x","10021","localized_3x_seed_10021","greedy-ls","499846","521232075"
"trending_today.in","localized_shift","3x","10021","localized_3x_seed_10021","ocag","499792","521232075"
"trending_today.in","localized_shift","3x","10021","localized_3x_seed_10021","ocag-ls","499846","521232075"
"trending_today.in","localized_shift","3x","10022","localized_3x_seed_10022","baseline","25737","519753107"
"trending_today.in","localized_shift","3x","10022","localized_3x_seed_10022","greedy","499786","519753107"
"trending_today.in","localized_shift","3x","10022","localized_3x_seed_10022","greedy-ls","499851","519753107"
"trending_today.in","localized_shift","3x","10022","localized_3x_seed_10022","ocag","499786","519753107"
"trending_today.in","localized_shift","3x","10022","localized_3x_seed_10022","ocag-ls","499851","519753107"
"trending_today.in","localized_shift","3x","10023","localized_3x_seed_10023","baseline","25839","521523545"
"trending_today.in","localized_shift","3x","10023","localized_3x_seed_10023","greedy","499780","521523545"
"trending_today.in","localized_shift","3x","10023","localized_3x_seed_10023","greedy-ls","499835","521523545"
"trending_today.in","localized_shift","3x","10023","localized_3x_seed_10023","ocag","499780","521523545"
"trending_today.in","localized_shift","3x","10023","localized_3x_seed_10023","ocag-ls","499835","521523545"
"trending_today.in","localized_shift","3x","10024","localized_3x_seed_10024","baseline","25487","520643407"
"trending_today.in","localized_shift","3x","10024","localized_3x_seed_10024","greedy","499802","520643407"
"trending_today.in","localized_shift","3x","10024","localized_3x_seed_10024","greedy-ls","499857","520643407"
"trending_today.in","localized_shift","3x","10024","localized_3x_seed_10024","ocag","499802","520643407"
"trending_today.in","localized_shift","3x","10024","localized_3x_seed_10024","ocag-ls","499857","520643407"
"trending_today.in","localized_shift","3x","10025","localized_3x_seed_10025","baseline","25614","520302177"
"trending_today.in","localized_shift","3x","10025","localized_3x_seed_10025","greedy","499802","520302177"
"trending_today.in","localized_shift","3x","10025","localized_3x_seed_10025","greedy-ls","499857","520302177"
"trending_today.in","localized_shift","3x","10025","localized_3x_seed_10025","ocag","499802","520302177"
"trending_today.in","localized_shift","3x","10025","localized_3x_seed_10025","ocag-ls","499857","520302177"
"trending_today.in","localized_shift","3x","10026","localized_3x_seed_10026","baseline","25751","519934647"
"trending_today.in","localized_shift","3x","10026","localized_3x_seed_10026","greedy","499802","519934647"
"trending_today.in","localized_shift","3x","10026","localized_3x_seed_10026","greedy-ls","499856","519934647"
"trending_today.in","localized_shift","3x","10026","localized_3x_seed_10026","ocag","499802","519934647"
"trending_today.in","localized_shift","3x","10026","localized_3x_seed_10026","ocag-ls","499856","519934647"
"trending_today.in","localized_shift","3x","10027","localized_3x_seed_10027","baseline","25718","521094151"
"trending_today.in","localized_shift","3x","10027","localized_3x_seed_10027","greedy","499802","521094151"
"trending_today.in","localized_shift","3x","10027","localized_3x_seed_10027","greedy-ls","499857","521094151"
"trending_today.in","localized_shift","3x","10027","localized_3x_seed_10027","ocag","499802","521094151"
"trending_today.in","localized_shift","3x","10027","localized_3x_seed_10027","ocag-ls","499857","521094151"
"trending_today.in","localized_shift","3x","10028","localized_3x_seed_10028","baseline","25958","520338629"
"trending_today.in","localized_shift","3x","10028","localized_3x_seed_10028","greedy","499787","520338629"
"trending_today.in","localized_shift","3x","10028","localized_3x_seed_10028","greedy-ls","499843","520338629"
"trending_today.in","localized_shift","3x","10028","localized_3x_seed_10028","ocag","499787","520338629"
"trending_today.in","localized_shift","3x","10028","localized_3x_seed_10028","ocag-ls","499843","520338629"
"trending_today.in","localized_shift","3x","10029","localized_3x_seed_10029","baseline","25406","520674019"
"trending_today.in","localized_shift","3x","10029","localized_3x_seed_10029","greedy","499794","520674019"
"trending_today.in","localized_shift","3x","10029","localized_3x_seed_10029","greedy-ls","499849","520674019"
"trending_today.in","localized_shift","3x","10029","localized_3x_seed_10029","ocag","499794","520674019"
"trending_today.in","localized_shift","3x","10029","localized_3x_seed_10029","ocag-ls","499849","520674019"
"trending_today.in","localized_shift","3x","10030","localized_3x_seed_10030","baseline","25729","520365931"
"trending_today.in","localized_shift","3x","10030","localized_3x_seed_10030","greedy","499777","520365931"
"trending_today.in","localized_shift","3x","10030","localized_3x_seed_10030","greedy-ls","499849","520365931"
"trending_today.in","localized_shift","3x","10030","localized_3x_seed_10030","ocag","499777","520365931"
"trending_today.in","localized_shift","3x","10030","localized_3x_seed_10030","ocag-ls","499849","520365931"
"kittens.in","nominal","0","-1","nominal","baseline","53940","1000241830"
"kittens.in","nominal","0","-1","nominal","greedy","1021681","1000241830"
"kittens.in","nominal","0","-1","nominal","greedy-ls","1021735","1000241830"
"kittens.in","nominal","0","-1","nominal","ocag","1021938","1000241830"
"kittens.in","nominal","0","-1","nominal","ocag-ls","1021997","1000241830"
"kittens.in","multiplicative","0.05","10001","noise_0.05_seed_10001","baseline","53927","1000230808"
"kittens.in","multiplicative","0.05","10001","noise_0.05_seed_10001","greedy","1021872","1000230808"
"kittens.in","multiplicative","0.05","10001","noise_0.05_seed_10001","greedy-ls","1021926","1000230808"
"kittens.in","multiplicative","0.05","10001","noise_0.05_seed_10001","ocag","1022117","1000230808"
"kittens.in","multiplicative","0.05","10001","noise_0.05_seed_10001","ocag-ls","1022177","1000230808"
"kittens.in","multiplicative","0.05","10002","noise_0.05_seed_10002","baseline","53898","1000173519"
"kittens.in","multiplicative","0.05","10002","noise_0.05_seed_10002","greedy","1021557","1000173519"
"kittens.in","multiplicative","0.05","10002","noise_0.05_seed_10002","greedy-ls","1021611","1000173519"
"kittens.in","multiplicative","0.05","10002","noise_0.05_seed_10002","ocag","1021796","1000173519"
"kittens.in","multiplicative","0.05","10002","noise_0.05_seed_10002","ocag-ls","1021855","1000173519"
"kittens.in","multiplicative","0.05","10003","noise_0.05_seed_10003","baseline","54006","1000363843"
"kittens.in","multiplicative","0.05","10003","noise_0.05_seed_10003","greedy","1021748","1000363843"
"kittens.in","multiplicative","0.05","10003","noise_0.05_seed_10003","greedy-ls","1021801","1000363843"
"kittens.in","multiplicative","0.05","10003","noise_0.05_seed_10003","ocag","1021977","1000363843"
"kittens.in","multiplicative","0.05","10003","noise_0.05_seed_10003","ocag-ls","1022036","1000363843"
"kittens.in","multiplicative","0.05","10004","noise_0.05_seed_10004","baseline","53933","1000252559"
"kittens.in","multiplicative","0.05","10004","noise_0.05_seed_10004","greedy","1021657","1000252559"
"kittens.in","multiplicative","0.05","10004","noise_0.05_seed_10004","greedy-ls","1021711","1000252559"
"kittens.in","multiplicative","0.05","10004","noise_0.05_seed_10004","ocag","1021938","1000252559"
"kittens.in","multiplicative","0.05","10004","noise_0.05_seed_10004","ocag-ls","1021997","1000252559"
"kittens.in","multiplicative","0.05","10005","noise_0.05_seed_10005","baseline","53906","1000091107"
"kittens.in","multiplicative","0.05","10005","noise_0.05_seed_10005","greedy","1021763","1000091107"
"kittens.in","multiplicative","0.05","10005","noise_0.05_seed_10005","greedy-ls","1021817","1000091107"
"kittens.in","multiplicative","0.05","10005","noise_0.05_seed_10005","ocag","1021979","1000091107"
"kittens.in","multiplicative","0.05","10005","noise_0.05_seed_10005","ocag-ls","1022038","1000091107"
"kittens.in","multiplicative","0.05","10006","noise_0.05_seed_10006","baseline","53873","1000452025"
"kittens.in","multiplicative","0.05","10006","noise_0.05_seed_10006","greedy","1021749","1000452025"
"kittens.in","multiplicative","0.05","10006","noise_0.05_seed_10006","greedy-ls","1021804","1000452025"
"kittens.in","multiplicative","0.05","10006","noise_0.05_seed_10006","ocag","1021998","1000452025"
"kittens.in","multiplicative","0.05","10006","noise_0.05_seed_10006","ocag-ls","1022058","1000452025"
"kittens.in","multiplicative","0.05","10007","noise_0.05_seed_10007","baseline","53940","1000272217"
"kittens.in","multiplicative","0.05","10007","noise_0.05_seed_10007","greedy","1021846","1000272217"
"kittens.in","multiplicative","0.05","10007","noise_0.05_seed_10007","greedy-ls","1021900","1000272217"
"kittens.in","multiplicative","0.05","10007","noise_0.05_seed_10007","ocag","1022107","1000272217"
"kittens.in","multiplicative","0.05","10007","noise_0.05_seed_10007","ocag-ls","1022166","1000272217"
"kittens.in","multiplicative","0.05","10008","noise_0.05_seed_10008","baseline","53932","1000412253"
"kittens.in","multiplicative","0.05","10008","noise_0.05_seed_10008","greedy","1021525","1000412253"
"kittens.in","multiplicative","0.05","10008","noise_0.05_seed_10008","greedy-ls","1021578","1000412253"
"kittens.in","multiplicative","0.05","10008","noise_0.05_seed_10008","ocag","1021774","1000412253"
"kittens.in","multiplicative","0.05","10008","noise_0.05_seed_10008","ocag-ls","1021832","1000412253"
"kittens.in","multiplicative","0.05","10009","noise_0.05_seed_10009","baseline","53970","1000165514"
"kittens.in","multiplicative","0.05","10009","noise_0.05_seed_10009","greedy","1021904","1000165514"
"kittens.in","multiplicative","0.05","10009","noise_0.05_seed_10009","greedy-ls","1021959","1000165514"
"kittens.in","multiplicative","0.05","10009","noise_0.05_seed_10009","ocag","1022157","1000165514"
"kittens.in","multiplicative","0.05","10009","noise_0.05_seed_10009","ocag-ls","1022216","1000165514"
"kittens.in","multiplicative","0.05","10010","noise_0.05_seed_10010","baseline","53936","1000073064"
"kittens.in","multiplicative","0.05","10010","noise_0.05_seed_10010","greedy","1021852","1000073064"
"kittens.in","multiplicative","0.05","10010","noise_0.05_seed_10010","greedy-ls","1021907","1000073064"
"kittens.in","multiplicative","0.05","10010","noise_0.05_seed_10010","ocag","1022110","1000073064"
"kittens.in","multiplicative","0.05","10010","noise_0.05_seed_10010","ocag-ls","1022168","1000073064"
"kittens.in","multiplicative","0.05","10011","noise_0.05_seed_10011","baseline","53929","1000216329"
"kittens.in","multiplicative","0.05","10011","noise_0.05_seed_10011","greedy","1021505","1000216329"
"kittens.in","multiplicative","0.05","10011","noise_0.05_seed_10011","greedy-ls","1021560","1000216329"
"kittens.in","multiplicative","0.05","10011","noise_0.05_seed_10011","ocag","1021763","1000216329"
"kittens.in","multiplicative","0.05","10011","noise_0.05_seed_10011","ocag-ls","1021822","1000216329"
"kittens.in","multiplicative","0.05","10012","noise_0.05_seed_10012","baseline","53886","1000232896"
"kittens.in","multiplicative","0.05","10012","noise_0.05_seed_10012","greedy","1021725","1000232896"
"kittens.in","multiplicative","0.05","10012","noise_0.05_seed_10012","greedy-ls","1021779","1000232896"
"kittens.in","multiplicative","0.05","10012","noise_0.05_seed_10012","ocag","1021980","1000232896"
"kittens.in","multiplicative","0.05","10012","noise_0.05_seed_10012","ocag-ls","1022039","1000232896"
"kittens.in","multiplicative","0.05","10013","noise_0.05_seed_10013","baseline","54007","1000054591"
"kittens.in","multiplicative","0.05","10013","noise_0.05_seed_10013","greedy","1021723","1000054591"
"kittens.in","multiplicative","0.05","10013","noise_0.05_seed_10013","greedy-ls","1021777","1000054591"
"kittens.in","multiplicative","0.05","10013","noise_0.05_seed_10013","ocag","1022005","1000054591"
"kittens.in","multiplicative","0.05","10013","noise_0.05_seed_10013","ocag-ls","1022064","1000054591"
"kittens.in","multiplicative","0.05","10014","noise_0.05_seed_10014","baseline","53903","1000221624"
"kittens.in","multiplicative","0.05","10014","noise_0.05_seed_10014","greedy","1021749","1000221624"
"kittens.in","multiplicative","0.05","10014","noise_0.05_seed_10014","greedy-ls","1021803","1000221624"
"kittens.in","multiplicative","0.05","10014","noise_0.05_seed_10014","ocag","1022019","1000221624"
"kittens.in","multiplicative","0.05","10014","noise_0.05_seed_10014","ocag-ls","1022077","1000221624"
"kittens.in","multiplicative","0.05","10015","noise_0.05_seed_10015","baseline","53940","1000493800"
"kittens.in","multiplicative","0.05","10015","noise_0.05_seed_10015","greedy","1021787","1000493800"
"kittens.in","multiplicative","0.05","10015","noise_0.05_seed_10015","greedy-ls","1021843","1000493800"
"kittens.in","multiplicative","0.05","10015","noise_0.05_seed_10015","ocag","1022053","1000493800"
"kittens.in","multiplicative","0.05","10015","noise_0.05_seed_10015","ocag-ls","1022112","1000493800"
"kittens.in","multiplicative","0.05","10016","noise_0.05_seed_10016","baseline","53970","1000043113"
"kittens.in","multiplicative","0.05","10016","noise_0.05_seed_10016","greedy","1021460","1000043113"
"kittens.in","multiplicative","0.05","10016","noise_0.05_seed_10016","greedy-ls","1021514","1000043113"
"kittens.in","multiplicative","0.05","10016","noise_0.05_seed_10016","ocag","1021687","1000043113"
"kittens.in","multiplicative","0.05","10016","noise_0.05_seed_10016","ocag-ls","1021746","1000043113"
"kittens.in","multiplicative","0.05","10017","noise_0.05_seed_10017","baseline","53904","1000048273"
"kittens.in","multiplicative","0.05","10017","noise_0.05_seed_10017","greedy","1021563","1000048273"
"kittens.in","multiplicative","0.05","10017","noise_0.05_seed_10017","greedy-ls","1021618","1000048273"
"kittens.in","multiplicative","0.05","10017","noise_0.05_seed_10017","ocag","1021798","1000048273"
"kittens.in","multiplicative","0.05","10017","noise_0.05_seed_10017","ocag-ls","1021857","1000048273"
"kittens.in","multiplicative","0.05","10018","noise_0.05_seed_10018","baseline","53937","1000217332"
"kittens.in","multiplicative","0.05","10018","noise_0.05_seed_10018","greedy","1021636","1000217332"
"kittens.in","multiplicative","0.05","10018","noise_0.05_seed_10018","greedy-ls","1021690","1000217332"
"kittens.in","multiplicative","0.05","10018","noise_0.05_seed_10018","ocag","1021896","1000217332"
"kittens.in","multiplicative","0.05","10018","noise_0.05_seed_10018","ocag-ls","1021954","1000217332"
"kittens.in","multiplicative","0.05","10019","noise_0.05_seed_10019","baseline","53939","1000119407"
"kittens.in","multiplicative","0.05","10019","noise_0.05_seed_10019","greedy","1021814","1000119407"
"kittens.in","multiplicative","0.05","10019","noise_0.05_seed_10019","greedy-ls","1021869","1000119407"
"kittens.in","multiplicative","0.05","10019","noise_0.05_seed_10019","ocag","1022066","1000119407"
"kittens.in","multiplicative","0.05","10019","noise_0.05_seed_10019","ocag-ls","1022125","1000119407"
"kittens.in","multiplicative","0.05","10020","noise_0.05_seed_10020","baseline","53927","1000117143"
"kittens.in","multiplicative","0.05","10020","noise_0.05_seed_10020","greedy","1021691","1000117143"
"kittens.in","multiplicative","0.05","10020","noise_0.05_seed_10020","greedy-ls","1021745","1000117143"
"kittens.in","multiplicative","0.05","10020","noise_0.05_seed_10020","ocag","1021974","1000117143"
"kittens.in","multiplicative","0.05","10020","noise_0.05_seed_10020","ocag-ls","1022033","1000117143"
"kittens.in","multiplicative","0.05","10021","noise_0.05_seed_10021","baseline","54012","1000065361"
"kittens.in","multiplicative","0.05","10021","noise_0.05_seed_10021","greedy","1021654","1000065361"
"kittens.in","multiplicative","0.05","10021","noise_0.05_seed_10021","greedy-ls","1021709","1000065361"
"kittens.in","multiplicative","0.05","10021","noise_0.05_seed_10021","ocag","1021937","1000065361"
"kittens.in","multiplicative","0.05","10021","noise_0.05_seed_10021","ocag-ls","1021996","1000065361"
"kittens.in","multiplicative","0.05","10022","noise_0.05_seed_10022","baseline","53922","1000366035"
"kittens.in","multiplicative","0.05","10022","noise_0.05_seed_10022","greedy","1021561","1000366035"
"kittens.in","multiplicative","0.05","10022","noise_0.05_seed_10022","greedy-ls","1021614","1000366035"
"kittens.in","multiplicative","0.05","10022","noise_0.05_seed_10022","ocag","1021814","1000366035"
"kittens.in","multiplicative","0.05","10022","noise_0.05_seed_10022","ocag-ls","1021873","1000366035"
"kittens.in","multiplicative","0.05","10023","noise_0.05_seed_10023","baseline","53922","1000463238"
"kittens.in","multiplicative","0.05","10023","noise_0.05_seed_10023","greedy","1021586","1000463238"
"kittens.in","multiplicative","0.05","10023","noise_0.05_seed_10023","greedy-ls","1021639","1000463238"
"kittens.in","multiplicative","0.05","10023","noise_0.05_seed_10023","ocag","1021846","1000463238"
"kittens.in","multiplicative","0.05","10023","noise_0.05_seed_10023","ocag-ls","1021905","1000463238"
"kittens.in","multiplicative","0.05","10024","noise_0.05_seed_10024","baseline","53953","1000191234"
"kittens.in","multiplicative","0.05","10024","noise_0.05_seed_10024","greedy","1021714","1000191234"
"kittens.in","multiplicative","0.05","10024","noise_0.05_seed_10024","greedy-ls","1021768","1000191234"
"kittens.in","multiplicative","0.05","10024","noise_0.05_seed_10024","ocag","1021973","1000191234"
"kittens.in","multiplicative","0.05","10024","noise_0.05_seed_10024","ocag-ls","1022031","1000191234"
"kittens.in","multiplicative","0.05","10025","noise_0.05_seed_10025","baseline","53929","1000332102"
"kittens.in","multiplicative","0.05","10025","noise_0.05_seed_10025","greedy","1021545","1000332102"
"kittens.in","multiplicative","0.05","10025","noise_0.05_seed_10025","greedy-ls","1021599","1000332102"
"kittens.in","multiplicative","0.05","10025","noise_0.05_seed_10025","ocag","1021839","1000332102"
"kittens.in","multiplicative","0.05","10025","noise_0.05_seed_10025","ocag-ls","1021898","1000332102"
"kittens.in","multiplicative","0.05","10026","noise_0.05_seed_10026","baseline","53952","1000245761"
"kittens.in","multiplicative","0.05","10026","noise_0.05_seed_10026","greedy","1021803","1000245761"
"kittens.in","multiplicative","0.05","10026","noise_0.05_seed_10026","greedy-ls","1021858","1000245761"
"kittens.in","multiplicative","0.05","10026","noise_0.05_seed_10026","ocag","1022076","1000245761"
"kittens.in","multiplicative","0.05","10026","noise_0.05_seed_10026","ocag-ls","1022134","1000245761"
"kittens.in","multiplicative","0.05","10027","noise_0.05_seed_10027","baseline","53948","1000410261"
"kittens.in","multiplicative","0.05","10027","noise_0.05_seed_10027","greedy","1021734","1000410261"
"kittens.in","multiplicative","0.05","10027","noise_0.05_seed_10027","greedy-ls","1021789","1000410261"
"kittens.in","multiplicative","0.05","10027","noise_0.05_seed_10027","ocag","1021963","1000410261"
"kittens.in","multiplicative","0.05","10027","noise_0.05_seed_10027","ocag-ls","1022023","1000410261"
"kittens.in","multiplicative","0.05","10028","noise_0.05_seed_10028","baseline","53961","1000114271"
"kittens.in","multiplicative","0.05","10028","noise_0.05_seed_10028","greedy","1021735","1000114271"
"kittens.in","multiplicative","0.05","10028","noise_0.05_seed_10028","greedy-ls","1021789","1000114271"
"kittens.in","multiplicative","0.05","10028","noise_0.05_seed_10028","ocag","1022016","1000114271"
"kittens.in","multiplicative","0.05","10028","noise_0.05_seed_10028","ocag-ls","1022076","1000114271"
"kittens.in","multiplicative","0.05","10029","noise_0.05_seed_10029","baseline","53944","1000276134"
"kittens.in","multiplicative","0.05","10029","noise_0.05_seed_10029","greedy","1021496","1000276134"
"kittens.in","multiplicative","0.05","10029","noise_0.05_seed_10029","greedy-ls","1021550","1000276134"
"kittens.in","multiplicative","0.05","10029","noise_0.05_seed_10029","ocag","1021728","1000276134"
"kittens.in","multiplicative","0.05","10029","noise_0.05_seed_10029","ocag-ls","1021788","1000276134"
"kittens.in","multiplicative","0.05","10030","noise_0.05_seed_10030","baseline","53906","1000346051"
"kittens.in","multiplicative","0.05","10030","noise_0.05_seed_10030","greedy","1021659","1000346051"
"kittens.in","multiplicative","0.05","10030","noise_0.05_seed_10030","greedy-ls","1021713","1000346051"
"kittens.in","multiplicative","0.05","10030","noise_0.05_seed_10030","ocag","1021926","1000346051"
"kittens.in","multiplicative","0.05","10030","noise_0.05_seed_10030","ocag-ls","1021984","1000346051"
"kittens.in","multiplicative","0.10","10001","noise_0.10_seed_10001","baseline","53913","1000219419"
"kittens.in","multiplicative","0.10","10001","noise_0.10_seed_10001","greedy","1022063","1000219419"
"kittens.in","multiplicative","0.10","10001","noise_0.10_seed_10001","greedy-ls","1022117","1000219419"
"kittens.in","multiplicative","0.10","10001","noise_0.10_seed_10001","ocag","1022296","1000219419"
"kittens.in","multiplicative","0.10","10001","noise_0.10_seed_10001","ocag-ls","1022357","1000219419"
"kittens.in","multiplicative","0.10","10002","noise_0.10_seed_10002","baseline","53857","1000105279"
"kittens.in","multiplicative","0.10","10002","noise_0.10_seed_10002","greedy","1021432","1000105279"
"kittens.in","multiplicative","0.10","10002","noise_0.10_seed_10002","greedy-ls","1021486","1000105279"
"kittens.in","multiplicative","0.10","10002","noise_0.10_seed_10002","ocag","1021654","1000105279"
"kittens.in","multiplicative","0.10","10002","noise_0.10_seed_10002","ocag-ls","1021713","1000105279"
"kittens.in","multiplicative","0.10","10003","noise_0.10_seed_10003","baseline","54073","1000486006"
"kittens.in","multiplicative","0.10","10003","noise_0.10_seed_10003","greedy","1021814","1000486006"
"kittens.in","multiplicative","0.10","10003","noise_0.10_seed_10003","greedy-ls","1021867","1000486006"
"kittens.in","multiplicative","0.10","10003","noise_0.10_seed_10003","ocag","1022016","1000486006"
"kittens.in","multiplicative","0.10","10003","noise_0.10_seed_10003","ocag-ls","1022075","1000486006"
"kittens.in","multiplicative","0.10","10004","noise_0.10_seed_10004","baseline","53926","1000263190"
"kittens.in","multiplicative","0.10","10004","noise_0.10_seed_10004","greedy","1021633","1000263190"
"kittens.in","multiplicative","0.10","10004","noise_0.10_seed_10004","greedy-ls","1021687","1000263190"
"kittens.in","multiplicative","0.10","10004","noise_0.10_seed_10004","ocag","1021937","1000263190"
"kittens.in","multiplicative","0.10","10004","noise_0.10_seed_10004","ocag-ls","1021996","1000263190"
"kittens.in","multiplicative","0.10","10005","noise_0.10_seed_10005","baseline","53872","999940166"
"kittens.in","multiplicative","0.10","10005","noise_0.10_seed_10005","greedy","1021846","999940166"
"kittens.in","multiplicative","0.10","10005","noise_0.10_seed_10005","greedy-ls","1021898","999940166"
"kittens.in","multiplicative","0.10","10005","noise_0.10_seed_10005","ocag","1022019","999940166"
"kittens.in","multiplicative","0.10","10005","noise_0.10_seed_10005","ocag-ls","1022078","999940166"
"kittens.in","multiplicative","0.10","10006","noise_0.10_seed_10006","baseline","53806","1000661772"
"kittens.in","multiplicative","0.10","10006","noise_0.10_seed_10006","greedy","1021816","1000661772"
"kittens.in","multiplicative","0.10","10006","noise_0.10_seed_10006","greedy-ls","1021872","1000661772"
"kittens.in","multiplicative","0.10","10006","noise_0.10_seed_10006","ocag","1022056","1000661772"
"kittens.in","multiplicative","0.10","10006","noise_0.10_seed_10006","ocag-ls","1022117","1000661772"
"kittens.in","multiplicative","0.10","10007","noise_0.10_seed_10007","baseline","53940","1000302528"
"kittens.in","multiplicative","0.10","10007","noise_0.10_seed_10007","greedy","1022012","1000302528"
"kittens.in","multiplicative","0.10","10007","noise_0.10_seed_10007","greedy-ls","1022065","1000302528"
"kittens.in","multiplicative","0.10","10007","noise_0.10_seed_10007","ocag","1022275","1000302528"
"kittens.in","multiplicative","0.10","10007","noise_0.10_seed_10007","ocag-ls","1022335","1000302528"
"kittens.in","multiplicative","0.10","10008","noise_0.10_seed_10008","baseline","53923","1000582764"
"kittens.in","multiplicative","0.10","10008","noise_0.10_seed_10008","greedy","1021369","1000582764"
"kittens.in","multiplicative","0.10","10008","noise_0.10_seed_10008","greedy-ls","1021422","1000582764"
"kittens.in","multiplicative","0.10","10008","noise_0.10_seed_10008","ocag","1021610","1000582764"
"kittens.in","multiplicative","0.10","10008","noise_0.10_seed_10008","ocag-ls","1021667","1000582764"
"kittens.in","multiplicative","0.10","10009","noise_0.10_seed_10009","baseline","54001","1000089028"
"kittens.in","multiplicative","0.10","10009","noise_0.10_seed_10009","greedy","1022128","1000089028"
"kittens.in","multiplicative","0.10","10009","noise_0.10_seed_10009","greedy-ls","1022183","1000089028"
"kittens.in","multiplicative","0.10","10009","noise_0.10_seed_10009","ocag","1022376","1000089028"
"kittens.in","multiplicative","0.10","10009","noise_0.10_seed_10009","ocag-ls","1022435","1000089028"
"kittens.in","multiplicative","0.10","10010","noise_0.10_seed_10010","baseline","53932","999904275"
"kittens.in","multiplicative","0.10","10010","noise_0.10_seed_10010","greedy","1022024","999904275"
"kittens.in","multiplicative","0.10","10010","noise_0.10_seed_10010","greedy-ls","1022078","999904275"
"kittens.in","multiplicative","0.10","10010","noise_0.10_seed_10010","ocag","1022282","999904275"
"kittens.in","multiplicative","0.10","10010","noise_0.10_seed_10010","ocag-ls","1022339","999904275"
"kittens.in","multiplicative","0.10","10011","noise_0.10_seed_10011","baseline","53919","1000190708"
"kittens.in","multiplicative","0.10","10011","noise_0.10_seed_10011","greedy","1021330","1000190708"
"kittens.in","multiplicative","0.10","10011","noise_0.10_seed_10011","greedy-ls","1021385","1000190708"
"kittens.in","multiplicative","0.10","10011","noise_0.10_seed_10011","ocag","1021588","1000190708"
"kittens.in","multiplicative","0.10","10011","noise_0.10_seed_10011","ocag-ls","1021648","1000190708"
"kittens.in","multiplicative","0.10","10012","noise_0.10_seed_10012","baseline","53832","1000224165"
"kittens.in","multiplicative","0.10","10012","noise_0.10_seed_10012","greedy","1021769","1000224165"
"kittens.in","multiplicative","0.10","10012","noise_0.10_seed_10012","greedy-ls","1021824","1000224165"
"kittens.in","multiplicative","0.10","10012","noise_0.10_seed_10012","ocag","1022022","1000224165"
"kittens.in","multiplicative","0.10","10012","noise_0.10_seed_10012","ocag-ls","1022082","1000224165"
"kittens.in","multiplicative","0.10","10013","noise_0.10_seed_10013","baseline","54074","999866858"
"kittens.in","multiplicative","0.10","10013","noise_0.10_seed_10013","greedy","1021765","999866858"
"kittens.in","multiplicative","0.10","10013","noise_0.10_seed_10013","greedy-ls","1021820","999866858"
"kittens.in","multiplicative","0.10","10013","noise_0.10_seed_10013","ocag","1022071","999866858"
"kittens.in","multiplicative","0.10","10013","noise_0.10_seed_10013","ocag-ls","1022131","999866858"
"kittens.in","multiplicative","0.10","10014","noise_0.10_seed_10014","baseline","53866","1000201419"
"kittens.in","multiplicative","0.10","10014","noise_0.10_seed_10014","greedy","1021818","1000201419"
"kittens.in","multiplicative","0.10","10014","noise_0.10_seed_10014","greedy-ls","1021871","1000201419"
"kittens.in","multiplicative","0.10","10014","noise_0.10_seed_10014","ocag","1022099","1000201419"
"kittens.in","multiplicative","0.10","10014","noise_0.10_seed_10014","ocag-ls","1022157","1000201419"
"kittens.in","multiplicative","0.10","10015","noise_0.10_seed_10015","baseline","53940","1000745794"
"kittens.in","multiplicative","0.10","10015","noise_0.10_seed_10015","greedy","1021894","1000745794"
"kittens.in","multiplicative","0.10","10015","noise_0.10_seed_10015","greedy-ls","1021950","1000745794"
"kittens.in","multiplicative","0.10","10015","noise_0.10_seed_10015","ocag","1022167","1000745794"
"kittens.in","multiplicative","0.10","10015","noise_0.10_seed_10015","ocag-ls","1022227","1000745794"
"kittens.in","multiplicative","0.10","10016","noise_0.10_seed_10016","baseline","54001","999844804"
"kittens.in","multiplicative","0.10","10016","noise_0.10_seed_10016","greedy","1021240","999844804"
"kittens.in","multiplicative","0.10","10016","noise_0.10_seed_10016","greedy-ls","1021293","999844804"
"kittens.in","multiplicative","0.10","10016","noise_0.10_seed_10016","ocag","1021437","999844804"
"kittens.in","multiplicative","0.10","10016","noise_0.10_seed_10016","ocag-ls","1021495","999844804"
"kittens.in","multiplicative","0.10","10017","noise_0.10_seed_10017","baseline","53867","999854980"
"kittens.in","multiplicative","0.10","10017","noise_0.10_seed_10017","greedy","1021446","999854980"
"kittens.in","multiplicative","0.10","10017","noise_0.10_seed_10017","greedy-ls","1021500","999854980"
"kittens.in","multiplicative","0.10","10017","noise_0.10_seed_10017","ocag","1021658","999854980"
"kittens.in","multiplicative","0.10","10017","noise_0.10_seed_10017","ocag-ls","1021717","999854980"
"kittens.in","multiplicative","0.10","10018","noise_0.10_seed_10018","baseline","53933","1000192206"
"kittens.in","multiplicative","0.10","10018","noise_0.10_seed_10018","greedy","1021592","1000192206"
"kittens.in","multiplicative","0.10","10018","noise_0.10_seed_10018","greedy-ls","1021645","1000192206"
"kittens.in","multiplicative","0.10","10018","noise_0.10_seed_10018","ocag","1021854","1000192206"
"kittens.in","multiplicative","0.10","10018","noise_0.10_seed_10018","ocag-ls","1021912","1000192206"
"kittens.in","multiplicative","0.10","10019","noise_0.10_seed_10019","baseline","53937","999996832"
"kittens.in","multiplicative","0.10","10019","noise_0.10_seed_10019","greedy","1021947","999996832"
"kittens.in","multiplicative","0.10","10019","noise_0.10_seed_10019","greedy-ls","1022002","999996832"
"kittens.in","multiplicative","0.10","10019","noise_0.10_seed_10019","ocag","1022193","999996832"
"kittens.in","multiplicative","0.10","10019","noise_0.10_seed_10019","ocag-ls","1022253","999996832"
"kittens.in","multiplicative","0.10","10020","noise_0.10_seed_10020","baseline","53914","999992200"
"kittens.in","multiplicative","0.10","10020","noise_0.10_seed_10020","greedy","1021702","999992200"
"kittens.in","multiplicative","0.10","10020","noise_0.10_seed_10020","greedy-ls","1021756","999992200"
"kittens.in","multiplicative","0.10","10020","noise_0.10_seed_10020","ocag","1022010","999992200"
"kittens.in","multiplicative","0.10","10020","noise_0.10_seed_10020","ocag-ls","1022069","999992200"
"kittens.in","multiplicative","0.10","10021","noise_0.10_seed_10021","baseline","54084","999888645"
"kittens.in","multiplicative","0.10","10021","noise_0.10_seed_10021","greedy","1021628","999888645"
"kittens.in","multiplicative","0.10","10021","noise_0.10_seed_10021","greedy-ls","1021683","999888645"
"kittens.in","multiplicative","0.10","10021","noise_0.10_seed_10021","ocag","1021937","999888645"
"kittens.in","multiplicative","0.10","10021","noise_0.10_seed_10021","ocag-ls","1021995","999888645"
"kittens.in","multiplicative","0.10","10022","noise_0.10_seed_10022","baseline","53903","1000490078"
"kittens.in","multiplicative","0.10","10022","noise_0.10_seed_10022","greedy","1021441","1000490078"
"kittens.in","multiplicative","0.10","10022","noise_0.10_seed_10022","greedy-ls","1021493","1000490078"
"kittens.in","multiplicative","0.10","10022","noise_0.10_seed_10022","ocag","1021690","1000490078"
"kittens.in","multiplicative","0.10","10022","noise_0.10_seed_10022","ocag-ls","1021748","1000490078"
"kittens.in","multiplicative","0.10","10023","noise_0.10_seed_10023","baseline","53903","1000684303"
"kittens.in","multiplicative","0.10","10023","noise_0.10_seed_10023","greedy","1021491","1000684303"
"kittens.in","multiplicative","0.10","10023","noise_0.10_seed_10023","greedy-ls","1021543","1000684303"
"kittens.in","multiplicative","0.10","10023","noise_0.10_seed_10023","ocag","1021754","1000684303"
"kittens.in","multiplicative","0.10","10023","noise_0.10_seed_10023","ocag-ls","1021812","1000684303"
"kittens.in","multiplicative","0.10","10024","noise_0.10_seed_10024","baseline","53966","1000140640"
"kittens.in","multiplicative","0.10","10024","noise_0.10_seed_10024","greedy","1021748","1000140640"
"kittens.in","multiplicative","0.10","10024","noise_0.10_seed_10024","greedy-ls","1021802","1000140640"
"kittens.in","multiplicative","0.10","10024","noise_0.10_seed_10024","ocag","1022008","1000140640"
"kittens.in","multiplicative","0.10","10024","noise_0.10_seed_10024","ocag-ls","1022065","1000140640"
"kittens.in","multiplicative","0.10","10025","noise_0.10_seed_10025","baseline","53918","1000422666"
"kittens.in","multiplicative","0.10","10025","noise_0.10_seed_10025","greedy","1021409","1000422666"
"kittens.in","multiplicative","0.10","10025","noise_0.10_seed_10025","greedy-ls","1021464","1000422666"
"kittens.in","multiplicative","0.10","10025","noise_0.10_seed_10025","ocag","1021740","1000422666"
"kittens.in","multiplicative","0.10","10025","noise_0.10_seed_10025","ocag-ls","1021800","1000422666"
"kittens.in","multiplicative","0.10","10026","noise_0.10_seed_10026","baseline","53963","1000249573"
"kittens.in","multiplicative","0.10","10026","noise_0.10_seed_10026","greedy","1021925","1000249573"
"kittens.in","multiplicative","0.10","10026","noise_0.10_seed_10026","greedy-ls","1021980","1000249573"
"kittens.in","multiplicative","0.10","10026","noise_0.10_seed_10026","ocag","1022213","1000249573"
"kittens.in","multiplicative","0.10","10026","noise_0.10_seed_10026","ocag-ls","1022270","1000249573"
"kittens.in","multiplicative","0.10","10027","noise_0.10_seed_10027","baseline","53956","1000578951"
"kittens.in","multiplicative","0.10","10027","noise_0.10_seed_10027","greedy","1021788","1000578951"
"kittens.in","multiplicative","0.10","10027","noise_0.10_seed_10027","greedy-ls","1021842","1000578951"
"kittens.in","multiplicative","0.10","10027","noise_0.10_seed_10027","ocag","1021989","1000578951"
"kittens.in","multiplicative","0.10","10027","noise_0.10_seed_10027","ocag-ls","1022049","1000578951"
"kittens.in","multiplicative","0.10","10028","noise_0.10_seed_10028","baseline","53983","999986802"
"kittens.in","multiplicative","0.10","10028","noise_0.10_seed_10028","greedy","1021788","999986802"
"kittens.in","multiplicative","0.10","10028","noise_0.10_seed_10028","greedy-ls","1021842","999986802"
"kittens.in","multiplicative","0.10","10028","noise_0.10_seed_10028","ocag","1022094","999986802"
"kittens.in","multiplicative","0.10","10028","noise_0.10_seed_10028","ocag-ls","1022154","999986802"
"kittens.in","multiplicative","0.10","10029","noise_0.10_seed_10029","baseline","53948","1000311222"
"kittens.in","multiplicative","0.10","10029","noise_0.10_seed_10029","greedy","1021311","1000311222"
"kittens.in","multiplicative","0.10","10029","noise_0.10_seed_10029","greedy-ls","1021365","1000311222"
"kittens.in","multiplicative","0.10","10029","noise_0.10_seed_10029","ocag","1021518","1000311222"
"kittens.in","multiplicative","0.10","10029","noise_0.10_seed_10029","ocag-ls","1021578","1000311222"
"kittens.in","multiplicative","0.10","10030","noise_0.10_seed_10030","baseline","53872","1000450092"
"kittens.in","multiplicative","0.10","10030","noise_0.10_seed_10030","greedy","1021637","1000450092"
"kittens.in","multiplicative","0.10","10030","noise_0.10_seed_10030","greedy-ls","1021690","1000450092"
"kittens.in","multiplicative","0.10","10030","noise_0.10_seed_10030","ocag","1021913","1000450092"
"kittens.in","multiplicative","0.10","10030","noise_0.10_seed_10030","ocag-ls","1021971","1000450092"
"kittens.in","multiplicative","0.20","10001","noise_0.20_seed_10001","baseline","53887","1000197221"
"kittens.in","multiplicative","0.20","10001","noise_0.20_seed_10001","greedy","1022445","1000197221"
"kittens.in","multiplicative","0.20","10001","noise_0.20_seed_10001","greedy-ls","1022499","1000197221"
"kittens.in","multiplicative","0.20","10001","noise_0.20_seed_10001","ocag","1022653","1000197221"
"kittens.in","multiplicative","0.20","10001","noise_0.20_seed_10001","ocag-ls","1022716","1000197221"
"kittens.in","multiplicative","0.20","10002","noise_0.20_seed_10002","baseline","53774","999968663"
"kittens.in","multiplicative","0.20","10002","noise_0.20_seed_10002","greedy","1021183","999968663"
"kittens.in","multiplicative","0.20","10002","noise_0.20_seed_10002","greedy-ls","1021238","999968663"
"kittens.in","multiplicative","0.20","10002","noise_0.20_seed_10002","ocag","1021370","999968663"
"kittens.in","multiplicative","0.20","10002","noise_0.20_seed_10002","ocag-ls","1021429","999968663"
"kittens.in","multiplicative","0.20","10003","noise_0.20_seed_10003","baseline","54205","1000730031"
"kittens.in","multiplicative","0.20","10003","noise_0.20_seed_10003","greedy","1021948","1000730031"
"kittens.in","multiplicative","0.20","10003","noise_0.20_seed_10003","greedy-ls","1022000","1000730031"
"kittens.in","multiplicative","0.20","10003","noise_0.20_seed_10003","ocag","1022094","1000730031"
"kittens.in","multiplicative","0.20","10003","noise_0.20_seed_10003","ocag-ls","1022153","1000730031"
"kittens.in","multiplicative","0.20","10004","noise_0.20_seed_10004","baseline","53913","1000284920"
"kittens.in","multiplicative","0.20","10004","noise_0.20_seed_10004","greedy","1021586","1000284920"
"kittens.in","multiplicative","0.20","10004","noise_0.20_seed_10004","greedy-ls","1021639","1000284920"
"kittens.in","multiplicative","0.20","10004","noise_0.20_seed_10004","ocag","1021936","1000284920"
"kittens.in","multiplicative","0.20","10004","noise_0.20_seed_10004","ocag-ls","1021995","1000284920"
"kittens.in","multiplicative","0.20","10005","noise_0.20_seed_10005","baseline","53804","999638830"
"kittens.in","multiplicative","0.20","10005","noise_0.20_seed_10005","greedy","1022011","999638830"
"kittens.in","multiplicative","0.20","10005","noise_0.20_seed_10005","greedy-ls","1022061","999638830"
"kittens.in","multiplicative","0.20","10005","noise_0.20_seed_10005","ocag","1022101","999638830"
"kittens.in","multiplicative","0.20","10005","noise_0.20_seed_10005","ocag-ls","1022159","999638830"
"kittens.in","multiplicative","0.20","10006","noise_0.20_seed_10006","baseline","53672","1001082057"
"kittens.in","multiplicative","0.20","10006","noise_0.20_seed_10006","greedy","1021952","1001082057"
"kittens.in","multiplicative","0.20","10006","noise_0.20_seed_10006","greedy-ls","1022008","1001082057"
"kittens.in","multiplicative","0.20","10006","noise_0.20_seed_10006","ocag","1022175","1001082057"
"kittens.in","multiplicative","0.20","10006","noise_0.20_seed_10006","ocag-ls","1022238","1001082057"
"kittens.in","multiplicative","0.20","10007","noise_0.20_seed_10007","baseline","53939","1000363131"
"kittens.in","multiplicative","0.20","10007","noise_0.20_seed_10007","greedy","1022343","1000363131"
"kittens.in","multiplicative","0.20","10007","noise_0.20_seed_10007","greedy-ls","1022394","1000363131"
"kittens.in","multiplicative","0.20","10007","noise_0.20_seed_10007","ocag","1022612","1000363131"
"kittens.in","multiplicative","0.20","10007","noise_0.20_seed_10007","ocag-ls","1022672","1000363131"
"kittens.in","multiplicative","0.20","10008","noise_0.20_seed_10008","baseline","53906","1000923825"
"kittens.in","multiplicative","0.20","10008","noise_0.20_seed_10008","greedy","1021057","1000923825"
"kittens.in","multiplicative","0.20","10008","noise_0.20_seed_10008","greedy-ls","1021109","1000923825"
"kittens.in","multiplicative","0.20","10008","noise_0.20_seed_10008","ocag","1021283","1000923825"
"kittens.in","multiplicative","0.20","10008","noise_0.20_seed_10008","ocag-ls","1021338","1000923825"
"kittens.in","multiplicative","0.20","10009","noise_0.20_seed_10009","baseline","54061","999936684"
"kittens.in","multiplicative","0.20","10009","noise_0.20_seed_10009","greedy","1022574","999936684"
"kittens.in","multiplicative","0.20","10009","noise_0.20_seed_10009","greedy-ls","1022631","999936684"
"kittens.in","multiplicative","0.20","10009","noise_0.20_seed_10009","ocag","1022813","999936684"
"kittens.in","multiplicative","0.20","10009","noise_0.20_seed_10009","ocag-ls","1022873","999936684"
"kittens.in","multiplicative","0.20","10010","noise_0.20_seed_10010","baseline","53923","999566980"
"kittens.in","multiplicative","0.20","10010","noise_0.20_seed_10010","greedy","1022368","999566980"
"kittens.in","multiplicative","0.20","10010","noise_0.20_seed_10010","greedy-ls","1022422","999566980"
"kittens.in","multiplicative","0.20","10010","noise_0.20_seed_10010","ocag","1022627","999566980"
"kittens.in","multiplicative","0.20","10010","noise_0.20_seed_10010","ocag-ls","1022682","999566980"
"kittens.in","multiplicative","0.20","10011","noise_0.20_seed_10011","baseline","53897","1000139807"
"kittens.in","multiplicative","0.20","10011","noise_0.20_seed_10011","greedy","1020979","1000139807"
"kittens.in","multiplicative","0.20","10011","noise_0.20_seed_10011","greedy-ls","1021035","1000139807"
"kittens.in","multiplicative","0.20","10011","noise_0.20_seed_10011","ocag","1021237","1000139807"
"kittens.in","multiplicative","0.20","10011","noise_0.20_seed_10011","ocag-ls","1021298","1000139807"
"kittens.in","multiplicative","0.20","10012","noise_0.20_seed_10012","baseline","53724","1000206514"
"kittens.in","multiplicative","0.20","10012","noise_0.20_seed_10012","greedy","1021857","1000206514"
"kittens.in","multiplicative","0.20","10012","noise_0.20_seed_10012","greedy-ls","1021913","1000206514"
"kittens.in","multiplicative","0.20","10012","noise_0.20_seed_10012","ocag","1022105","1000206514"
"kittens.in","multiplicative","0.20","10012","noise_0.20_seed_10012","ocag-ls","1022167","1000206514"
"kittens.in","multiplicative","0.20","10013","noise_0.20_seed_10013","baseline","54208","999492191"
"kittens.in","multiplicative","0.20","10013","noise_0.20_seed_10013","greedy","1021848","999492191"
"kittens.in","multiplicative","0.20","10013","noise_0.20_seed_10013","greedy-ls","1021904","999492191"
"kittens.in","multiplicative","0.20","10013","noise_0.20_seed_10013","ocag","1022204","999492191"
"kittens.in","multiplicative","0.20","10013","noise_0.20_seed_10013","ocag-ls","1022265","999492191"
"kittens.in","multiplicative","0.20","10014","noise_0.20_seed_10014","baseline","53793","1000160592"
"kittens.in","multiplicative","0.20","10014","noise_0.20_seed_10014","greedy","1021955","1000160592"
"kittens.in","multiplicative","0.20","10014","noise_0.20_seed_10014","greedy-ls","1022008","1000160592"
"kittens.in","multiplicative","0.20","10014","noise_0.20_seed_10014","ocag","1022260","1000160592"
"kittens.in","multiplicative","0.20","10014","noise_0.20_seed_10014","ocag-ls","1022316","1000160592"
"kittens.in","multiplicative","0.20","10015","noise_0.20_seed_10015","baseline","53939","1001249857"
"kittens.in","multiplicative","0.20","10015","noise_0.20_seed_10015","greedy","1022107","1001249857"
"kittens.in","multiplicative","0.20","10015","noise_0.20_seed_10015","greedy-ls","1022166","1001249857"
"kittens.in","multiplicative","0.20","10015","noise_0.20_seed_10015","ocag","1022396","1001249857"
"kittens.in","multiplicative","0.20","10015","noise_0.20_seed_10015","ocag-ls","1022458","1001249857"
"kittens.in","multiplicative","0.20","10016","noise_0.20_seed_10016","baseline","54062","999447263"
"kittens.in","multiplicative","0.20","10016","noise_0.20_seed_10016","greedy","1020798","999447263"
"kittens.in","multiplicative","0.20","10016","noise_0.20_seed_10016","greedy-ls","1020851","999447263"
"kittens.in","multiplicative","0.20","10016","noise_0.20_seed_10016","ocag","1020934","999447263"
"kittens.in","multiplicative","0.20","10016","noise_0.20_seed_10016","ocag-ls","1020992","999447263"
"kittens.in","multiplicative","0.20","10017","noise_0.20_seed_10017","baseline","53794","999468417"
"kittens.in","multiplicative","0.20","10017","noise_0.20_seed_10017","greedy","1021211","999468417"
"kittens.in","multiplicative","0.20","10017","noise_0.20_seed_10017","greedy-ls","1021265","999468417"
"kittens.in","multiplicative","0.20","10017","noise_0.20_seed_10017","ocag","1021377","999468417"
"kittens.in","multiplicative","0.20","10017","noise_0.20_seed_10017","ocag-ls","1021437","999468417"
"kittens.in","multiplicative","0.20","10018","noise_0.20_seed_10018","baseline","53927","1000143169"
"kittens.in","multiplicative","0.20","10018","noise_0.20_seed_10018","greedy","1021503","1000143169"
"kittens.in","multiplicative","0.20","10018","noise_0.20_seed_10018","greedy-ls","1021555","1000143169"
"kittens.in","multiplicative","0.20","10018","noise_0.20_seed_10018","ocag","1021770","1000143169"
"kittens.in","multiplicative","0.20","10018","noise_0.20_seed_10018","ocag-ls","1021826","1000143169"
"kittens.in","multiplicative","0.20","10019","noise_0.20_seed_10019","baseline","53934","999751989"
"kittens.in","multiplicative","0.20","10019","noise_0.20_seed_10019","greedy","1022213","999751989"
"kittens.in","multiplicative","0.20","10019","noise_0.20_seed_10019","greedy-ls","1022269","999751989"
"kittens.in","multiplicative","0.20","10019","noise_0.20_seed_10019","ocag","1022449","999751989"
"kittens.in","multiplicative","0.20","10019","noise_0.20_seed_10019","ocag-ls","1022509","999751989"
"kittens.in","multiplicative","0.20","10020","noise_0.20_seed_10020","baseline","53889","999742432"
"kittens.in","multiplicative","0.20","10020","noise_0.20_seed_10020","greedy","1021722","999742432"
"kittens.in","multiplicative","0.20","10020","noise_0.20_seed_10020","greedy-ls","1021776","999742432"
"kittens.in","multiplicative","0.20","10020","noise_0.20_seed_10020","ocag","1022082","999742432"
"kittens.in","multiplicative","0.20","10020","noise_0.20_seed_10020","ocag-ls","1022141","999742432"
"kittens.in","multiplicative","0.20","10021","noise_0.20_seed_10021","baseline","54227","999535518"
"kittens.in","multiplicative","0.20","10021","noise_0.20_seed_10021","greedy","1021575","999535518"
"kittens.in","multiplicative","0.20","10021","noise_0.20_seed_10021","greedy-ls","1021631","999535518"
"kittens.in","multiplicative","0.20","10021","noise_0.20_seed_10021","ocag","1021935","999535518"
"kittens.in","multiplicative","0.20","10021","noise_0.20_seed_10021","ocag-ls","1021992","999535518"
"kittens.in","multiplicative","0.20","10022","noise_0.20_seed_10022","baseline","53866","1000738317"
"kittens.in","multiplicative","0.20","10022","noise_0.20_seed_10022","greedy","1021201","1000738317"
"kittens.in","multiplicative","0.20","10022","noise_0.20_seed_10022","greedy-ls","1021251","1000738317"
"kittens.in","multiplicative","0.20","10022","noise_0.20_seed_10022","ocag","1021443","1000738317"
"kittens.in","multiplicative","0.20","10022","noise_0.20_seed_10022","ocag-ls","1021499","1000738317"
"kittens.in","multiplicative","0.20","10023","noise_0.20_seed_10023","baseline","53866","1001127280"
"kittens.in","multiplicative","0.20","10023","noise_0.20_seed_10023","greedy","1021301","1001127280"
"kittens.in","multiplicative","0.20","10023","noise_0.20_seed_10023","greedy-ls","1021350","1001127280"
"kittens.in","multiplicative","0.20","10023","noise_0.20_seed_10023","ocag","1021569","1001127280"
"kittens.in","multiplicative","0.20","10023","noise_0.20_seed_10023","ocag-ls","1021627","1001127280"
"kittens.in","multiplicative","0.20","10024","noise_0.20_seed_10024","baseline","53992","1000039809"
"kittens.in","multiplicative","0.20","10024","noise_0.20_seed_10024","greedy","1021814","1000039809"
"kittens.in","multiplicative","0.20","10024","noise_0.20_seed_10024","greedy-ls","1021868","1000039809"
"kittens.in","multiplicative","0.20","10024","noise_0.20_seed_10024","ocag","1022078","1000039809"
"kittens.in","multiplicative","0.20","10024","noise_0.20_seed_10024","ocag-ls","1022133","1000039809"
"kittens.in","multiplicative","0.20","10025","noise_0.20_seed_10025","baseline","53895","1000603760"
"kittens.in","multiplicative","0.20","10025","noise_0.20_seed_10025","greedy","1021139","1000603760"
"kittens.in","multiplicative","0.20","10025","noise_0.20_seed_10025","greedy-ls","1021193","1000603760"
"kittens.in","multiplicative","0.20","10025","noise_0.20_seed_10025","ocag","1021543","1000603760"
"kittens.in","multiplicative","0.20","10025","noise_0.20_seed_10025","ocag-ls","1021603","1000603760"
"kittens.in","multiplicative","0.20","10026","noise_0.20_seed_10026","baseline","53986","1000257287"
"kittens.in","multiplicative","0.20","10026","noise_0.20_seed_10026","greedy","1022168","1000257287"
"kittens.in","multiplicative","0.20","10026","noise_0.20_seed_10026","greedy-ls","1022225","1000257287"
"kittens.in","multiplicative","0.20","10026","noise_0.20_seed_10026","ocag","1022487","1000257287"
"kittens.in","multiplicative","0.20","10026","noise_0.20_seed_10026","ocag-ls","1022544","1000257287"
"kittens.in","multiplicative","0.20","10027","noise_0.20_seed_10027","baseline","53971","1000916029"
"kittens.in","multiplicative","0.20","10027","noise_0.20_seed_10027","greedy","1021894","1000916029"
"kittens.in","multiplicative","0.20","10027","noise_0.20_seed_10027","greedy-ls","1021949","1000916029"
"kittens.in","multiplicative","0.20","10027","noise_0.20_seed_10027","ocag","1022039","1000916029"
"kittens.in","multiplicative","0.20","10027","noise_0.20_seed_10027","ocag-ls","1022101","1000916029"
"kittens.in","multiplicative","0.20","10028","noise_0.20_seed_10028","baseline","54026","999731341"
"kittens.in","multiplicative","0.20","10028","noise_0.20_seed_10028","greedy","1021896","999731341"
"kittens.in","multiplicative","0.20","10028","noise_0.20_seed_10028","greedy-ls","1021948","999731341"
"kittens.in","multiplicative","0.20","10028","noise_0.20_seed_10028","ocag","1022250","999731341"
"kittens.in","multiplicative","0.20","10028","noise_0.20_seed_10028","ocag-ls","1022311","999731341"
"kittens.in","multiplicative","0.20","10029","noise_0.20_seed_10029","baseline","53955","1000380308"
"kittens.in","multiplicative","0.20","10029","noise_0.20_seed_10029","greedy","1020941","1000380308"
"kittens.in","multiplicative","0.20","10029","noise_0.20_seed_10029","greedy-ls","1020995","1000380308"
"kittens.in","multiplicative","0.20","10029","noise_0.20_seed_10029","ocag","1021097","1000380308"
"kittens.in","multiplicative","0.20","10029","noise_0.20_seed_10029","ocag-ls","1021159","1000380308"
"kittens.in","multiplicative","0.20","10030","noise_0.20_seed_10030","baseline","53803","1000658348"
"kittens.in","multiplicative","0.20","10030","noise_0.20_seed_10030","greedy","1021593","1000658348"
"kittens.in","multiplicative","0.20","10030","noise_0.20_seed_10030","greedy-ls","1021645","1000658348"
"kittens.in","multiplicative","0.20","10030","noise_0.20_seed_10030","ocag","1021888","1000658348"
"kittens.in","multiplicative","0.20","10030","noise_0.20_seed_10030","ocag-ls","1021945","1000658348"
"kittens.in","multiplicative","0.30","10001","noise_0.30_seed_10001","baseline","54161","1001661499"
"kittens.in","multiplicative","0.30","10001","noise_0.30_seed_10001","greedy","1021305","1001661499"
"kittens.in","multiplicative","0.30","10001","noise_0.30_seed_10001","greedy-ls","1021358","1001661499"
"kittens.in","multiplicative","0.30","10001","noise_0.30_seed_10001","ocag","1021463","1001661499"
"kittens.in","multiplicative","0.30","10001","noise_0.30_seed_10001","ocag-ls","1021521","1001661499"
"kittens.in","multiplicative","0.30","10002","noise_0.30_seed_10002","baseline","53768","1000876868"
"kittens.in","multiplicative","0.30","10002","noise_0.30_seed_10002","greedy","1021730","1000876868"
"kittens.in","multiplicative","0.30","10002","noise_0.30_seed_10002","greedy-ls","1021785","1000876868"
"kittens.in","multiplicative","0.30","10002","noise_0.30_seed_10002","ocag","1022042","1000876868"
"kittens.in","multiplicative","0.30","10002","noise_0.30_seed_10002","ocag-ls","1022102","1000876868"
"kittens.in","multiplicative","0.30","10003","noise_0.30_seed_10003","baseline","53777","1001583550"
"kittens.in","multiplicative","0.30","10003","noise_0.30_seed_10003","greedy","1021189","1001583550"
"kittens.in","multiplicative","0.30","10003","noise_0.30_seed_10003","greedy-ls","1021243","1001583550"
"kittens.in","multiplicative","0.30","10003","noise_0.30_seed_10003","ocag","1021320","1001583550"
"kittens.in","multiplicative","0.30","10003","noise_0.30_seed_10003","ocag-ls","1021377","1001583550"
"kittens.in","multiplicative","0.30","10004","noise_0.30_seed_10004","baseline","54125","1000959995"
"kittens.in","multiplicative","0.30","10004","noise_0.30_seed_10004","greedy","1022333","1000959995"
"kittens.in","multiplicative","0.30","10004","noise_0.30_seed_10004","greedy-ls","1022392","1000959995"
"kittens.in","multiplicative","0.30","10004","noise_0.30_seed_10004","ocag","1022635","1000959995"
"kittens.in","multiplicative","0.30","10004","noise_0.30_seed_10004","ocag-ls","1022697","1000959995"
"kittens.in","multiplicative","0.30","10005","noise_0.30_seed_10005","baseline","53651","1000051652"
"kittens.in","multiplicative","0.30","10005","noise_0.30_seed_10005","greedy","1022375","1000051652"
"kittens.in","multiplicative","0.30","10005","noise_0.30_seed_10005","greedy-ls","1022426","1000051652"
"kittens.in","multiplicative","0.30","10005","noise_0.30_seed_10005","ocag","1022743","1000051652"
"kittens.in","multiplicative","0.30","10005","noise_0.30_seed_10005","ocag-ls","1022802","1000051652"
"kittens.in","multiplicative","0.30","10006","noise_0.30_seed_10006","baseline","54041","999045246"
"kittens.in","multiplicative","0.30","10006","noise_0.30_seed_10006","greedy","1021334","999045246"
"kittens.in","multiplicative","0.30","10006","noise_0.30_seed_10006","greedy-ls","1021387","999045246"
"kittens.in","multiplicative","0.30","10006","noise_0.30_seed_10006","ocag","1021803","999045246"
"kittens.in","multiplicative","0.30","10006","noise_0.30_seed_10006","ocag-ls","1021859","999045246"
"kittens.in","multiplicative","0.30","10007","noise_0.30_seed_10007","baseline","54117","998968604"
"kittens.in","multiplicative","0.30","10007","noise_0.30_seed_10007","greedy","1022017","998968604"
"kittens.in","multiplicative","0.30","10007","noise_0.30_seed_10007","greedy-ls","1022072","998968604"
"kittens.in","multiplicative","0.30","10007","noise_0.30_seed_10007","ocag","1022198","998968604"
"kittens.in","multiplicative","0.30","10007","noise_0.30_seed_10007","ocag-ls","1022261","998968604"
"kittens.in","multiplicative","0.30","10008","noise_0.30_seed_10008","baseline","54270","998687378"
"kittens.in","multiplicative","0.30","10008","noise_0.30_seed_10008","greedy","1021594","998687378"
"kittens.in","multiplicative","0.30","10008","noise_0.30_seed_10008","greedy-ls","1021647","998687378"
"kittens.in","multiplicative","0.30","10008","noise_0.30_seed_10008","ocag","1021828","998687378"
"kittens.in","multiplicative","0.30","10008","noise_0.30_seed_10008","ocag-ls","1021888","998687378"
"kittens.in","multiplicative","0.30","10009","noise_0.30_seed_10009","baseline","53996","999058707"
"kittens.in","multiplicative","0.30","10009","noise_0.30_seed_10009","greedy","1020651","999058707"
"kittens.in","multiplicative","0.30","10009","noise_0.30_seed_10009","greedy-ls","1020704","999058707"
"kittens.in","multiplicative","0.30","10009","noise_0.30_seed_10009","ocag","1021158","999058707"
"kittens.in","multiplicative","0.30","10009","noise_0.30_seed_10009","ocag-ls","1021221","999058707"
"kittens.in","multiplicative","0.30","10010","noise_0.30_seed_10010","baseline","53907","999956088"
"kittens.in","multiplicative","0.30","10010","noise_0.30_seed_10010","greedy","1021776","999956088"
"kittens.in","multiplicative","0.30","10010","noise_0.30_seed_10010","greedy-ls","1021824","999956088"
"kittens.in","multiplicative","0.30","10010","noise_0.30_seed_10010","ocag","1022006","999956088"
"kittens.in","multiplicative","0.30","10010","noise_0.30_seed_10010","ocag-ls","1022064","999956088"
"kittens.in","multiplicative","0.30","10011","noise_0.30_seed_10011","baseline","53789","999411082"
"kittens.in","multiplicative","0.30","10011","noise_0.30_seed_10011","greedy","1022547","999411082"
"kittens.in","multiplicative","0.30","10011","noise_0.30_seed_10011","greedy-ls","1022604","999411082"
"kittens.in","multiplicative","0.30","10011","noise_0.30_seed_10011","ocag","1022749","999411082"
"kittens.in","multiplicative","0.30","10011","noise_0.30_seed_10011","ocag-ls","1022811","999411082"
"kittens.in","multiplicative","0.30","10012","noise_0.30_seed_10012","baseline","54082","1001121147"
"kittens.in","multiplicative","0.30","10012","noise_0.30_seed_10012","greedy","1022222","1001121147"
"kittens.in","multiplicative","0.30","10012","noise_0.30_seed_10012","greedy-ls","1022278","1001121147"
"kittens.in","multiplicative","0.30","10012","noise_0.30_seed_10012","ocag","1022473","1001121147"
"kittens.in","multiplicative","0.30","10012","noise_0.30_seed_10012","ocag-ls","1022531","1001121147"
"kittens.in","multiplicative","0.30","10013","noise_0.30_seed_10013","baseline","53899","1000102230"
"kittens.in","multiplicative","0.30","10013","noise_0.30_seed_10013","greedy","1021851","1000102230"
"kittens.in","multiplicative","0.30","10013","noise_0.30_seed_10013","greedy-ls","1021909","1000102230"
"kittens.in","multiplicative","0.30","10013","noise_0.30_seed_10013","ocag","1022009","1000102230"
"kittens.in","multiplicative","0.30","10013","noise_0.30_seed_10013","ocag-ls","1022065","1000102230"
"kittens.in","multiplicative","0.30","10014","noise_0.30_seed_10014","baseline","53919","1000254951"
"kittens.in","multiplicative","0.30","10014","noise_0.30_seed_10014","greedy","1022166","1000254951"
"kittens.in","multiplicative","0.30","10014","noise_0.30_seed_10014","greedy-ls","1022222","1000254951"
"kittens.in","multiplicative","0.30","10014","noise_0.30_seed_10014","ocag","1022506","1000254951"
"kittens.in","multiplicative","0.30","10014","noise_0.30_seed_10014","ocag-ls","1022565","1000254951"
"kittens.in","multiplicative","0.30","10015","noise_0.30_seed_10015","baseline","53695","998921832"
"kittens.in","multiplicative","0.30","10015","noise_0.30_seed_10015","greedy","1022251","998921832"
"kittens.in","multiplicative","0.30","10015","noise_0.30_seed_10015","greedy-ls","1022312","998921832"
"kittens.in","multiplicative","0.30","10015","noise_0.30_seed_10015","ocag","1022620","998921832"
"kittens.in","multiplicative","0.30","10015","noise_0.30_seed_10015","ocag-ls","1022679","998921832"
"kittens.in","multiplicative","0.30","10016","noise_0.30_seed_10016","baseline","53710","1000394784"
"kittens.in","multiplicative","0.30","10016","noise_0.30_seed_10016","greedy","1021197","1000394784"
"kittens.in","multiplicative","0.30","10016","noise_0.30_seed_10016","greedy-ls","1021250","1000394784"
"kittens.in","multiplicative","0.30","10016","noise_0.30_seed_10016","ocag","1021489","1000394784"
"kittens.in","multiplicative","0.30","10016","noise_0.30_seed_10016","ocag-ls","1021546","1000394784"
"kittens.in","multiplicative","0.30","10017","noise_0.30_seed_10017","baseline","54173","1000688266"
"kittens.in","multiplicative","0.30","10017","noise_0.30_seed_10017","greedy","1022364","1000688266"
"kittens.in","multiplicative","0.30","10017","noise_0.30_seed_10017","greedy-ls","1022420","1000688266"
"kittens.in","multiplicative","0.30","10017","noise_0.30_seed_10017","ocag","1022696","1000688266"
"kittens.in","multiplicative","0.30","10017","noise_0.30_seed_10017","ocag-ls","1022751","1000688266"
"kittens.in","multiplicative","0.30","10018","noise_0.30_seed_10018","baseline","53822","1000631303"
"kittens.in","multiplicative","0.30","10018","noise_0.30_seed_10018","greedy","1021163","1000631303"
"kittens.in","multiplicative","0.30","10018","noise_0.30_seed_10018","greedy-ls","1021213","1000631303"
"kittens.in","multiplicative","0.30","10018","noise_0.30_seed_10018","ocag","1021419","1000631303"
"kittens.in","multiplicative","0.30","10018","noise_0.30_seed_10018","ocag-ls","1021480","1000631303"
"kittens.in","multiplicative","0.30","10019","noise_0.30_seed_10019","baseline","54319","1000617848"
"kittens.in","multiplicative","0.30","10019","noise_0.30_seed_10019","greedy","1020861","1000617848"
"kittens.in","multiplicative","0.30","10019","noise_0.30_seed_10019","greedy-ls","1020914","1000617848"
"kittens.in","multiplicative","0.30","10019","noise_0.30_seed_10019","ocag","1021060","1000617848"
"kittens.in","multiplicative","0.30","10019","noise_0.30_seed_10019","ocag-ls","1021116","1000617848"
"kittens.in","multiplicative","0.30","10020","noise_0.30_seed_10020","baseline","54092","1000432728"
"kittens.in","multiplicative","0.30","10020","noise_0.30_seed_10020","greedy","1020872","1000432728"
"kittens.in","multiplicative","0.30","10020","noise_0.30_seed_10020","greedy-ls","1020926","1000432728"
"kittens.in","multiplicative","0.30","10020","noise_0.30_seed_10020","ocag","1021298","1000432728"
"kittens.in","multiplicative","0.30","10020","noise_0.30_seed_10020","ocag-ls","1021365","1000432728"
"kittens.in","multiplicative","0.30","10021","noise_0.30_seed_10021","baseline","54353","1000281189"
"kittens.in","multiplicative","0.30","10021","noise_0.30_seed_10021","greedy","1021371","1000281189"
"kittens.in","multiplicative","0.30","10021","noise_0.30_seed_10021","greedy-ls","1021427","1000281189"
"kittens.in","multiplicative","0.30","10021","noise_0.30_seed_10021","ocag","1021550","1000281189"
"kittens.in","multiplicative","0.30","10021","noise_0.30_seed_10021","ocag-ls","1021609","1000281189"
"kittens.in","multiplicative","0.30","10022","noise_0.30_seed_10022","baseline","54216","999677076"
"kittens.in","multiplicative","0.30","10022","noise_0.30_seed_10022","greedy","1020301","999677076"
"kittens.in","multiplicative","0.30","10022","noise_0.30_seed_10022","greedy-ls","1020354","999677076"
"kittens.in","multiplicative","0.30","10022","noise_0.30_seed_10022","ocag","1020466","999677076"
"kittens.in","multiplicative","0.30","10022","noise_0.30_seed_10022","ocag-ls","1020522","999677076"
"kittens.in","multiplicative","0.30","10023","noise_0.30_seed_10023","baseline","54276","1000998813"
"kittens.in","multiplicative","0.30","10023","noise_0.30_seed_10023","greedy","1021198","1000998813"
"kittens.in","multiplicative","0.30","10023","noise_0.30_seed_10023","greedy-ls","1021254","1000998813"
"kittens.in","multiplicative","0.30","10023","noise_0.30_seed_10023","ocag","1021470","1000998813"
"kittens.in","multiplicative","0.30","10023","noise_0.30_seed_10023","ocag-ls","1021531","1000998813"
"kittens.in","multiplicative","0.30","10024","noise_0.30_seed_10024","baseline","53709","999801449"
"kittens.in","multiplicative","0.30","10024","noise_0.30_seed_10024","greedy","1020477","999801449"
"kittens.in","multiplicative","0.30","10024","noise_0.30_seed_10024","greedy-ls","1020535","999801449"
"kittens.in","multiplicative","0.30","10024","noise_0.30_seed_10024","ocag","1020641","999801449"
"kittens.in","multiplicative","0.30","10024","noise_0.30_seed_10024","ocag-ls","1020702","999801449"
"kittens.in","multiplicative","0.30","10025","noise_0.30_seed_10025","baseline","54020","1001449049"
"kittens.in","multiplicative","0.30","10025","noise_0.30_seed_10025","greedy","1022389","1001449049"
"kittens.in","multiplicative","0.30","10025","noise_0.30_seed_10025","greedy-ls","1022444","1001449049"
"kittens.in","multiplicative","0.30","10025","noise_0.30_seed_10025","ocag","1022569","1001449049"
"kittens.in","multiplicative","0.30","10025","noise_0.30_seed_10025","ocag-ls","1022631","1001449049"
"kittens.in","multiplicative","0.30","10026","noise_0.30_seed_10026","baseline","53757","1000807996"
"kittens.in","multiplicative","0.30","10026","noise_0.30_seed_10026","greedy","1020828","1000807996"
"kittens.in","multiplicative","0.30","10026","noise_0.30_seed_10026","greedy-ls","1020882","1000807996"
"kittens.in","multiplicative","0.30","10026","noise_0.30_seed_10026","ocag","1021127","1000807996"
"kittens.in","multiplicative","0.30","10026","noise_0.30_seed_10026","ocag-ls","1021185","1000807996"
"kittens.in","multiplicative","0.30","10027","noise_0.30_seed_10027","baseline","54122","998604307"
"kittens.in","multiplicative","0.30","10027","noise_0.30_seed_10027","greedy","1021704","998604307"
"kittens.in","multiplicative","0.30","10027","noise_0.30_seed_10027","greedy-ls","1021756","998604307"
"kittens.in","multiplicative","0.30","10027","noise_0.30_seed_10027","ocag","1021985","998604307"
"kittens.in","multiplicative","0.30","10027","noise_0.30_seed_10027","ocag-ls","1022039","998604307"
"kittens.in","multiplicative","0.30","10028","noise_0.30_seed_10028","baseline","54174","999543250"
"kittens.in","multiplicative","0.30","10028","noise_0.30_seed_10028","greedy","1022594","999543250"
"kittens.in","multiplicative","0.30","10028","noise_0.30_seed_10028","greedy-ls","1022647","999543250"
"kittens.in","multiplicative","0.30","10028","noise_0.30_seed_10028","ocag","1022844","999543250"
"kittens.in","multiplicative","0.30","10028","noise_0.30_seed_10028","ocag-ls","1022903","999543250"
"kittens.in","multiplicative","0.30","10029","noise_0.30_seed_10029","baseline","54204","998879990"
"kittens.in","multiplicative","0.30","10029","noise_0.30_seed_10029","greedy","1021392","998879990"
"kittens.in","multiplicative","0.30","10029","noise_0.30_seed_10029","greedy-ls","1021449","998879990"
"kittens.in","multiplicative","0.30","10029","noise_0.30_seed_10029","ocag","1021591","998879990"
"kittens.in","multiplicative","0.30","10029","noise_0.30_seed_10029","ocag-ls","1021654","998879990"
"kittens.in","multiplicative","0.30","10030","noise_0.30_seed_10030","baseline","53963","999797288"
"kittens.in","multiplicative","0.30","10030","noise_0.30_seed_10030","greedy","1020570","999797288"
"kittens.in","multiplicative","0.30","10030","noise_0.30_seed_10030","greedy-ls","1020618","999797288"
"kittens.in","multiplicative","0.30","10030","noise_0.30_seed_10030","ocag","1020641","999797288"
"kittens.in","multiplicative","0.30","10030","noise_0.30_seed_10030","ocag-ls","1020701","999797288"
"kittens.in","localized_shift","3x","10001","localized_3x_seed_10001","baseline","53129","1040402318"
"kittens.in","localized_shift","3x","10001","localized_3x_seed_10001","greedy","1021040","1040402318"
"kittens.in","localized_shift","3x","10001","localized_3x_seed_10001","greedy-ls","1021092","1040402318"
"kittens.in","localized_shift","3x","10001","localized_3x_seed_10001","ocag","1021169","1040402318"
"kittens.in","localized_shift","3x","10001","localized_3x_seed_10001","ocag-ls","1021228","1040402318"
"kittens.in","localized_shift","3x","10002","localized_3x_seed_10002","baseline","54444","1039727532"
"kittens.in","localized_shift","3x","10002","localized_3x_seed_10002","greedy","1020031","1039727532"
"kittens.in","localized_shift","3x","10002","localized_3x_seed_10002","greedy-ls","1020087","1039727532"
"kittens.in","localized_shift","3x","10002","localized_3x_seed_10002","ocag","1020128","1039727532"
"kittens.in","localized_shift","3x","10002","localized_3x_seed_10002","ocag-ls","1020186","1039727532"
"kittens.in","localized_shift","3x","10003","localized_3x_seed_10003","baseline","54077","1039492546"
"kittens.in","localized_shift","3x","10003","localized_3x_seed_10003","greedy","1020875","1039492546"
"kittens.in","localized_shift","3x","10003","localized_3x_seed_10003","greedy-ls","1020929","1039492546"
"kittens.in","localized_shift","3x","10003","localized_3x_seed_10003","ocag","1021137","1039492546"
"kittens.in","localized_shift","3x","10003","localized_3x_seed_10003","ocag-ls","1021193","1039492546"
"kittens.in","localized_shift","3x","10004","localized_3x_seed_10004","baseline","54112","1040982656"
"kittens.in","localized_shift","3x","10004","localized_3x_seed_10004","greedy","1021690","1040982656"
"kittens.in","localized_shift","3x","10004","localized_3x_seed_10004","greedy-ls","1021745","1040982656"
"kittens.in","localized_shift","3x","10004","localized_3x_seed_10004","ocag","1021851","1040982656"
"kittens.in","localized_shift","3x","10004","localized_3x_seed_10004","ocag-ls","1021910","1040982656"
"kittens.in","localized_shift","3x","10005","localized_3x_seed_10005","baseline","53961","1039761386"
"kittens.in","localized_shift","3x","10005","localized_3x_seed_10005","greedy","1021798","1039761386"
"kittens.in","localized_shift","3x","10005","localized_3x_seed_10005","greedy-ls","1021856","1039761386"
"kittens.in","localized_shift","3x","10005","localized_3x_seed_10005","ocag","1022060","1039761386"
"kittens.in","localized_shift","3x","10005","localized_3x_seed_10005","ocag-ls","1022120","1039761386"
"kittens.in","localized_shift","3x","10006","localized_3x_seed_10006","baseline","54552","1040357312"
"kittens.in","localized_shift","3x","10006","localized_3x_seed_10006","greedy","1021860","1040357312"
"kittens.in","localized_shift","3x","10006","localized_3x_seed_10006","greedy-ls","1021913","1040357312"
"kittens.in","localized_shift","3x","10006","localized_3x_seed_10006","ocag","1022234","1040357312"
"kittens.in","localized_shift","3x","10006","localized_3x_seed_10006","ocag-ls","1022293","1040357312"
"kittens.in","localized_shift","3x","10007","localized_3x_seed_10007","baseline","54106","1039043756"
"kittens.in","localized_shift","3x","10007","localized_3x_seed_10007","greedy","1025613","1039043756"
"kittens.in","localized_shift","3x","10007","localized_3x_seed_10007","greedy-ls","1025675","1039043756"
"kittens.in","localized_shift","3x","10007","localized_3x_seed_10007","ocag","1025773","1039043756"
"kittens.in","localized_shift","3x","10007","localized_3x_seed_10007","ocag-ls","1025843","1039043756"
"kittens.in","localized_shift","3x","10008","localized_3x_seed_10008","baseline","53738","1039212998"
"kittens.in","localized_shift","3x","10008","localized_3x_seed_10008","greedy","1021697","1039212998"
"kittens.in","localized_shift","3x","10008","localized_3x_seed_10008","greedy-ls","1021752","1039212998"
"kittens.in","localized_shift","3x","10008","localized_3x_seed_10008","ocag","1022024","1039212998"
"kittens.in","localized_shift","3x","10008","localized_3x_seed_10008","ocag-ls","1022085","1039212998"
"kittens.in","localized_shift","3x","10009","localized_3x_seed_10009","baseline","53638","1041184742"
"kittens.in","localized_shift","3x","10009","localized_3x_seed_10009","greedy","1018842","1041184742"
"kittens.in","localized_shift","3x","10009","localized_3x_seed_10009","greedy-ls","1018897","1041184742"
"kittens.in","localized_shift","3x","10009","localized_3x_seed_10009","ocag","1019013","1041184742"
"kittens.in","localized_shift","3x","10009","localized_3x_seed_10009","ocag-ls","1019071","1041184742"
"kittens.in","localized_shift","3x","10010","localized_3x_seed_10010","baseline","53681","1041224612"
"kittens.in","localized_shift","3x","10010","localized_3x_seed_10010","greedy","1023500","1041224612"
"kittens.in","localized_shift","3x","10010","localized_3x_seed_10010","greedy-ls","1023557","1041224612"
"kittens.in","localized_shift","3x","10010","localized_3x_seed_10010","ocag","1023519","1041224612"
"kittens.in","localized_shift","3x","10010","localized_3x_seed_10010","ocag-ls","1023582","1041224612"
"kittens.in","localized_shift","3x","10011","localized_3x_seed_10011","baseline","53953","1040609932"
"kittens.in","localized_shift","3x","10011","localized_3x_seed_10011","greedy","1022679","1040609932"
"kittens.in","localized_shift","3x","10011","localized_3x_seed_10011","greedy-ls","1022734","1040609932"
"kittens.in","localized_shift","3x","10011","localized_3x_seed_10011","ocag","1022822","1040609932"
"kittens.in","localized_shift","3x","10011","localized_3x_seed_10011","ocag-ls","1022881","1040609932"
"kittens.in","localized_shift","3x","10012","localized_3x_seed_10012","baseline","54219","1039668958"
"kittens.in","localized_shift","3x","10012","localized_3x_seed_10012","greedy","1021935","1039668958"
"kittens.in","localized_shift","3x","10012","localized_3x_seed_10012","greedy-ls","1021990","1039668958"
"kittens.in","localized_shift","3x","10012","localized_3x_seed_10012","ocag","1021986","1039668958"
"kittens.in","localized_shift","3x","10012","localized_3x_seed_10012","ocag-ls","1022042","1039668958"
"kittens.in","localized_shift","3x","10013","localized_3x_seed_10013","baseline","53467","1040220140"
"kittens.in","localized_shift","3x","10013","localized_3x_seed_10013","greedy","1022489","1040220140"
"kittens.in","localized_shift","3x","10013","localized_3x_seed_10013","greedy-ls","1022547","1040220140"
"kittens.in","localized_shift","3x","10013","localized_3x_seed_10013","ocag","1022318","1040220140"
"kittens.in","localized_shift","3x","10013","localized_3x_seed_10013","ocag-ls","1022383","1040220140"
"kittens.in","localized_shift","3x","10014","localized_3x_seed_10014","baseline","54186","1040457922"
"kittens.in","localized_shift","3x","10014","localized_3x_seed_10014","greedy","1017485","1040457922"
"kittens.in","localized_shift","3x","10014","localized_3x_seed_10014","greedy-ls","1017539","1040457922"
"kittens.in","localized_shift","3x","10014","localized_3x_seed_10014","ocag","1018214","1040457922"
"kittens.in","localized_shift","3x","10014","localized_3x_seed_10014","ocag-ls","1018274","1040457922"
"kittens.in","localized_shift","3x","10015","localized_3x_seed_10015","baseline","54292","1040874606"
"kittens.in","localized_shift","3x","10015","localized_3x_seed_10015","greedy","1020627","1040874606"
"kittens.in","localized_shift","3x","10015","localized_3x_seed_10015","greedy-ls","1020679","1040874606"
"kittens.in","localized_shift","3x","10015","localized_3x_seed_10015","ocag","1020947","1040874606"
"kittens.in","localized_shift","3x","10015","localized_3x_seed_10015","ocag-ls","1021004","1040874606"
"kittens.in","localized_shift","3x","10016","localized_3x_seed_10016","baseline","54082","1040302902"
"kittens.in","localized_shift","3x","10016","localized_3x_seed_10016","greedy","1023182","1040302902"
"kittens.in","localized_shift","3x","10016","localized_3x_seed_10016","greedy-ls","1023239","1040302902"
"kittens.in","localized_shift","3x","10016","localized_3x_seed_10016","ocag","1023459","1040302902"
"kittens.in","localized_shift","3x","10016","localized_3x_seed_10016","ocag-ls","1023525","1040302902"
"kittens.in","localized_shift","3x","10017","localized_3x_seed_10017","baseline","53822","1040052328"
"kittens.in","localized_shift","3x","10017","localized_3x_seed_10017","greedy","1022576","1040052328"
"kittens.in","localized_shift","3x","10017","localized_3x_seed_10017","greedy-ls","1022631","1040052328"
"kittens.in","localized_shift","3x","10017","localized_3x_seed_10017","ocag","1022681","1040052328"
"kittens.in","localized_shift","3x","10017","localized_3x_seed_10017","ocag-ls","1022739","1040052328"
"kittens.in","localized_shift","3x","10018","localized_3x_seed_10018","baseline","54846","1040350846"
"kittens.in","localized_shift","3x","10018","localized_3x_seed_10018","greedy","1022714","1040350846"
"kittens.in","localized_shift","3x","10018","localized_3x_seed_10018","greedy-ls","1022768","1040350846"
"kittens.in","localized_shift","3x","10018","localized_3x_seed_10018","ocag","1022806","1040350846"
"kittens.in","localized_shift","3x","10018","localized_3x_seed_10018","ocag-ls","1022865","1040350846"
"kittens.in","localized_shift","3x","10019","localized_3x_seed_10019","baseline","53840","1039459140"
"kittens.in","localized_shift","3x","10019","localized_3x_seed_10019","greedy","1020287","1039459140"
"kittens.in","localized_shift","3x","10019","localized_3x_seed_10019","greedy-ls","1020341","1039459140"
"kittens.in","localized_shift","3x","10019","localized_3x_seed_10019","ocag","1020600","1039459140"
"kittens.in","localized_shift","3x","10019","localized_3x_seed_10019","ocag-ls","1020661","1039459140"
"kittens.in","localized_shift","3x","10020","localized_3x_seed_10020","baseline","53645","1040345092"
"kittens.in","localized_shift","3x","10020","localized_3x_seed_10020","greedy","1020873","1040345092"
"kittens.in","localized_shift","3x","10020","localized_3x_seed_10020","greedy-ls","1020927","1040345092"
"kittens.in","localized_shift","3x","10020","localized_3x_seed_10020","ocag","1021176","1040345092"
"kittens.in","localized_shift","3x","10020","localized_3x_seed_10020","ocag-ls","1021231","1040345092"
"kittens.in","localized_shift","3x","10021","localized_3x_seed_10021","baseline","53413","1040398072"
"kittens.in","localized_shift","3x","10021","localized_3x_seed_10021","greedy","1019118","1040398072"
"kittens.in","localized_shift","3x","10021","localized_3x_seed_10021","greedy-ls","1019174","1040398072"
"kittens.in","localized_shift","3x","10021","localized_3x_seed_10021","ocag","1019346","1040398072"
"kittens.in","localized_shift","3x","10021","localized_3x_seed_10021","ocag-ls","1019404","1040398072"
"kittens.in","localized_shift","3x","10022","localized_3x_seed_10022","baseline","53962","1039478808"
"kittens.in","localized_shift","3x","10022","localized_3x_seed_10022","greedy","1021849","1039478808"
"kittens.in","localized_shift","3x","10022","localized_3x_seed_10022","greedy-ls","1021902","1039478808"
"kittens.in","localized_shift","3x","10022","localized_3x_seed_10022","ocag","1022191","1039478808"
"kittens.in","localized_shift","3x","10022","localized_3x_seed_10022","ocag-ls","1022246","1039478808"
"kittens.in","localized_shift","3x","10023","localized_3x_seed_10023","baseline","53712","1041121384"
"kittens.in","localized_shift","3x","10023","localized_3x_seed_10023","greedy","1024795","1041121384"
"kittens.in","localized_shift","3x","10023","localized_3x_seed_10023","greedy-ls","1024851","1041121384"
"kittens.in","localized_shift","3x","10023","localized_3x_seed_10023","ocag","1024975","1041121384"
"kittens.in","localized_shift","3x","10023","localized_3x_seed_10023","ocag-ls","1025032","1041121384"
"kittens.in","localized_shift","3x","10024","localized_3x_seed_10024","baseline","54441","1041375140"
"kittens.in","localized_shift","3x","10024","localized_3x_seed_10024","greedy","1026232","1041375140"
"kittens.in","localized_shift","3x","10024","localized_3x_seed_10024","greedy-ls","1026286","1041375140"
"kittens.in","localized_shift","3x","10024","localized_3x_seed_10024","ocag","1026744","1041375140"
"kittens.in","localized_shift","3x","10024","localized_3x_seed_10024","ocag-ls","1026805","1041375140"
"kittens.in","localized_shift","3x","10025","localized_3x_seed_10025","baseline","54070","1039771816"
"kittens.in","localized_shift","3x","10025","localized_3x_seed_10025","greedy","1022127","1039771816"
"kittens.in","localized_shift","3x","10025","localized_3x_seed_10025","greedy-ls","1022182","1039771816"
"kittens.in","localized_shift","3x","10025","localized_3x_seed_10025","ocag","1022248","1039771816"
"kittens.in","localized_shift","3x","10025","localized_3x_seed_10025","ocag-ls","1022305","1039771816"
"kittens.in","localized_shift","3x","10026","localized_3x_seed_10026","baseline","53743","1039971398"
"kittens.in","localized_shift","3x","10026","localized_3x_seed_10026","greedy","1018194","1039971398"
"kittens.in","localized_shift","3x","10026","localized_3x_seed_10026","greedy-ls","1018249","1039971398"
"kittens.in","localized_shift","3x","10026","localized_3x_seed_10026","ocag","1018613","1039971398"
"kittens.in","localized_shift","3x","10026","localized_3x_seed_10026","ocag-ls","1018672","1039971398"
"kittens.in","localized_shift","3x","10027","localized_3x_seed_10027","baseline","54702","1039900566"
"kittens.in","localized_shift","3x","10027","localized_3x_seed_10027","greedy","1026551","1039900566"
"kittens.in","localized_shift","3x","10027","localized_3x_seed_10027","greedy-ls","1026608","1039900566"
"kittens.in","localized_shift","3x","10027","localized_3x_seed_10027","ocag","1026882","1039900566"
"kittens.in","localized_shift","3x","10027","localized_3x_seed_10027","ocag-ls","1026939","1039900566"
"kittens.in","localized_shift","3x","10028","localized_3x_seed_10028","baseline","54535","1039781638"
"kittens.in","localized_shift","3x","10028","localized_3x_seed_10028","greedy","1025963","1039781638"
"kittens.in","localized_shift","3x","10028","localized_3x_seed_10028","greedy-ls","1026017","1039781638"
"kittens.in","localized_shift","3x","10028","localized_3x_seed_10028","ocag","1026264","1039781638"
"kittens.in","localized_shift","3x","10028","localized_3x_seed_10028","ocag-ls","1026324","1039781638"
"kittens.in","localized_shift","3x","10029","localized_3x_seed_10029","baseline","54165","1039064384"
"kittens.in","localized_shift","3x","10029","localized_3x_seed_10029","greedy","1021813","1039064384"
"kittens.in","localized_shift","3x","10029","localized_3x_seed_10029","greedy-ls","1021872","1039064384"
"kittens.in","localized_shift","3x","10029","localized_3x_seed_10029","ocag","1022286","1039064384"
"kittens.in","localized_shift","3x","10029","localized_3x_seed_10029","ocag-ls","1022344","1039064384"
"kittens.in","localized_shift","3x","10030","localized_3x_seed_10030","baseline","53976","1040581412"
"kittens.in","localized_shift","3x","10030","localized_3x_seed_10030","greedy","1023338","1040581412"
"kittens.in","localized_shift","3x","10030","localized_3x_seed_10030","greedy-ls","1023393","1040581412"
"kittens.in","localized_shift","3x","10030","localized_3x_seed_10030","ocag","1023639","1040581412"
"kittens.in","localized_shift","3x","10030","localized_3x_seed_10030","ocag-ls","1023699","1040581412"
